[Sat Mar 21 03:37:36 2026] PHP 8.2.12 Development Server (http://localhost:8001) started
[Sat Mar 21 03:37:58 2026] [::1]:58547 Accepted
[Sat Mar 21 03:37:58 2026] [::1]:58547 [200]: HEAD /readme.html
[Sat Mar 21 03:37:58 2026] [::1]:58547 Closing
[Sat Mar 21 03:38:02 2026] [::1]:58551 Accepted
[Sat Mar 21 03:38:02 2026] [::1]:58551 [302]: GET /wp-json/wc/v3/products/categories?oauth_consumer_key=ck_3df78f67936a715de1ad0b89a7cb0300150ae2e7&oauth_nonce=13bc469fcd74a040aacc278431661adad58371cd&oauth_signature=8xVprqXT95jD6x%2FqVZUueYCtR0MpEf4Ah9Lav8BUjeY%3D&oauth_signature_method=HMAC-SHA256&oauth_timestamp=1774064282&per_page=1&search=%D8%B9%D8%B7%D9%88%D8%B1
[Sat Mar 21 03:38:02 2026] [::1]:58551 Closing
[Sat Mar 21 03:38:02 2026] [::1]:58553 Accepted
[Sat Mar 21 03:38:02 2026] [::1]:58553 [302]: GET /wp-json/wc/v3/products/categories?oauth_consumer_key=ck_3df78f67936a715de1ad0b89a7cb0300150ae2e7&oauth_nonce=4e27b46c2e4a8a12a4eb0dd9908ed6e313b452fa&oauth_signature=k9rKnFvrJy65sTvvzr8al9VHOzWQgdG2B3%2FYiA4hr8o%3D&oauth_signature_method=HMAC-SHA256&oauth_timestamp=1774064282&per_page=1&search=%D8%B3%D8%A7%D8%B9%D8%A7%D8%AA
[Sat Mar 21 03:38:02 2026] [::1]:58553 Closing
[Sat Mar 21 03:38:02 2026] [::1]:58555 Accepted
[Sat Mar 21 03:38:03 2026] [::1]:58555 [302]: GET /wp-json/wc/v3/products?featured=1&oauth_consumer_key=ck_3df78f67936a715de1ad0b89a7cb0300150ae2e7&oauth_nonce=95e6abf4bba9eb30ae4ad447c57f74f6fec781e4&oauth_signature=bhGdne8CVJ8%2F1%2Bd02hfA6Z5O4vWOz8FUluPYJPjSRmY%3D&oauth_signature_method=HMAC-SHA256&oauth_timestamp=1774064282&order=desc&orderby=date&per_page=8&status=publish
[Sat Mar 21 03:38:03 2026] [::1]:58555 Closing
[Sat Mar 21 03:39:33 2026] [::1]:51294 Accepted
[Sat Mar 21 03:39:33 2026] [::1]:51294 [302]: GET /wp-json/wc/v3/products/categories?oauth_consumer_key=ck_3df78f67936a715de1ad0b89a7cb0300150ae2e7&oauth_nonce=82eb4c173c0416b2376279a9c37cd40c9cb59b93&oauth_signature=MIUCEjPx3u7VHvsrXnGSMkRx0JxRyaoFueHLUvBHzn4%3D&oauth_signature_method=HMAC-SHA256&oauth_timestamp=1774064373&per_page=1&search=%D8%B9%D8%B7%D9%88%D8%B1
[Sat Mar 21 03:39:33 2026] [::1]:51294 Closing
[Sat Mar 21 03:39:33 2026] [::1]:51296 Accepted
[Sat Mar 21 03:39:33 2026] [::1]:51296 [302]: GET /wp-json/wc/v3/products/categories?oauth_consumer_key=ck_3df78f67936a715de1ad0b89a7cb0300150ae2e7&oauth_nonce=1f219fc344846bf3c3c95ea8e2bb3e4c582f8fe3&oauth_signature=hyAXzSHyBJixnhwuRKAzN7eRMFuGreWYjJwtL2ynN4M%3D&oauth_signature_method=HMAC-SHA256&oauth_timestamp=1774064373&per_page=1&search=%D8%B3%D8%A7%D8%B9%D8%A7%D8%AA
[Sat Mar 21 03:39:33 2026] [::1]:51296 Closing
[Sat Mar 21 03:39:33 2026] [::1]:51298 Accepted
[Sat Mar 21 03:39:33 2026] [::1]:51298 [302]: GET /wp-json/wc/v3/products?featured=1&oauth_consumer_key=ck_3df78f67936a715de1ad0b89a7cb0300150ae2e7&oauth_nonce=dc8bbc00c48ec6ada4677710473e9b890557488d&oauth_signature=jwQS72PrNoPWEQbi%2BI2bP%2F6MKbm1hKAXz%2BlhHDUzu%2Fg%3D&oauth_signature_method=HMAC-SHA256&oauth_timestamp=1774064373&order=desc&orderby=date&per_page=8&status=publish
[Sat Mar 21 03:39:33 2026] [::1]:51298 Closing
[Sat Mar 21 03:39:39 2026] [::1]:65454 Accepted
[Sat Mar 21 03:39:39 2026] [::1]:65454 [302]: GET /wp-json/wc/v3/products/categories?oauth_consumer_key=ck_3df78f67936a715de1ad0b89a7cb0300150ae2e7&oauth_nonce=ba8c9e756b090144979b47ea5d16f31dbb97d847&oauth_signature=sgOlFkfKYtEe0mIHA8SZLDHidGLQodtBke6bx1G7iHs%3D&oauth_signature_method=HMAC-SHA256&oauth_timestamp=1774064379&per_page=1&search=%D8%B9%D8%B7%D9%88%D8%B1
[Sat Mar 21 03:39:39 2026] [::1]:65454 Closing
[Sat Mar 21 03:39:39 2026] [::1]:65456 Accepted
[Sat Mar 21 03:39:40 2026] [::1]:65456 [302]: GET /wp-json/wc/v3/products/categories?oauth_consumer_key=ck_3df78f67936a715de1ad0b89a7cb0300150ae2e7&oauth_nonce=9d11c577909960c3dc6aa1712c2f2b2b18fae2fe&oauth_signature=WKwaTL2l0LJF4SSlshlusxBgnTB5MZJNoOAs7bRZj4o%3D&oauth_signature_method=HMAC-SHA256&oauth_timestamp=1774064379&per_page=1&search=%D8%B3%D8%A7%D8%B9%D8%A7%D8%AA
[Sat Mar 21 03:39:40 2026] [::1]:65456 Closing
[Sat Mar 21 03:39:40 2026] [::1]:65458 Accepted
[Sat Mar 21 03:39:40 2026] [::1]:65458 [302]: GET /wp-json/wc/v3/products?featured=1&oauth_consumer_key=ck_3df78f67936a715de1ad0b89a7cb0300150ae2e7&oauth_nonce=9550338922eaaca5f3a9844163031824707a1c5c&oauth_signature=khwARo0mk%2F1UcY3%2F%2BQRqhZk48pt7o2w8Ituo7kOWLqE%3D&oauth_signature_method=HMAC-SHA256&oauth_timestamp=1774064380&order=desc&orderby=date&per_page=8&status=publish
[Sat Mar 21 03:39:40 2026] [::1]:65458 Closing
[Sat Mar 21 03:39:41 2026] [::1]:53788 Accepted
[Sat Mar 21 03:39:41 2026] [::1]:53788 [302]: GET /wp-json/wc/v3/products/categories?oauth_consumer_key=ck_3df78f67936a715de1ad0b89a7cb0300150ae2e7&oauth_nonce=240d3138684a72cc0982f201d03bd0ff80f3bc7e&oauth_signature=5kGUrzgK%2BCBXhbBtOR0uZmve5HL7fZ0XOnmUyR%2Bv%2FA8%3D&oauth_signature_method=HMAC-SHA256&oauth_timestamp=1774064381&per_page=1&search=%D8%B9%D8%B7%D9%88%D8%B1
[Sat Mar 21 03:39:41 2026] [::1]:53788 Closing
[Sat Mar 21 03:39:41 2026] [::1]:53790 Accepted
[Sat Mar 21 03:39:41 2026] [::1]:53790 [302]: GET /wp-json/wc/v3/products/categories?oauth_consumer_key=ck_3df78f67936a715de1ad0b89a7cb0300150ae2e7&oauth_nonce=218fc921d1a1e3191926092e49ea7b9d550dc336&oauth_signature=FuCIj%2BPZiaiCKqCJInkW5orzJqOxoDKyzhCs4trTISY%3D&oauth_signature_method=HMAC-SHA256&oauth_timestamp=1774064381&per_page=1&search=%D8%B3%D8%A7%D8%B9%D8%A7%D8%AA
[Sat Mar 21 03:39:41 2026] [::1]:53790 Closing
[Sat Mar 21 03:39:41 2026] [::1]:53792 Accepted
[Sat Mar 21 03:39:42 2026] [::1]:53792 [302]: GET /wp-json/wc/v3/products?featured=1&oauth_consumer_key=ck_3df78f67936a715de1ad0b89a7cb0300150ae2e7&oauth_nonce=7e70ac7b569e29112ad054bfbb8291f7ece0d7e5&oauth_signature=vzZyjiKTrPhEk2swsXPfbNptfBV4NRn2aQ7pM%2BfNH1s%3D&oauth_signature_method=HMAC-SHA256&oauth_timestamp=1774064381&order=desc&orderby=date&per_page=8&status=publish
[Sat Mar 21 03:39:42 2026] [::1]:53792 Closing
[Sat Mar 21 03:39:51 2026] [::1]:63675 Accepted
[Sat Mar 21 03:39:51 2026] [::1]:63675 [302]: GET /wp-json/wc/v3/products/categories?oauth_consumer_key=ck_3df78f67936a715de1ad0b89a7cb0300150ae2e7&oauth_nonce=0501f57296bcbaa7d3dc1b5e4cd02661be6e2f08&oauth_signature=wgppA0Xuiv0Zr4ZroL2S1QiRseAIET1uzAHSqnVVlBA%3D&oauth_signature_method=HMAC-SHA256&oauth_timestamp=1774064391&per_page=1&search=%D8%B9%D8%B7%D9%88%D8%B1
[Sat Mar 21 03:39:51 2026] [::1]:63675 Closing
[Sat Mar 21 03:39:51 2026] [::1]:63677 Accepted
[Sat Mar 21 03:39:51 2026] [::1]:63677 [302]: GET /wp-json/wc/v3/products/categories?oauth_consumer_key=ck_3df78f67936a715de1ad0b89a7cb0300150ae2e7&oauth_nonce=1f833976293fc5faa6e6d06ae727ca7b12817cf0&oauth_signature=s2A%2Fa7gCoZWs4zhipqmMkAif2lR5k6URv%2BntVLwcN6Q%3D&oauth_signature_method=HMAC-SHA256&oauth_timestamp=1774064391&per_page=1&search=%D8%B3%D8%A7%D8%B9%D8%A7%D8%AA
[Sat Mar 21 03:39:51 2026] [::1]:63677 Closing
[Sat Mar 21 03:39:51 2026] [::1]:63679 Accepted
[Sat Mar 21 03:39:52 2026] [::1]:63679 [302]: GET /wp-json/wc/v3/products?featured=1&oauth_consumer_key=ck_3df78f67936a715de1ad0b89a7cb0300150ae2e7&oauth_nonce=06f88c507d04b5159f8b090e8e5eb4897c36252c&oauth_signature=bszTuZlSLr9ZDB3%2F0%2Bjy5w%2FThQFI0z9sMXb%2BmHYrdkQ%3D&oauth_signature_method=HMAC-SHA256&oauth_timestamp=1774064391&order=desc&orderby=date&per_page=8&status=publish
[Sat Mar 21 03:39:52 2026] [::1]:63679 Closing
[Sat Mar 21 03:48:46 2026] [::1]:61160 Accepted
[Sat Mar 21 03:48:46 2026] [::1]:61160 [302]: GET /wp-json/wc/v3/products/categories?oauth_consumer_key=ck_3df78f67936a715de1ad0b89a7cb0300150ae2e7&oauth_nonce=346542334ce187cc4a254e9cfa6faebb60bdf62d&oauth_signature=kB%2FLpHPWm7FjoSmk5vL4ACVGq9ps1RnNm29NvJT0qP4%3D&oauth_signature_method=HMAC-SHA256&oauth_timestamp=1774064926&per_page=1&search=%D9%82%D9%85%D8%B5%D8%A7%D9%86
[Sat Mar 21 03:48:46 2026] [::1]:61160 Closing
[Sat Mar 21 03:48:46 2026] [::1]:61162 Accepted
[Sat Mar 21 03:48:47 2026] [::1]:61162 [302]: GET /wp-json/wc/v3/products/categories?oauth_consumer_key=ck_3df78f67936a715de1ad0b89a7cb0300150ae2e7&oauth_nonce=08979f0b0861c32208cfbfa70da679349199de12&oauth_signature=8bP8ewCZFvZ%2BUfliMJIE%2BvWkaQYtigTp%2B3h72LUgQaM%3D&oauth_signature_method=HMAC-SHA256&oauth_timestamp=1774064926&per_page=1&search=%D8%AC%D8%A7%D9%83%D9%8A%D8%AA%D8%A7%D8%AA
[Sat Mar 21 03:48:47 2026] [::1]:61162 Closing
[Sat Mar 21 03:48:47 2026] [::1]:61164 Accepted
[Sat Mar 21 03:48:47 2026] [::1]:61164 [302]: GET /wp-json/wc/v3/products?featured=1&oauth_consumer_key=ck_3df78f67936a715de1ad0b89a7cb0300150ae2e7&oauth_nonce=086e735515bfdf183f7e6c7894fbd35f078f7389&oauth_signature=yYuzXYVFdF8fzRh%2FazcbJ09uZwC%2BiT%2Fk4JRpqPEG%2Bjo%3D&oauth_signature_method=HMAC-SHA256&oauth_timestamp=1774064927&order=desc&orderby=date&per_page=8&status=publish
[Sat Mar 21 03:48:47 2026] [::1]:61164 Closing
[Sat Mar 21 03:48:53 2026] [::1]:57731 Accepted
[Sat Mar 21 03:48:53 2026] [::1]:57731 [302]: GET /wp-json/wc/v3/products/categories?oauth_consumer_key=ck_3df78f67936a715de1ad0b89a7cb0300150ae2e7&oauth_nonce=e06b7cb89d3f128f8a71d14ee34162457d970dea&oauth_signature=cGccqGk03ujlW%2FMCjpHH%2BWBcxSmqXUcSZW6DeLECoa4%3D&oauth_signature_method=HMAC-SHA256&oauth_timestamp=1774064933&per_page=1&search=%D9%82%D9%85%D8%B5%D8%A7%D9%86
[Sat Mar 21 03:48:53 2026] [::1]:57731 Closing
[Sat Mar 21 03:48:53 2026] [::1]:57733 Accepted
[Sat Mar 21 03:48:54 2026] [::1]:57733 [302]: GET /wp-json/wc/v3/products/categories?oauth_consumer_key=ck_3df78f67936a715de1ad0b89a7cb0300150ae2e7&oauth_nonce=b88f64c0f6675167d0d93737cdbb9e088658e46b&oauth_signature=7TUbwc5gvujaIDUhT910FzFiStJcO%2FUubKnNuetilkc%3D&oauth_signature_method=HMAC-SHA256&oauth_timestamp=1774064933&per_page=1&search=%D8%AC%D8%A7%D9%83%D9%8A%D8%AA%D8%A7%D8%AA
[Sat Mar 21 03:48:54 2026] [::1]:57733 Closing
[Sat Mar 21 03:48:54 2026] [::1]:57735 Accepted
[Sat Mar 21 03:48:54 2026] [::1]:57735 [302]: GET /wp-json/wc/v3/products?featured=1&oauth_consumer_key=ck_3df78f67936a715de1ad0b89a7cb0300150ae2e7&oauth_nonce=942fda895e47ce7601ca201ebefb2d438bd092fd&oauth_signature=oQ8QCOyMmMp%2BGPVMBit8AZVFXMo20rAyLHHnszutkQg%3D&oauth_signature_method=HMAC-SHA256&oauth_timestamp=1774064934&order=desc&orderby=date&per_page=8&status=publish
[Sat Mar 21 03:48:54 2026] [::1]:57735 Closing
[Sat Mar 21 03:49:23 2026] [::1]:63643 Accepted
[Sat Mar 21 03:49:23 2026] [::1]:63643 [302]: GET /wp-json/wc/v3/products/categories?oauth_consumer_key=ck_3df78f67936a715de1ad0b89a7cb0300150ae2e7&oauth_nonce=64a0dd2402f050211f24d9af0bc34bd2f54eb7c7&oauth_signature=SAAl9cxhbb%2F0s7fvFzE%2BFky%2FfU5FCfriHSZATKB5Jbc%3D&oauth_signature_method=HMAC-SHA256&oauth_timestamp=1774064963&per_page=1&search=%D9%82%D9%85%D8%B5%D8%A7%D9%86
[Sat Mar 21 03:49:23 2026] [::1]:63643 Closing
[Sat Mar 21 03:49:23 2026] [::1]:63645 Accepted
[Sat Mar 21 03:49:24 2026] [::1]:63645 [302]: GET /wp-json/wc/v3/products/categories?oauth_consumer_key=ck_3df78f67936a715de1ad0b89a7cb0300150ae2e7&oauth_nonce=57524c5b5ea468a7a95060ab26f1794b8abe30ca&oauth_signature=Y%2FnoOLYDB63NuwVc7L0vOhFGVpIXS6LzcNhH%2B76217A%3D&oauth_signature_method=HMAC-SHA256&oauth_timestamp=1774064963&per_page=1&search=%D8%AC%D8%A7%D9%83%D9%8A%D8%AA%D8%A7%D8%AA
[Sat Mar 21 03:49:24 2026] [::1]:63645 Closing
[Sat Mar 21 03:49:24 2026] [::1]:63647 Accepted
[Sat Mar 21 03:49:24 2026] [::1]:63647 [302]: GET /wp-json/wc/v3/products?featured=1&oauth_consumer_key=ck_3df78f67936a715de1ad0b89a7cb0300150ae2e7&oauth_nonce=441d125683938f0df6ff65e61f82fb72aea22656&oauth_signature=lFthkxMCuegsWhN5sYxxziYVg8ktNlRfQp4jV2nbWyU%3D&oauth_signature_method=HMAC-SHA256&oauth_timestamp=1774064964&order=desc&orderby=date&per_page=8&status=publish
[Sat Mar 21 03:49:24 2026] [::1]:63647 Closing
[Sat Mar 21 03:49:42 2026] [::1]:60991 Accepted
[Sat Mar 21 03:49:43 2026] [::1]:60991 [302]: GET /wp-json/wc/v3/products/categories?oauth_consumer_key=ck_3df78f67936a715de1ad0b89a7cb0300150ae2e7&oauth_nonce=dccfa05220096c7a8677cd6e320920b771eddcb0&oauth_signature=v%2Bh5LEg6smeStg5wfS1cVGAEKONrLdX5jkAIXkPQ24o%3D&oauth_signature_method=HMAC-SHA256&oauth_timestamp=1774064982&per_page=1&search=%D9%82%D9%85%D8%B5%D8%A7%D9%86
[Sat Mar 21 03:49:43 2026] [::1]:60991 Closing
[Sat Mar 21 03:49:43 2026] [::1]:60993 Accepted
[Sat Mar 21 03:49:43 2026] [::1]:60993 [302]: GET /wp-json/wc/v3/products/categories?oauth_consumer_key=ck_3df78f67936a715de1ad0b89a7cb0300150ae2e7&oauth_nonce=d2f91b9dd4121e1cc0e92b0410c59da472cbc7dc&oauth_signature=g17kzkTUHSj6feJ4vJkWxuCcf2j9XJRsO4fKjDXhoxI%3D&oauth_signature_method=HMAC-SHA256&oauth_timestamp=1774064983&per_page=1&search=%D8%AC%D8%A7%D9%83%D9%8A%D8%AA%D8%A7%D8%AA
[Sat Mar 21 03:49:43 2026] [::1]:60993 Closing
[Sat Mar 21 03:49:43 2026] [::1]:60995 Accepted
[Sat Mar 21 03:49:44 2026] [::1]:60995 [302]: GET /wp-json/wc/v3/products?featured=1&oauth_consumer_key=ck_3df78f67936a715de1ad0b89a7cb0300150ae2e7&oauth_nonce=718afbc028e36e0bb44bb29f7ca7c1c32e80edf0&oauth_signature=bJZnyABbGlEiKlCExoyJ9b161rLFG933qjXYKOV%2F7Vk%3D&oauth_signature_method=HMAC-SHA256&oauth_timestamp=1774064983&order=desc&orderby=date&per_page=8&status=publish
[Sat Mar 21 03:49:44 2026] [::1]:60995 Closing
[Sat Mar 21 03:51:18 2026] [::1]:64529 Accepted
[Sat Mar 21 03:51:19 2026] [::1]:64529 [302]: GET /wp-json/wc/v3/products/categories?oauth_consumer_key=ck_3df78f67936a715de1ad0b89a7cb0300150ae2e7&oauth_nonce=1c25a209d462b546b758f17d185c2713f1d0e1a5&oauth_signature=kiQK09jKAFaQWY%2FT6Sjt2FTCiWZfiqTWi9TqYojmYZQ%3D&oauth_signature_method=HMAC-SHA256&oauth_timestamp=1774065078&per_page=1&search=%D9%82%D9%85%D8%B5%D8%A7%D9%86
[Sat Mar 21 03:51:19 2026] [::1]:64529 Closing
[Sat Mar 21 03:51:19 2026] [::1]:64531 Accepted
[Sat Mar 21 03:51:20 2026] [::1]:64531 [302]: GET /wp-json/wc/v3/products/categories?oauth_consumer_key=ck_3df78f67936a715de1ad0b89a7cb0300150ae2e7&oauth_nonce=bf642788ffffca008dc06bdc71aca68f74f3d4f7&oauth_signature=FxTf4NfcxncxCgMX703NYJYuNRyyVKsCbtEwU4lscJw%3D&oauth_signature_method=HMAC-SHA256&oauth_timestamp=1774065079&per_page=1&search=%D8%AC%D8%A7%D9%83%D9%8A%D8%AA%D8%A7%D8%AA
[Sat Mar 21 03:51:20 2026] [::1]:64531 Closing
[Sat Mar 21 03:51:20 2026] [::1]:64533 Accepted
[Sat Mar 21 03:51:20 2026] [::1]:64533 [302]: GET /wp-json/wc/v3/products?featured=1&oauth_consumer_key=ck_3df78f67936a715de1ad0b89a7cb0300150ae2e7&oauth_nonce=8116ae74dcfa8001971ed656a251414202225b46&oauth_signature=ETumy%2FdtOTTl8d7pPdnxG9%2FNeopZa8QpexbZHAY%2BzfQ%3D&oauth_signature_method=HMAC-SHA256&oauth_timestamp=1774065080&order=desc&orderby=date&per_page=8&status=publish
[Sat Mar 21 03:51:20 2026] [::1]:64533 Closing
[Sat Mar 21 03:53:44 2026] [::1]:57616 Accepted
[Sat Mar 21 03:53:44 2026] [::1]:57616 [302]: GET /wp-json/wc/v3/products/categories?oauth_consumer_key=ck_3df78f67936a715de1ad0b89a7cb0300150ae2e7&oauth_nonce=d0982f52cb87daf2bb9f7e70ff340b012dfac217&oauth_signature=nWmww8hFUAnzugPg17716egDyh9sax95nexAU%2FMer1I%3D&oauth_signature_method=HMAC-SHA256&oauth_timestamp=1774065224&per_page=1&search=%D9%82%D9%85%D8%B5%D8%A7%D9%86
[Sat Mar 21 03:53:44 2026] [::1]:57616 Closing
[Sat Mar 21 03:53:44 2026] [::1]:57618 Accepted
[Sat Mar 21 03:53:44 2026] [::1]:57618 [302]: GET /wp-json/wc/v3/products/categories?oauth_consumer_key=ck_3df78f67936a715de1ad0b89a7cb0300150ae2e7&oauth_nonce=558a171ce785be251d6af6e91347d84ffb28e6e7&oauth_signature=phvZiLRft3fO9vJ0YQB3y6LjT79gBFru8wuMTPiT9Tc%3D&oauth_signature_method=HMAC-SHA256&oauth_timestamp=1774065224&per_page=1&search=%D8%AC%D8%A7%D9%83%D9%8A%D8%AA%D8%A7%D8%AA
[Sat Mar 21 03:53:44 2026] [::1]:57618 Closing
[Sat Mar 21 03:53:44 2026] [::1]:57620 Accepted
[Sat Mar 21 03:53:45 2026] [::1]:57620 [302]: GET /wp-json/wc/v3/products?featured=1&oauth_consumer_key=ck_3df78f67936a715de1ad0b89a7cb0300150ae2e7&oauth_nonce=a46f59e23638e0a9e9031383b61991fd9ed749e2&oauth_signature=V1MEoaT%2FRtXog0C9I9AVb2PJrvXx74exd4gHyXysbaE%3D&oauth_signature_method=HMAC-SHA256&oauth_timestamp=1774065224&order=desc&orderby=date&per_page=8&status=publish
[Sat Mar 21 03:53:45 2026] [::1]:57620 Closing
[Sat Mar 21 03:53:54 2026] [::1]:62692 Accepted
[Sat Mar 21 03:53:54 2026] [::1]:62692 [302]: GET /wp-json/wc/v3/products/categories?oauth_consumer_key=ck_3df78f67936a715de1ad0b89a7cb0300150ae2e7&oauth_nonce=9921d6cf041c6d715b9a0c4a97b9df96ed6da26c&oauth_signature=GFRUIyKTL%2FkhyUAjCbTbwDsvBAewNetVX%2Btkf7NG4EA%3D&oauth_signature_method=HMAC-SHA256&oauth_timestamp=1774065234&per_page=1&search=%D9%82%D9%85%D8%B5%D8%A7%D9%86
[Sat Mar 21 03:53:54 2026] [::1]:62692 Closing
[Sat Mar 21 03:53:54 2026] [::1]:62694 Accepted
[Sat Mar 21 03:53:55 2026] [::1]:62694 [302]: GET /wp-json/wc/v3/products/categories?oauth_consumer_key=ck_3df78f67936a715de1ad0b89a7cb0300150ae2e7&oauth_nonce=72c2cc40a17d799288a56b1a0ba0e7efacd84da2&oauth_signature=90urSzSMj4RTChSP5HwC4VYWYUi8DBlh0btRpap7UAI%3D&oauth_signature_method=HMAC-SHA256&oauth_timestamp=1774065234&per_page=1&search=%D8%AC%D8%A7%D9%83%D9%8A%D8%AA%D8%A7%D8%AA
[Sat Mar 21 03:53:55 2026] [::1]:62694 Closing
[Sat Mar 21 03:53:55 2026] [::1]:62696 Accepted
[Sat Mar 21 03:53:55 2026] [::1]:62696 [302]: GET /wp-json/wc/v3/products?featured=1&oauth_consumer_key=ck_3df78f67936a715de1ad0b89a7cb0300150ae2e7&oauth_nonce=b597f3d5c5a390d0b7fd6181ae66cad4071cd343&oauth_signature=jkA0K4KoFmKYGrybjLB2uFpcVjWz%2F3NN2VXqAuE4Z%2Bs%3D&oauth_signature_method=HMAC-SHA256&oauth_timestamp=1774065235&order=desc&orderby=date&per_page=8&status=publish
[Sat Mar 21 03:53:55 2026] [::1]:62696 Closing
[Sat Mar 21 03:58:17 2026] [::1]:60257 Accepted
[Sat Mar 21 03:58:17 2026] [::1]:60257 [302]: GET /wp-json/wc/v3/products/categories?oauth_consumer_key=ck_3df78f67936a715de1ad0b89a7cb0300150ae2e7&oauth_nonce=89eea0d82bbda166cb69ddd2ccf1d0c7bc81d287&oauth_signature=QTgpEOkNwApaiEJqancjggSir6PGfgQ0foXhogGu45k%3D&oauth_signature_method=HMAC-SHA256&oauth_timestamp=1774065497&per_page=1&search=%D9%82%D9%85%D8%B5%D8%A7%D9%86
[Sat Mar 21 03:58:17 2026] [::1]:60257 Closing
[Sat Mar 21 03:58:17 2026] [::1]:60259 Accepted
[Sat Mar 21 03:58:17 2026] [::1]:60259 [302]: GET /wp-json/wc/v3/products/categories?oauth_consumer_key=ck_3df78f67936a715de1ad0b89a7cb0300150ae2e7&oauth_nonce=b6c31f95a08606f081ad296d956ac70135a3705c&oauth_signature=encBi9h8%2FbV6cYsDomJE7%2FSfhj5IYAl018%2F54eKIuaE%3D&oauth_signature_method=HMAC-SHA256&oauth_timestamp=1774065497&per_page=1&search=%D8%AC%D8%A7%D9%83%D9%8A%D8%AA%D8%A7%D8%AA
[Sat Mar 21 03:58:17 2026] [::1]:60259 Closing
[Sat Mar 21 03:58:17 2026] [::1]:60262 Accepted
[Sat Mar 21 03:58:18 2026] [::1]:60262 [302]: GET /wp-json/wc/v3/products?featured=1&oauth_consumer_key=ck_3df78f67936a715de1ad0b89a7cb0300150ae2e7&oauth_nonce=77e485f298721141636689c06f95e8e8d77a3df9&oauth_signature=chjjQhYVX%2FtnLtDVgamQ%2FJvwH8SOEqpP1W6YG42ZC6I%3D&oauth_signature_method=HMAC-SHA256&oauth_timestamp=1774065497&order=desc&orderby=date&per_page=8&status=publish
[Sat Mar 21 03:58:18 2026] [::1]:60262 Closing
[Sat Mar 21 03:58:24 2026] [::1]:57112 Accepted
[Sat Mar 21 03:58:25 2026] [::1]:57112 [302]: GET /wp-json/wc/v3/products/categories?oauth_consumer_key=ck_3df78f67936a715de1ad0b89a7cb0300150ae2e7&oauth_nonce=f401c2202d2d124b8e4048805cbfe120d35e8419&oauth_signature=3%2FGe%2BLRvD8msPsZxR84vrp1mqjJQu1LF0CHVvng%2BT0M%3D&oauth_signature_method=HMAC-SHA256&oauth_timestamp=1774065504&per_page=1&search=%D9%82%D9%85%D8%B5%D8%A7%D9%86
[Sat Mar 21 03:58:25 2026] [::1]:57112 Closing
[Sat Mar 21 03:58:25 2026] [::1]:57115 Accepted
[Sat Mar 21 03:58:25 2026] [::1]:57115 [302]: GET /wp-json/wc/v3/products/categories?oauth_consumer_key=ck_3df78f67936a715de1ad0b89a7cb0300150ae2e7&oauth_nonce=7310bfaa159034ac05e1e240f161dfd5ce3fe4cd&oauth_signature=DfcKx7M4rIjvzt3fOuNiZzRllp%2FR1KgYiKOOl%2B%2FN3o8%3D&oauth_signature_method=HMAC-SHA256&oauth_timestamp=1774065505&per_page=1&search=%D8%AC%D8%A7%D9%83%D9%8A%D8%AA%D8%A7%D8%AA
[Sat Mar 21 03:58:25 2026] [::1]:57115 Closing
[Sat Mar 21 03:58:25 2026] [::1]:52651 Accepted
[Sat Mar 21 03:58:26 2026] [::1]:52651 [302]: GET /wp-json/wc/v3/products?featured=1&oauth_consumer_key=ck_3df78f67936a715de1ad0b89a7cb0300150ae2e7&oauth_nonce=5250bc67728369afca99d28a9f2c7a5324c32db2&oauth_signature=50UGllD6Mt8Yi4yMkSkTfiQ4jBhwcNhRVVe030GthtI%3D&oauth_signature_method=HMAC-SHA256&oauth_timestamp=1774065505&order=desc&orderby=date&per_page=8&status=publish
[Sat Mar 21 03:58:26 2026] [::1]:52651 Closing
[Sat Mar 21 03:58:35 2026] [::1]:57183 Accepted
[Sat Mar 21 03:58:35 2026] [::1]:57183 [302]: GET /wp-json/wc/v3/products/categories?oauth_consumer_key=ck_3df78f67936a715de1ad0b89a7cb0300150ae2e7&oauth_nonce=b9063ab7c99a1486ca107f96c2534fd96135cc20&oauth_signature=Eslhqn0YP69rSJR4%2F5ix9OfXJmWOKSzPtdHvE03UFLw%3D&oauth_signature_method=HMAC-SHA256&oauth_timestamp=1774065515&per_page=1&search=%D9%82%D9%85%D8%B5%D8%A7%D9%86
[Sat Mar 21 03:58:35 2026] [::1]:57183 Closing
[Sat Mar 21 03:58:35 2026] [::1]:57185 Accepted
[Sat Mar 21 03:58:35 2026] [::1]:57185 [302]: GET /wp-json/wc/v3/products/categories?oauth_consumer_key=ck_3df78f67936a715de1ad0b89a7cb0300150ae2e7&oauth_nonce=ecf9d6898a4662d9ac98753c7d14231e41bc0821&oauth_signature=oujx%2Bzf0MQnxQei2WEydK7NjWOGls8Bj3LPi%2Bv%2FN8IE%3D&oauth_signature_method=HMAC-SHA256&oauth_timestamp=1774065515&per_page=1&search=%D8%AC%D8%A7%D9%83%D9%8A%D8%AA%D8%A7%D8%AA
[Sat Mar 21 03:58:35 2026] [::1]:57185 Closing
[Sat Mar 21 03:58:35 2026] [::1]:57187 Accepted
[Sat Mar 21 03:58:36 2026] [::1]:57187 [302]: GET /wp-json/wc/v3/products?featured=1&oauth_consumer_key=ck_3df78f67936a715de1ad0b89a7cb0300150ae2e7&oauth_nonce=f2d09f2e0798443d65460b099b43419f76be867d&oauth_signature=yZrM7gJO%2Fyhk5whktf7LlKHEHakPjZogmfw%2FyDj5n1M%3D&oauth_signature_method=HMAC-SHA256&oauth_timestamp=1774065515&order=desc&orderby=date&per_page=8&status=publish
[Sat Mar 21 03:58:36 2026] [::1]:57187 Closing
[Sat Mar 21 04:06:00 2026] [::1]:57762 Accepted
[Sat Mar 21 04:06:01 2026] [::1]:57762 [302]: GET /wp-json/wc/v3/products/categories?oauth_consumer_key=ck_3df78f67936a715de1ad0b89a7cb0300150ae2e7&oauth_nonce=5dc3c5bc4276df3f5a3e258724432312ac1b45c5&oauth_signature=EMmXsznQh3X687fS%2BCNYni8dkZXiGGbd%2FwMZOZgRQRI%3D&oauth_signature_method=HMAC-SHA256&oauth_timestamp=1774065960&per_page=1&search=%D9%82%D9%85%D8%B5%D8%A7%D9%86
[Sat Mar 21 04:06:01 2026] [::1]:57762 Closing
[Sat Mar 21 04:06:01 2026] [::1]:57765 Accepted
[Sat Mar 21 04:06:01 2026] [::1]:57765 [302]: GET /wp-json/wc/v3/products/categories?oauth_consumer_key=ck_3df78f67936a715de1ad0b89a7cb0300150ae2e7&oauth_nonce=5a98d3922b2c56845eb03806020c7f2d945b6f33&oauth_signature=cYIe20Y%2F1Uebc9dfCxPZh7lN6%2BnHvLoOYHJ9%2BcyC%2BhA%3D&oauth_signature_method=HMAC-SHA256&oauth_timestamp=1774065961&per_page=1&search=%D8%AC%D8%A7%D9%83%D9%8A%D8%AA%D8%A7%D8%AA
[Sat Mar 21 04:06:01 2026] [::1]:57765 Closing
[Sat Mar 21 04:06:01 2026] [::1]:57767 Accepted
[Sat Mar 21 04:06:01 2026] [::1]:57767 [302]: GET /wp-json/wc/v3/products?featured=1&oauth_consumer_key=ck_3df78f67936a715de1ad0b89a7cb0300150ae2e7&oauth_nonce=529829a8d527aaa4b1b3165ea4bea68a80f3ed63&oauth_signature=bnBAB0lBP%2BmA2QG5mS7ZqbCzgUb9mgynWfBzXraI4WU%3D&oauth_signature_method=HMAC-SHA256&oauth_timestamp=1774065961&order=desc&orderby=date&per_page=8&status=publish
[Sat Mar 21 04:06:01 2026] [::1]:57767 Closing
[Sat Mar 21 04:06:58 2026] [::1]:57802 Accepted
[Sat Mar 21 04:06:59 2026] [::1]:57802 [302]: GET /wp-json/wc/v3/products/categories?oauth_consumer_key=ck_3df78f67936a715de1ad0b89a7cb0300150ae2e7&oauth_nonce=75273332a414ff36d8bbdca8dea84894c6af4d71&oauth_signature=bU0l54tb0YDsfDlOCOtRxhRsz8ZpmyYoLtt%2BIw00CPQ%3D&oauth_signature_method=HMAC-SHA256&oauth_timestamp=1774066018&per_page=1&search=%D9%82%D9%85%D8%B5%D8%A7%D9%86
[Sat Mar 21 04:06:59 2026] [::1]:57802 Closing
[Sat Mar 21 04:06:59 2026] [::1]:57804 Accepted
[Sat Mar 21 04:06:59 2026] [::1]:57804 [302]: GET /wp-json/wc/v3/products/categories?oauth_consumer_key=ck_3df78f67936a715de1ad0b89a7cb0300150ae2e7&oauth_nonce=5aa8d5f1e22f28869e5838fca2c9fe81f301ed58&oauth_signature=KGj%2Btke5yOVIEVtuitUIhqQYSnOLfctdWVHK0RHTDXk%3D&oauth_signature_method=HMAC-SHA256&oauth_timestamp=1774066019&per_page=1&search=%D8%AC%D8%A7%D9%83%D9%8A%D8%AA%D8%A7%D8%AA
[Sat Mar 21 04:06:59 2026] [::1]:57804 Closing
[Sat Mar 21 04:06:59 2026] [::1]:57806 Accepted
[Sat Mar 21 04:06:59 2026] [::1]:57806 [302]: GET /wp-json/wc/v3/products?featured=1&oauth_consumer_key=ck_3df78f67936a715de1ad0b89a7cb0300150ae2e7&oauth_nonce=4b82eec15f422cbfc11629a95ef8598c4ee73e7a&oauth_signature=QvcdTXAX1Cy1f1BLsBQWQgBYcav7SWtYbWs7j%2F8l9Ks%3D&oauth_signature_method=HMAC-SHA256&oauth_timestamp=1774066019&order=desc&orderby=date&per_page=8&status=publish
[Sat Mar 21 04:06:59 2026] [::1]:57806 Closing
[Sat Mar 21 04:07:27 2026] [::1]:57837 Accepted
[Sat Mar 21 04:07:27 2026] [::1]:57837 [302]: GET /wp-json/wc/v3/products/categories?oauth_consumer_key=ck_3df78f67936a715de1ad0b89a7cb0300150ae2e7&oauth_nonce=2468b3950586c4a1cf644d33c9d1420953a65cf7&oauth_signature=4LnQfUDY9gBcZ1EOxj7sy9xFvSmSj1fon1i%2FUV%2BZQk8%3D&oauth_signature_method=HMAC-SHA256&oauth_timestamp=1774066047&per_page=1&search=%D9%82%D9%85%D8%B5%D8%A7%D9%86
[Sat Mar 21 04:07:27 2026] [::1]:57837 Closing
[Sat Mar 21 04:07:27 2026] [::1]:57839 Accepted
[Sat Mar 21 04:07:27 2026] [::1]:57839 [302]: GET /wp-json/wc/v3/products/categories?oauth_consumer_key=ck_3df78f67936a715de1ad0b89a7cb0300150ae2e7&oauth_nonce=76e265ffba3253d58f8323601ec603a87ddedd42&oauth_signature=OmG1NI4CCe4SuwBTfSgpB53HrfQ%2BuWYi0cW4JTCxTno%3D&oauth_signature_method=HMAC-SHA256&oauth_timestamp=1774066047&per_page=1&search=%D8%AC%D8%A7%D9%83%D9%8A%D8%AA%D8%A7%D8%AA
[Sat Mar 21 04:07:27 2026] [::1]:57839 Closing
[Sat Mar 21 04:07:27 2026] [::1]:57841 Accepted
[Sat Mar 21 04:07:27 2026] [::1]:57841 [302]: GET /wp-json/wc/v3/products?featured=1&oauth_consumer_key=ck_3df78f67936a715de1ad0b89a7cb0300150ae2e7&oauth_nonce=2a73175d7bac3c94e073896b626309cd0f74cb95&oauth_signature=7KJEh9CJIJvBn07qJfo2iBOjVtyo7%2FYrHJ5Yqdg3sos%3D&oauth_signature_method=HMAC-SHA256&oauth_timestamp=1774066047&order=desc&orderby=date&per_page=8&status=publish
[Sat Mar 21 04:07:27 2026] [::1]:57841 Closing
[Sat Mar 21 04:09:05 2026] [::1]:51431 Accepted
[Sat Mar 21 04:09:06 2026] [::1]:51431 [302]: GET /wp-json/wc/v3/products/categories?oauth_consumer_key=ck_3df78f67936a715de1ad0b89a7cb0300150ae2e7&oauth_nonce=796b6b4a0119d365a71dd5ffb15a5b06cf7caec1&oauth_signature=KKRDUIViC03LUC9EF8ctgpuCU%2BK2TYzmcly5hIIlKNM%3D&oauth_signature_method=HMAC-SHA256&oauth_timestamp=1774066145&per_page=1&search=%D9%82%D9%85%D8%B5%D8%A7%D9%86
[Sat Mar 21 04:09:06 2026] [::1]:51431 Closing
[Sat Mar 21 04:09:06 2026] [::1]:55309 Accepted
[Sat Mar 21 04:09:06 2026] [::1]:55309 [302]: GET /wp-json/wc/v3/products/categories?oauth_consumer_key=ck_3df78f67936a715de1ad0b89a7cb0300150ae2e7&oauth_nonce=468b3562092cc45d133d1beeced4fe5f52ce2113&oauth_signature=CH4U%2FrP9bVtabwOSwq0L8OCheUFeUpSVbEAvn%2BDyaeA%3D&oauth_signature_method=HMAC-SHA256&oauth_timestamp=1774066146&per_page=1&search=%D8%AC%D8%A7%D9%83%D9%8A%D8%AA%D8%A7%D8%AA
[Sat Mar 21 04:09:06 2026] [::1]:55309 Closing
[Sat Mar 21 04:09:06 2026] [::1]:55311 Accepted
[Sat Mar 21 04:09:06 2026] [::1]:55311 [302]: GET /wp-json/wc/v3/products?featured=1&oauth_consumer_key=ck_3df78f67936a715de1ad0b89a7cb0300150ae2e7&oauth_nonce=ad360975bcd7fe928e21f2b70b187b293ae4fdef&oauth_signature=0aGu8RVNhsdxJvtyE7b5kJeno%2BgPAOM3V%2Bdc2O%2FhEAg%3D&oauth_signature_method=HMAC-SHA256&oauth_timestamp=1774066146&order=desc&orderby=date&per_page=8&status=publish
[Sat Mar 21 04:09:06 2026] [::1]:55311 Closing
[Sat Mar 21 04:09:09 2026] [::1]:57328 Accepted
[Sat Mar 21 04:09:10 2026] [::1]:57328 [302]: GET /wp-json/wc/v3/products/49?oauth_consumer_key=ck_3df78f67936a715de1ad0b89a7cb0300150ae2e7&oauth_nonce=edab658a3a23a541865add1d90d089e2993e06db&oauth_signature=PZ6M15aGmIaF91l701oYN7Vs3IGLQ7%2BTHaNgICTVKCk%3D&oauth_signature_method=HMAC-SHA256&oauth_timestamp=1774066149
[Sat Mar 21 04:09:10 2026] [::1]:57328 Closing
[Sat Mar 21 04:09:10 2026] [::1]:57332 Accepted
[Sat Mar 21 04:09:10 2026] [::1]:57332 [302]: GET /wp-json/wc/v3/products/categories?hide_empty=1&oauth_consumer_key=ck_3df78f67936a715de1ad0b89a7cb0300150ae2e7&oauth_nonce=9f04382183a6ee0e25ec51f28090e8e8ff220e84&oauth_signature=uLtkmMITfxEYHJyJ4IoSwSH4MzKg9%2BuKn%2BqrPCrMoI0%3D&oauth_signature_method=HMAC-SHA256&oauth_timestamp=1774066150&per_page=100
[Sat Mar 21 04:09:10 2026] [::1]:57332 Closing
[Sat Mar 21 04:09:11 2026] [::1]:60806 Accepted
[Sat Mar 21 04:09:12 2026] [::1]:60806 [302]: GET /wp-json/wc/v3/products/categories?oauth_consumer_key=ck_3df78f67936a715de1ad0b89a7cb0300150ae2e7&oauth_nonce=1959695b96bfc74be00c0426f462cf1c6c46f14a&oauth_signature=aAe6uvrz%2F6zGNrtyzkXGta5EzT3qF63j3ftrGyNbdv0%3D&oauth_signature_method=HMAC-SHA256&oauth_timestamp=1774066151&per_page=1&search=%D9%82%D9%85%D8%B5%D8%A7%D9%86
[Sat Mar 21 04:09:12 2026] [::1]:60806 Closing
[Sat Mar 21 04:09:12 2026] [::1]:60808 Accepted
[Sat Mar 21 04:09:12 2026] [::1]:60808 [302]: GET /wp-json/wc/v3/products/categories?oauth_consumer_key=ck_3df78f67936a715de1ad0b89a7cb0300150ae2e7&oauth_nonce=212ddd301ef4a3260e4e25c62c8225bb86c8fe18&oauth_signature=nQ%2FIpzJ%2Fel5EEes0vyn0B46gsBY6HOnwMgMuEAo2OcQ%3D&oauth_signature_method=HMAC-SHA256&oauth_timestamp=1774066152&per_page=1&search=%D8%AC%D8%A7%D9%83%D9%8A%D8%AA%D8%A7%D8%AA
[Sat Mar 21 04:09:12 2026] [::1]:60808 Closing
[Sat Mar 21 04:09:12 2026] [::1]:60811 Accepted
[Sat Mar 21 04:09:12 2026] [::1]:60811 [302]: GET /wp-json/wc/v3/products?featured=1&oauth_consumer_key=ck_3df78f67936a715de1ad0b89a7cb0300150ae2e7&oauth_nonce=6ca2b70cb83b05b48dd6ff7d48e6d2ddec1ef072&oauth_signature=rMxyTb9b1k2Qmar%2FMGt95TfqNcNTio8ukMBfBiDoB9U%3D&oauth_signature_method=HMAC-SHA256&oauth_timestamp=1774066152&order=desc&orderby=date&per_page=8&status=publish
[Sat Mar 21 04:09:12 2026] [::1]:60811 Closing
[Sat Mar 21 04:09:13 2026] [::1]:55229 Accepted
[Sat Mar 21 04:09:13 2026] [::1]:55229 [302]: GET /wp-json/wc/v3/products/categories?oauth_consumer_key=ck_3df78f67936a715de1ad0b89a7cb0300150ae2e7&oauth_nonce=69d1ada0d22505e50dab4d1ab8a64793409f94f8&oauth_signature=EdM%2Fqw2tCu3FHcZiZ9WHUmOOqtKF0qLY%2FAuh%2FbV3p20%3D&oauth_signature_method=HMAC-SHA256&oauth_timestamp=1774066153&per_page=1&search=%D9%82%D9%85%D8%B5%D8%A7%D9%86
[Sat Mar 21 04:09:13 2026] [::1]:55229 Closing
[Sat Mar 21 04:09:13 2026] [::1]:55231 Accepted
[Sat Mar 21 04:09:13 2026] [::1]:55231 [302]: GET /wp-json/wc/v3/products/categories?oauth_consumer_key=ck_3df78f67936a715de1ad0b89a7cb0300150ae2e7&oauth_nonce=b5591e94aed0752d09ce6f6cf89eb710f947af3c&oauth_signature=bOOU3rBuId7ICv18JaZVzf7ZkmMvbVPGcxHmr11Wv6g%3D&oauth_signature_method=HMAC-SHA256&oauth_timestamp=1774066153&per_page=1&search=%D8%AC%D8%A7%D9%83%D9%8A%D8%AA%D8%A7%D8%AA
[Sat Mar 21 04:09:13 2026] [::1]:55231 Closing
[Sat Mar 21 04:09:13 2026] [::1]:55233 Accepted
[Sat Mar 21 04:09:13 2026] [::1]:55233 [302]: GET /wp-json/wc/v3/products?featured=1&oauth_consumer_key=ck_3df78f67936a715de1ad0b89a7cb0300150ae2e7&oauth_nonce=171421e6e5cf111541a6e9757e05ad034f2af029&oauth_signature=FVoSgNviMSBCx%2FxcO0hWHcwifJKY5DR8r2jt7a%2BmPlM%3D&oauth_signature_method=HMAC-SHA256&oauth_timestamp=1774066153&order=desc&orderby=date&per_page=8&status=publish
[Sat Mar 21 04:09:13 2026] [::1]:55233 Closing
[Sat Mar 21 04:14:12 2026] [::1]:59207 Accepted
[Sat Mar 21 04:14:12 2026] [::1]:59207 [302]: GET /wp-json/wc/v3/products/categories?oauth_consumer_key=ck_3df78f67936a715de1ad0b89a7cb0300150ae2e7&oauth_nonce=b4a21922a02e678a0cdb6a25769cb6b4cb988551&oauth_signature=Lk6jduDJsN0usX3klNzktYtrVlgJ7JHGoteOLV7n6cA%3D&oauth_signature_method=HMAC-SHA256&oauth_timestamp=1774066452&per_page=1&search=%D9%82%D9%85%D8%B5%D8%A7%D9%86
[Sat Mar 21 04:14:12 2026] [::1]:59207 Closing
[Sat Mar 21 04:14:12 2026] [::1]:59210 Accepted
[Sat Mar 21 04:14:13 2026] [::1]:59210 [302]: GET /wp-json/wc/v3/products/categories?oauth_consumer_key=ck_3df78f67936a715de1ad0b89a7cb0300150ae2e7&oauth_nonce=378c55c2533b81d72d873250336338ad7912b71a&oauth_signature=XcYv8Nz%2F0x7ATDuGoMD6tT2Sk53EJMtM%2F98OzMFg2z4%3D&oauth_signature_method=HMAC-SHA256&oauth_timestamp=1774066452&per_page=1&search=%D8%AC%D8%A7%D9%83%D9%8A%D8%AA%D8%A7%D8%AA
[Sat Mar 21 04:14:13 2026] [::1]:59210 Closing
[Sat Mar 21 04:14:13 2026] [::1]:59212 Accepted
[Sat Mar 21 04:14:13 2026] [::1]:59212 [302]: GET /wp-json/wc/v3/products?featured=1&oauth_consumer_key=ck_3df78f67936a715de1ad0b89a7cb0300150ae2e7&oauth_nonce=6d9319c3bb8c419b3026de91600533be1259d000&oauth_signature=9kMhRm5JbPs3PSlOJhX881Sk1eOpiq0hUGi0s5s3Pl8%3D&oauth_signature_method=HMAC-SHA256&oauth_timestamp=1774066453&order=desc&orderby=date&per_page=8&status=publish
[Sat Mar 21 04:14:13 2026] [::1]:59212 Closing
[Sat Mar 21 04:14:19 2026] [::1]:60093 Accepted
[Sat Mar 21 04:14:19 2026] [::1]:60093 [302]: GET /wp-json/wc/v3/products/categories?oauth_consumer_key=ck_3df78f67936a715de1ad0b89a7cb0300150ae2e7&oauth_nonce=035e4796634fc4ede5bff4a9ecc86bc4f20d3b16&oauth_signature=Lq3TRbAkAD17QHG2srIuMWGOJpfRIYHSTam6XTAi55A%3D&oauth_signature_method=HMAC-SHA256&oauth_timestamp=1774066459&per_page=1&search=%D9%82%D9%85%D8%B5%D8%A7%D9%86
[Sat Mar 21 04:14:19 2026] [::1]:60093 Closing
[Sat Mar 21 04:14:19 2026] [::1]:60095 Accepted
[Sat Mar 21 04:14:19 2026] [::1]:60095 [302]: GET /wp-json/wc/v3/products/categories?oauth_consumer_key=ck_3df78f67936a715de1ad0b89a7cb0300150ae2e7&oauth_nonce=b11add4f8d0e59dce30f55ab6f8a223f7bfbb977&oauth_signature=%2Bx2Yqbo%2B6oH%2BLRxEwtEJ%2Bk3G6FhB4PvMY2XMeFhFsfY%3D&oauth_signature_method=HMAC-SHA256&oauth_timestamp=1774066459&per_page=1&search=%D8%AC%D8%A7%D9%83%D9%8A%D8%AA%D8%A7%D8%AA
[Sat Mar 21 04:14:19 2026] [::1]:60095 Closing
[Sat Mar 21 04:14:19 2026] [::1]:60097 Accepted
[Sat Mar 21 04:14:20 2026] [::1]:60097 [302]: GET /wp-json/wc/v3/products?featured=1&oauth_consumer_key=ck_3df78f67936a715de1ad0b89a7cb0300150ae2e7&oauth_nonce=3a8e4802c55d30d44daa10fa5678d3c2b3a1b10e&oauth_signature=g4pnZdogZLIJfOdyUci7f5KDP%2FBG5weK8LuM%2BohN3JY%3D&oauth_signature_method=HMAC-SHA256&oauth_timestamp=1774066459&order=desc&orderby=date&per_page=8&status=publish
[Sat Mar 21 04:14:20 2026] [::1]:60097 Closing
[Sat Mar 21 04:14:22 2026] [::1]:58552 Accepted
[Sat Mar 21 04:14:22 2026] [::1]:58552 [302]: GET /wp-json/wc/v3/products/categories?oauth_consumer_key=ck_3df78f67936a715de1ad0b89a7cb0300150ae2e7&oauth_nonce=db48a121863e722ca561e49fe97b108a3d58de5a&oauth_signature=%2FjDiPPxkjYt26dh1THQ8OgeUBreh2YOHXw5G78hruLA%3D&oauth_signature_method=HMAC-SHA256&oauth_timestamp=1774066462&per_page=1&search=%D9%82%D9%85%D8%B5%D8%A7%D9%86
[Sat Mar 21 04:14:22 2026] [::1]:58552 Closing
[Sat Mar 21 04:14:22 2026] [::1]:58554 Accepted
[Sat Mar 21 04:14:22 2026] [::1]:58554 [302]: GET /wp-json/wc/v3/products/categories?oauth_consumer_key=ck_3df78f67936a715de1ad0b89a7cb0300150ae2e7&oauth_nonce=0407d98322d2281618d3615b9836b358ac0fca85&oauth_signature=awBL1Cz3EZj9W7BAE4CsDG2gMHZvP7RpLK5B23LoPRc%3D&oauth_signature_method=HMAC-SHA256&oauth_timestamp=1774066462&per_page=1&search=%D8%AC%D8%A7%D9%83%D9%8A%D8%AA%D8%A7%D8%AA
[Sat Mar 21 04:14:22 2026] [::1]:58554 Closing
[Sat Mar 21 04:14:22 2026] [::1]:58557 Accepted
[Sat Mar 21 04:14:22 2026] [::1]:58557 [302]: GET /wp-json/wc/v3/products?featured=1&oauth_consumer_key=ck_3df78f67936a715de1ad0b89a7cb0300150ae2e7&oauth_nonce=533cb18e9a768d9e3b19919b661b8942362606be&oauth_signature=Mr4f6xW3P%2BZyj0KnqHdTKe%2FVfyKQfwNsupg8vQ8FQU0%3D&oauth_signature_method=HMAC-SHA256&oauth_timestamp=1774066462&order=desc&orderby=date&per_page=8&status=publish
[Sat Mar 21 04:14:22 2026] [::1]:58557 Closing
[Sat Mar 21 04:17:09 2026] [::1]:61551 Accepted
[Sat Mar 21 04:17:09 2026] [::1]:61551 [302]: GET /wp-json/wc/v3/products/categories?oauth_consumer_key=ck_3df78f67936a715de1ad0b89a7cb0300150ae2e7&oauth_nonce=d68b059c0962cf136f41caf70d083648e28792a5&oauth_signature=z04pSPXCS2ZCaR9uqCK89IAXSNNAeumkmsPLQzOpAjk%3D&oauth_signature_method=HMAC-SHA256&oauth_timestamp=1774066629&per_page=1&search=%D9%82%D9%85%D8%B5%D8%A7%D9%86
[Sat Mar 21 04:17:09 2026] [::1]:61551 Closing
[Sat Mar 21 04:17:09 2026] [::1]:61553 Accepted
[Sat Mar 21 04:17:09 2026] [::1]:61553 [302]: GET /wp-json/wc/v3/products/categories?oauth_consumer_key=ck_3df78f67936a715de1ad0b89a7cb0300150ae2e7&oauth_nonce=ec488ad80a6d429d96f0ba27fad17c444e1bfa84&oauth_signature=pzrnVgwe%2B9BQIWf0%2FC2DS8pqqvxQyEHT2SnNg0O%2Ffqo%3D&oauth_signature_method=HMAC-SHA256&oauth_timestamp=1774066629&per_page=1&search=%D8%AC%D8%A7%D9%83%D9%8A%D8%AA%D8%A7%D8%AA
[Sat Mar 21 04:17:09 2026] [::1]:61553 Closing
[Sat Mar 21 04:17:09 2026] [::1]:61555 Accepted
[Sat Mar 21 04:17:10 2026] [::1]:61555 [302]: GET /wp-json/wc/v3/products?featured=1&oauth_consumer_key=ck_3df78f67936a715de1ad0b89a7cb0300150ae2e7&oauth_nonce=3de0c21f068def5aa2310a8182639632790a6213&oauth_signature=4oZeHH2gLnjQ7mN%2B9NmCpces%2FSVNGIQAUQeqaNjhmJY%3D&oauth_signature_method=HMAC-SHA256&oauth_timestamp=1774066629&order=desc&orderby=date&per_page=8&status=publish
[Sat Mar 21 04:17:10 2026] [::1]:61555 Closing
[Sat Mar 21 04:17:18 2026] [::1]:59227 Accepted
[Sat Mar 21 04:17:18 2026] [::1]:59227 [302]: GET /wp-json/wc/v3/products/categories?oauth_consumer_key=ck_3df78f67936a715de1ad0b89a7cb0300150ae2e7&oauth_nonce=64114d008ff5cda53da0a8521b7a23878eae0bc6&oauth_signature=39qUa0mxNPKYQ0ARhdWlINrlP9qIXINBin%2BijQYWpkE%3D&oauth_signature_method=HMAC-SHA256&oauth_timestamp=1774066638&per_page=1&search=%D9%82%D9%85%D8%B5%D8%A7%D9%86
[Sat Mar 21 04:17:18 2026] [::1]:59227 Closing
[Sat Mar 21 04:17:18 2026] [::1]:59229 Accepted
[Sat Mar 21 04:17:19 2026] [::1]:59229 [302]: GET /wp-json/wc/v3/products/categories?oauth_consumer_key=ck_3df78f67936a715de1ad0b89a7cb0300150ae2e7&oauth_nonce=be50bab78652ec646292e6998378d91ffbb3a7e6&oauth_signature=AqxuAKYzTcL9zBDGESNcs6NoPKoqcn9NV7I%2F6idUjSs%3D&oauth_signature_method=HMAC-SHA256&oauth_timestamp=1774066638&per_page=1&search=%D8%AC%D8%A7%D9%83%D9%8A%D8%AA%D8%A7%D8%AA
[Sat Mar 21 04:17:19 2026] [::1]:59229 Closing
[Sat Mar 21 04:17:19 2026] [::1]:59231 Accepted
[Sat Mar 21 04:17:19 2026] [::1]:59231 [302]: GET /wp-json/wc/v3/products?featured=1&oauth_consumer_key=ck_3df78f67936a715de1ad0b89a7cb0300150ae2e7&oauth_nonce=2c1fc9074e6e79f1b05de2f0bf10be36284d96e0&oauth_signature=HCGZAWAPtHLbPxawLapohPCF%2BG%2Bbr43TPIqYLegD2n4%3D&oauth_signature_method=HMAC-SHA256&oauth_timestamp=1774066639&order=desc&orderby=date&per_page=8&status=publish
[Sat Mar 21 04:17:19 2026] [::1]:59231 Closing
[Sat Mar 21 04:17:37 2026] [::1]:62083 Accepted
[Sat Mar 21 04:17:38 2026] [::1]:62083 [302]: GET /wp-json/wc/v3/products/categories?oauth_consumer_key=ck_3df78f67936a715de1ad0b89a7cb0300150ae2e7&oauth_nonce=bcc38cb8a2b0099847511787a90de857d4254c15&oauth_signature=PN2jeMKy1u9F6xDYwG1WFL%2Blpi8QX19ICcklZ%2F6sMb4%3D&oauth_signature_method=HMAC-SHA256&oauth_timestamp=1774066657&per_page=1&search=%D9%82%D9%85%D8%B5%D8%A7%D9%86
[Sat Mar 21 04:17:38 2026] [::1]:62083 Closing
[Sat Mar 21 04:17:38 2026] [::1]:62085 Accepted
[Sat Mar 21 04:17:38 2026] [::1]:62085 [302]: GET /wp-json/wc/v3/products/categories?oauth_consumer_key=ck_3df78f67936a715de1ad0b89a7cb0300150ae2e7&oauth_nonce=ec612504327946f00a6984743217fc68c7c8455e&oauth_signature=qRjwb5hVmj3f1mDs2w1Mv3OCPQjG9f0WhBnRVALCJ4Q%3D&oauth_signature_method=HMAC-SHA256&oauth_timestamp=1774066658&per_page=1&search=%D8%AC%D8%A7%D9%83%D9%8A%D8%AA%D8%A7%D8%AA
[Sat Mar 21 04:17:38 2026] [::1]:62085 Closing
[Sat Mar 21 04:17:38 2026] [::1]:62088 Accepted
[Sat Mar 21 04:17:38 2026] [::1]:62088 [302]: GET /wp-json/wc/v3/products?featured=1&oauth_consumer_key=ck_3df78f67936a715de1ad0b89a7cb0300150ae2e7&oauth_nonce=ae48f1b7a7abf8e513d6b321b49c1ed3ad6d72c4&oauth_signature=St1ghLMYMoN5%2F8c%2Br5S7oOI65zGzL8DxJXn2io3BLAk%3D&oauth_signature_method=HMAC-SHA256&oauth_timestamp=1774066658&order=desc&orderby=date&per_page=8&status=publish
[Sat Mar 21 04:17:38 2026] [::1]:62088 Closing
[Sat Mar 21 04:17:44 2026] [::1]:58713 Accepted
[Sat Mar 21 04:17:45 2026] [::1]:58713 [302]: GET /wp-json/wc/v3/products/categories?oauth_consumer_key=ck_3df78f67936a715de1ad0b89a7cb0300150ae2e7&oauth_nonce=64bcd3791c7f1adaddd490d3b2a1040b82164d75&oauth_signature=m1wLQ1rxLt9fxhEucdq%2FCCMFfRWJEAdLBMxDB5nrhuU%3D&oauth_signature_method=HMAC-SHA256&oauth_timestamp=1774066664&per_page=1&search=%D9%82%D9%85%D8%B5%D8%A7%D9%86
[Sat Mar 21 04:17:45 2026] [::1]:58713 Closing
[Sat Mar 21 04:17:45 2026] [::1]:58716 Accepted
[Sat Mar 21 04:17:45 2026] [::1]:58716 [302]: GET /wp-json/wc/v3/products/categories?oauth_consumer_key=ck_3df78f67936a715de1ad0b89a7cb0300150ae2e7&oauth_nonce=a2bfdfb55e26ebdc0203288cad634b37f898df7b&oauth_signature=OHS2vcGhVVNYp9kZsOy6yOKHHOlCZUDM%2BOdQ4%2BSivJ0%3D&oauth_signature_method=HMAC-SHA256&oauth_timestamp=1774066665&per_page=1&search=%D8%AC%D8%A7%D9%83%D9%8A%D8%AA%D8%A7%D8%AA
[Sat Mar 21 04:17:45 2026] [::1]:58716 Closing
[Sat Mar 21 04:17:45 2026] [::1]:58718 Accepted
[Sat Mar 21 04:17:45 2026] [::1]:58718 [302]: GET /wp-json/wc/v3/products?featured=1&oauth_consumer_key=ck_3df78f67936a715de1ad0b89a7cb0300150ae2e7&oauth_nonce=5bc3e75ddfdc55551a1e6b79d3441ec5b9d7ec04&oauth_signature=WI3axLWe1YihT%2BVg0C%2FvTl1ihIGjMiYmSE12qozza28%3D&oauth_signature_method=HMAC-SHA256&oauth_timestamp=1774066665&order=desc&orderby=date&per_page=8&status=publish
[Sat Mar 21 04:17:45 2026] [::1]:58718 Closing
[Sat Mar 21 04:18:05 2026] [::1]:61725 Accepted
[Sat Mar 21 04:18:06 2026] [::1]:61725 [302]: GET /wp-json/wc/v3/products/categories?oauth_consumer_key=ck_3df78f67936a715de1ad0b89a7cb0300150ae2e7&oauth_nonce=f4902d7f9393d99f834fe9b05777ae1e95ad6c51&oauth_signature=4pD%2BJS69zOnOUZ3Z2zeAENRK6K9w2VrhMozWaCUkkI8%3D&oauth_signature_method=HMAC-SHA256&oauth_timestamp=1774066684&per_page=1&search=%D9%82%D9%85%D8%B5%D8%A7%D9%86
[Sat Mar 21 04:18:06 2026] [::1]:61725 Closing
[Sat Mar 21 04:18:06 2026] [::1]:61727 Accepted
[Sat Mar 21 04:18:06 2026] [::1]:61727 [302]: GET /wp-json/wc/v3/products/categories?oauth_consumer_key=ck_3df78f67936a715de1ad0b89a7cb0300150ae2e7&oauth_nonce=b193e0a96989704a22e970a0b466a291eea68c2b&oauth_signature=GppHMncBmFqUPwncSxZ4tLxjIbViN9i2sj3ZIuOZnLs%3D&oauth_signature_method=HMAC-SHA256&oauth_timestamp=1774066686&per_page=1&search=%D8%AC%D8%A7%D9%83%D9%8A%D8%AA%D8%A7%D8%AA
[Sat Mar 21 04:18:06 2026] [::1]:61727 Closing
[Sat Mar 21 04:18:06 2026] [::1]:61729 Accepted
[Sat Mar 21 04:18:07 2026] [::1]:61729 [302]: GET /wp-json/wc/v3/products?featured=1&oauth_consumer_key=ck_3df78f67936a715de1ad0b89a7cb0300150ae2e7&oauth_nonce=20c6c8cb0ef47a908e417c32664bae23bb22a0de&oauth_signature=q5Iu06s1M87lqK6V5ZvqqasgTD5BvaNrv8d8g5UIO9Q%3D&oauth_signature_method=HMAC-SHA256&oauth_timestamp=1774066686&order=desc&orderby=date&per_page=8&status=publish
[Sat Mar 21 04:18:07 2026] [::1]:61729 Closing
[Sat Mar 21 04:18:13 2026] [::1]:57434 Accepted
[Sat Mar 21 04:18:14 2026] [::1]:57434 [302]: GET /wp-json/wc/v3/products/categories?oauth_consumer_key=ck_3df78f67936a715de1ad0b89a7cb0300150ae2e7&oauth_nonce=51808d48515d945de905f20da330943349e1e2cf&oauth_signature=xxxOHQwcvxrtg57lY4hH6xy%2FFTSjWuuus3GHoWts0w8%3D&oauth_signature_method=HMAC-SHA256&oauth_timestamp=1774066693&per_page=1&search=%D9%82%D9%85%D8%B5%D8%A7%D9%86
[Sat Mar 21 04:18:14 2026] [::1]:57434 Closing
[Sat Mar 21 04:18:14 2026] [::1]:57437 Accepted
[Sat Mar 21 04:18:15 2026] [::1]:57437 [302]: GET /wp-json/wc/v3/products/categories?oauth_consumer_key=ck_3df78f67936a715de1ad0b89a7cb0300150ae2e7&oauth_nonce=4d8c6431ee9c4713a262ad82e5cdf75b5c09f362&oauth_signature=6fR8CF4rhxlhiB5pCyIjJiVEmMsu5nYsgYJNHWfEA%2Fo%3D&oauth_signature_method=HMAC-SHA256&oauth_timestamp=1774066694&per_page=1&search=%D8%AC%D8%A7%D9%83%D9%8A%D8%AA%D8%A7%D8%AA
[Sat Mar 21 04:18:15 2026] [::1]:57437 Closing
[Sat Mar 21 04:18:15 2026] [::1]:57440 Accepted
[Sat Mar 21 04:18:17 2026] [::1]:57440 [302]: GET /wp-json/wc/v3/products?featured=1&oauth_consumer_key=ck_3df78f67936a715de1ad0b89a7cb0300150ae2e7&oauth_nonce=8820c59e6555b051bbedafedaa34e0012f578550&oauth_signature=6rzf7Y0S335uNkzRSjxuVYbrECXgK8uM1dCXiXXEfEc%3D&oauth_signature_method=HMAC-SHA256&oauth_timestamp=1774066695&order=desc&orderby=date&per_page=8&status=publish
[Sat Mar 21 04:18:17 2026] [::1]:57440 Closing
[Sat Mar 21 04:18:20 2026] [::1]:53068 Accepted
[Sat Mar 21 04:18:22 2026] [::1]:53068 [302]: GET /wp-json/wc/v3/products/categories?oauth_consumer_key=ck_3df78f67936a715de1ad0b89a7cb0300150ae2e7&oauth_nonce=6b87b6b973670128330aa934752599bdc8187bc0&oauth_signature=sPN4A52xfUglWEZcDEI%2F%2BVqikQgPlGlG%2BXNvgI%2Bm3Hk%3D&oauth_signature_method=HMAC-SHA256&oauth_timestamp=1774066700&per_page=1&search=%D9%82%D9%85%D8%B5%D8%A7%D9%86
[Sat Mar 21 04:18:22 2026] [::1]:53068 Closing
[Sat Mar 21 04:18:22 2026] [::1]:64904 Accepted
[Sat Mar 21 04:18:24 2026] [::1]:64904 [302]: GET /wp-json/wc/v3/products/categories?oauth_consumer_key=ck_3df78f67936a715de1ad0b89a7cb0300150ae2e7&oauth_nonce=b9c978359ed2111603047bbaee9c8100e9a23cec&oauth_signature=3K0WaCl1l%2Fke8Tosaq4as5RN2XKwBJ3HngNxzl4eH3s%3D&oauth_signature_method=HMAC-SHA256&oauth_timestamp=1774066702&per_page=1&search=%D8%AC%D8%A7%D9%83%D9%8A%D8%AA%D8%A7%D8%AA
[Sat Mar 21 04:18:24 2026] [::1]:64904 Closing
[Sat Mar 21 04:18:24 2026] [::1]:55260 Accepted
[Sat Mar 21 04:18:25 2026] [::1]:55260 [302]: GET /wp-json/wc/v3/products?featured=1&oauth_consumer_key=ck_3df78f67936a715de1ad0b89a7cb0300150ae2e7&oauth_nonce=c4db68b14629e6bb40cb2f90f2854a67b2d8235f&oauth_signature=OE5d183KuxI5qKbCRi8rNgd7D8VuHyFxTIXX1jyh3Sc%3D&oauth_signature_method=HMAC-SHA256&oauth_timestamp=1774066704&order=desc&orderby=date&per_page=8&status=publish
[Sat Mar 21 04:18:25 2026] [::1]:55260 Closing
[Sat Mar 21 04:19:22 2026] [::1]:60717 Accepted
[Sat Mar 21 04:19:22 2026] [::1]:60717 [302]: GET /wp-json/wc/v3/products/categories?oauth_consumer_key=ck_3df78f67936a715de1ad0b89a7cb0300150ae2e7&oauth_nonce=c8dcb4a818faa7a3874b56f7cfa6e67400cf78f8&oauth_signature=dP5zbVG3oZfYrC6Se9JBhRg63SzF3n3aRl1Cr99y3OA%3D&oauth_signature_method=HMAC-SHA256&oauth_timestamp=1774066762&per_page=1&search=%D9%82%D9%85%D8%B5%D8%A7%D9%86
[Sat Mar 21 04:19:22 2026] [::1]:60717 Closing
[Sat Mar 21 04:19:22 2026] [::1]:60720 Accepted
[Sat Mar 21 04:19:23 2026] [::1]:60720 [302]: GET /wp-json/wc/v3/products/categories?oauth_consumer_key=ck_3df78f67936a715de1ad0b89a7cb0300150ae2e7&oauth_nonce=faefbdf188ed96792c82b702acc9f1e8d94373fb&oauth_signature=gOT6EyGXCIAw0%2FyeKmI0gTC5N3ZG6FVTstxNJwodApI%3D&oauth_signature_method=HMAC-SHA256&oauth_timestamp=1774066762&per_page=1&search=%D8%AC%D8%A7%D9%83%D9%8A%D8%AA%D8%A7%D8%AA
[Sat Mar 21 04:19:23 2026] [::1]:60720 Closing
[Sat Mar 21 04:19:23 2026] [::1]:60722 Accepted
[Sat Mar 21 04:19:23 2026] [::1]:60722 [302]: GET /wp-json/wc/v3/products?featured=1&oauth_consumer_key=ck_3df78f67936a715de1ad0b89a7cb0300150ae2e7&oauth_nonce=3e0b83176f1e01995a133e602dfa7a6e54c263dd&oauth_signature=xYt%2BDE%2FLAAmw%2ByVF%2FiBqGXU6PwJiLWn4Mt6OI2bV9IA%3D&oauth_signature_method=HMAC-SHA256&oauth_timestamp=1774066763&order=desc&orderby=date&per_page=8&status=publish
[Sat Mar 21 04:19:23 2026] [::1]:60722 Closing
[Sat Mar 21 04:20:32 2026] [::1]:57160 Accepted
[Sat Mar 21 04:20:32 2026] [::1]:57160 [302]: GET /wp-json/wc/v3/products/categories?hide_empty=1&oauth_consumer_key=ck_3df78f67936a715de1ad0b89a7cb0300150ae2e7&oauth_nonce=50e32ae3ba230700b2fea7a7dff4465cdf773ffa&oauth_signature=IVmKpCvlrD5upq4mvvB3HF7i64QG%2B69EQIEjo5YI3Wk%3D&oauth_signature_method=HMAC-SHA256&oauth_timestamp=1774066832&per_page=100
[Sat Mar 21 04:20:32 2026] [::1]:57160 Closing
[Sat Mar 21 04:20:33 2026] [::1]:55394 Accepted
[Sat Mar 21 04:20:33 2026] [::1]:55394 [302]: GET /wp-json/wc/v3/products?oauth_consumer_key=ck_3df78f67936a715de1ad0b89a7cb0300150ae2e7&oauth_nonce=162f6fc294459618285ad5f99f11177ea0a7c2a3&oauth_signature=dAje6USnyxa%2FssywaSsDps6yUoq00wV2ABcOAJT0I4c%3D&oauth_signature_method=HMAC-SHA256&oauth_timestamp=1774066833&per_page=1&status=publish
[Sat Mar 21 04:20:33 2026] [::1]:55394 Closing
[Sat Mar 21 04:20:42 2026] [::1]:63526 Accepted
[Sat Mar 21 04:20:43 2026] [::1]:63526 [302]: GET /wp-json/wc/v3/products/categories?hide_empty=1&oauth_consumer_key=ck_3df78f67936a715de1ad0b89a7cb0300150ae2e7&oauth_nonce=47e28cf967a3fdaa76eb09e88066e804e587f826&oauth_signature=zym5a3BgmcXIfHe%2BUCfD7eT0zOjgnE8M%2F1uGt5crsq4%3D&oauth_signature_method=HMAC-SHA256&oauth_timestamp=1774066842&per_page=100
[Sat Mar 21 04:20:43 2026] [::1]:63526 Closing
[Sat Mar 21 04:20:43 2026] [::1]:55064 Accepted
[Sat Mar 21 04:20:43 2026] [::1]:55064 [302]: GET /wp-json/wc/v3/products?oauth_consumer_key=ck_3df78f67936a715de1ad0b89a7cb0300150ae2e7&oauth_nonce=f7626aed8d17278c93b178553efe5b35af8084fb&oauth_signature=f0dQL%2BQOaPjxdrls2PNLIh1L8uEs6MSNDGqzddFW1oU%3D&oauth_signature_method=HMAC-SHA256&oauth_timestamp=1774066843&per_page=1&status=publish
[Sat Mar 21 04:20:43 2026] [::1]:55064 Closing
[Sat Mar 21 04:20:47 2026] [::1]:56778 Accepted
[Sat Mar 21 04:20:47 2026] [::1]:56778 [302]: GET /wp-json/wc/v3/products/categories?hide_empty=1&oauth_consumer_key=ck_3df78f67936a715de1ad0b89a7cb0300150ae2e7&oauth_nonce=42b11e315931041bed06222df764679f9ed7bdcf&oauth_signature=Az7qMd2xpObpA1B0jMS881ltO8%2FnkFvukXcJO8dpOm8%3D&oauth_signature_method=HMAC-SHA256&oauth_timestamp=1774066847&per_page=100
[Sat Mar 21 04:20:47 2026] [::1]:56778 Closing
[Sat Mar 21 04:20:47 2026] [::1]:55144 Accepted
[Sat Mar 21 04:20:48 2026] [::1]:55144 [302]: GET /wp-json/wc/v3/products?oauth_consumer_key=ck_3df78f67936a715de1ad0b89a7cb0300150ae2e7&oauth_nonce=c9af719525cdbc6328317654bbabf5e2a5863bcf&oauth_signature=AufurGdl%2FTvS%2FICBjvP76e3oeujQFhGdjjb0IwFUNlQ%3D&oauth_signature_method=HMAC-SHA256&oauth_timestamp=1774066847&per_page=1&status=publish
[Sat Mar 21 04:20:48 2026] [::1]:55144 Closing
[Sat Mar 21 04:20:50 2026] [::1]:53713 Accepted
[Sat Mar 21 04:20:51 2026] [::1]:53713 [302]: GET /wp-json/wc/v3/products/categories?hide_empty=1&oauth_consumer_key=ck_3df78f67936a715de1ad0b89a7cb0300150ae2e7&oauth_nonce=fb1f1aa9442929d53c347d2d01a3bd1f27255589&oauth_signature=UGNUbCw1EoxwAcocLFrOFxqEpxmbTGhjUvXgqXivIXc%3D&oauth_signature_method=HMAC-SHA256&oauth_timestamp=1774066850&per_page=100
[Sat Mar 21 04:20:51 2026] [::1]:53713 Closing
[Sat Mar 21 04:20:51 2026] [::1]:52948 Accepted
[Sat Mar 21 04:20:52 2026] [::1]:52948 [302]: GET /wp-json/wc/v3/products?oauth_consumer_key=ck_3df78f67936a715de1ad0b89a7cb0300150ae2e7&oauth_nonce=5e09eaecd734150cafed74e4a6d94cc41d38fcd0&oauth_signature=WzTl89n%2FV5Z4ycAo%2FVoD7mEooe0ms4%2BaUNEO%2FI8Cnq8%3D&oauth_signature_method=HMAC-SHA256&oauth_timestamp=1774066851&per_page=1&status=publish
[Sat Mar 21 04:20:52 2026] [::1]:52948 Closing
[Sat Mar 21 04:20:54 2026] [::1]:61727 Accepted
[Sat Mar 21 04:20:55 2026] [::1]:61727 [302]: GET /wp-json/wc/v3/products/categories?hide_empty=1&oauth_consumer_key=ck_3df78f67936a715de1ad0b89a7cb0300150ae2e7&oauth_nonce=2eb734e67cf2204ec1c4b1de28d4cc9bef23ef29&oauth_signature=IYqXjwO7S5rA89gtG05W6vlCuU9Kxq7gVPO5QpqShko%3D&oauth_signature_method=HMAC-SHA256&oauth_timestamp=1774066854&per_page=100
[Sat Mar 21 04:20:55 2026] [::1]:61727 Closing
[Sat Mar 21 04:20:55 2026] [::1]:50574 Accepted
[Sat Mar 21 04:20:56 2026] [::1]:50574 [302]: GET /wp-json/wc/v3/products?oauth_consumer_key=ck_3df78f67936a715de1ad0b89a7cb0300150ae2e7&oauth_nonce=91f400f924a2a197d1bfcf8f7ccecd3e14314f82&oauth_signature=fhHkuZ%2FA9d44%2FCSlu7FrPebiOosOM52n7cLzAAi20CI%3D&oauth_signature_method=HMAC-SHA256&oauth_timestamp=1774066855&per_page=1&status=publish
[Sat Mar 21 04:20:56 2026] [::1]:50574 Closing
[Sat Mar 21 04:20:57 2026] [::1]:54388 Accepted
[Sat Mar 21 04:20:58 2026] [::1]:54388 [302]: GET /wp-json/wc/v3/products/categories?hide_empty=1&oauth_consumer_key=ck_3df78f67936a715de1ad0b89a7cb0300150ae2e7&oauth_nonce=fedd179a1541879dae3b339fc74f38ce2a28e260&oauth_signature=0q0Fe6H86s971WDA12LkHkjKdmBU0vOV6XaX19xpGfw%3D&oauth_signature_method=HMAC-SHA256&oauth_timestamp=1774066857&per_page=100
[Sat Mar 21 04:20:58 2026] [::1]:54388 Closing
[Sat Mar 21 04:20:59 2026] [::1]:59843 Accepted
[Sat Mar 21 04:21:00 2026] [::1]:59843 [302]: GET /wp-json/wc/v3/products?oauth_consumer_key=ck_3df78f67936a715de1ad0b89a7cb0300150ae2e7&oauth_nonce=86e031c092277a5f5a5acc91d05395af0dea903d&oauth_signature=cbc%2BiQBIwUNMi2bsv4BHG%2FKSpbmVgcRPDtwcIPuEmL8%3D&oauth_signature_method=HMAC-SHA256&oauth_timestamp=1774066859&per_page=1&status=publish
[Sat Mar 21 04:21:00 2026] [::1]:59843 Closing
[Sat Mar 21 04:21:04 2026] [::1]:60017 Accepted
[Sat Mar 21 04:21:05 2026] [::1]:60017 [302]: GET /wp-json/wc/v3/products/categories?hide_empty=1&oauth_consumer_key=ck_3df78f67936a715de1ad0b89a7cb0300150ae2e7&oauth_nonce=a633134f4d30cd48f419339fcc1a702f2796e5f2&oauth_signature=w1LUdql8Ba5gh4K0r4J6DwJn9mWe%2FLpiyymTXOJ%2B3Ng%3D&oauth_signature_method=HMAC-SHA256&oauth_timestamp=1774066864&per_page=100
[Sat Mar 21 04:21:05 2026] [::1]:60017 Closing
[Sat Mar 21 04:21:05 2026] [::1]:53834 Accepted
[Sat Mar 21 04:21:05 2026] [::1]:53834 [302]: GET /wp-json/wc/v3/products?oauth_consumer_key=ck_3df78f67936a715de1ad0b89a7cb0300150ae2e7&oauth_nonce=e4e73fdcab4e2d6ad3705043fb20e959cbf654fd&oauth_signature=VHcIz8Cq4SiOvsNxUaVklr%2BD0sdXOMCtD713yQchxNU%3D&oauth_signature_method=HMAC-SHA256&oauth_timestamp=1774066865&per_page=1&status=publish
[Sat Mar 21 04:21:05 2026] [::1]:53834 Closing
[Sat Mar 21 04:21:08 2026] [::1]:64890 Accepted
[Sat Mar 21 04:21:08 2026] [::1]:64890 [302]: GET /wp-json/wc/v3/products/categories?oauth_consumer_key=ck_3df78f67936a715de1ad0b89a7cb0300150ae2e7&oauth_nonce=c86d1a0f4c3c5934293c2c646e3029b5fd36bae4&oauth_signature=RcYbMlfNQkUVC5Zm7AXtkOf8MhJ%2FqUn5pH90yQbnkvM%3D&oauth_signature_method=HMAC-SHA256&oauth_timestamp=1774066868&per_page=1&search=%D9%82%D9%85%D8%B5%D8%A7%D9%86
[Sat Mar 21 04:21:08 2026] [::1]:64890 Closing
[Sat Mar 21 04:21:08 2026] [::1]:64892 Accepted
[Sat Mar 21 04:21:09 2026] [::1]:64892 [302]: GET /wp-json/wc/v3/products/categories?oauth_consumer_key=ck_3df78f67936a715de1ad0b89a7cb0300150ae2e7&oauth_nonce=b51b0e837cb5e80942bed18cc6a45b9ab01e5890&oauth_signature=3wTiWoBljnwGMnHjHwIultHQDIpBjZw6l23%2BRXo9ef0%3D&oauth_signature_method=HMAC-SHA256&oauth_timestamp=1774066868&per_page=1&search=%D8%AC%D8%A7%D9%83%D9%8A%D8%AA%D8%A7%D8%AA
[Sat Mar 21 04:21:09 2026] [::1]:64892 Closing
[Sat Mar 21 04:21:09 2026] [::1]:64895 Accepted
[Sat Mar 21 04:21:09 2026] [::1]:64895 [302]: GET /wp-json/wc/v3/products?featured=1&oauth_consumer_key=ck_3df78f67936a715de1ad0b89a7cb0300150ae2e7&oauth_nonce=594907bb4705c5f377bfe6853013fabb4077225e&oauth_signature=QT8Z77B8m6eNDZmFyJoYr10pFNQ1labA0hkQsPcHSAY%3D&oauth_signature_method=HMAC-SHA256&oauth_timestamp=1774066869&order=desc&orderby=date&per_page=8&status=publish
[Sat Mar 21 04:21:09 2026] [::1]:64895 Closing
[Sat Mar 21 04:21:14 2026] [::1]:57786 Accepted
[Sat Mar 21 04:21:15 2026] [::1]:57786 [302]: GET /wp-json/wc/v3/products/categories?oauth_consumer_key=ck_3df78f67936a715de1ad0b89a7cb0300150ae2e7&oauth_nonce=c1435f7db044f3342fc42700c960bfa8d58de452&oauth_signature=3oDHjrIGRn3Gz8zlYoztyvrLnjgQ5no9QDqhBAQWGh0%3D&oauth_signature_method=HMAC-SHA256&oauth_timestamp=1774066874&per_page=1&search=%D9%82%D9%85%D8%B5%D8%A7%D9%86
[Sat Mar 21 04:21:15 2026] [::1]:57786 Closing
[Sat Mar 21 04:21:15 2026] [::1]:57788 Accepted
[Sat Mar 21 04:21:15 2026] [::1]:57788 [302]: GET /wp-json/wc/v3/products/categories?oauth_consumer_key=ck_3df78f67936a715de1ad0b89a7cb0300150ae2e7&oauth_nonce=62363ea9ca70b19675c8aca2552f1413a6fcc64d&oauth_signature=FRgEHP706fgVsZ21NG3ApTcNmTb1ryj7h%2B42rBcDANE%3D&oauth_signature_method=HMAC-SHA256&oauth_timestamp=1774066875&per_page=1&search=%D8%AC%D8%A7%D9%83%D9%8A%D8%AA%D8%A7%D8%AA
[Sat Mar 21 04:21:15 2026] [::1]:57788 Closing
[Sat Mar 21 04:21:15 2026] [::1]:57791 Accepted
[Sat Mar 21 04:21:15 2026] [::1]:57791 [302]: GET /wp-json/wc/v3/products?featured=1&oauth_consumer_key=ck_3df78f67936a715de1ad0b89a7cb0300150ae2e7&oauth_nonce=28328e075a467ff1ea4285203d0279a69c0e7db9&oauth_signature=pSlNTa%2B1icr5iFFWD9IBrjyGtsdddvvu08leGVg8V2c%3D&oauth_signature_method=HMAC-SHA256&oauth_timestamp=1774066875&order=desc&orderby=date&per_page=8&status=publish
[Sat Mar 21 04:21:15 2026] [::1]:57791 Closing
[Sat Mar 21 04:21:31 2026] [::1]:60642 Accepted
[Sat Mar 21 04:21:31 2026] [::1]:60642 [302]: GET /wp-json/wc/v3/products/categories?oauth_consumer_key=ck_3df78f67936a715de1ad0b89a7cb0300150ae2e7&oauth_nonce=23545e07c9b9a80b459713f08da99b2348fa50ae&oauth_signature=UrGfK9n72JYSFEUTmodki87IuxVZIzLn8S9eL%2BKo340%3D&oauth_signature_method=HMAC-SHA256&oauth_timestamp=1774066891&per_page=1&search=%D9%82%D9%85%D8%B5%D8%A7%D9%86
[Sat Mar 21 04:21:31 2026] [::1]:60642 Closing
[Sat Mar 21 04:21:31 2026] [::1]:60644 Accepted
[Sat Mar 21 04:21:31 2026] [::1]:60644 [302]: GET /wp-json/wc/v3/products/categories?oauth_consumer_key=ck_3df78f67936a715de1ad0b89a7cb0300150ae2e7&oauth_nonce=0e57dcfa9c4e9c5adfacda1603c7feaf6a01b40d&oauth_signature=S0joJ5WNVw792VmbXkRpd9T4jxuqvIrGzb0iGE1c2%2FU%3D&oauth_signature_method=HMAC-SHA256&oauth_timestamp=1774066891&per_page=1&search=%D8%AC%D8%A7%D9%83%D9%8A%D8%AA%D8%A7%D8%AA
[Sat Mar 21 04:21:31 2026] [::1]:60644 Closing
[Sat Mar 21 04:21:31 2026] [::1]:60646 Accepted
[Sat Mar 21 04:21:31 2026] [::1]:60646 [302]: GET /wp-json/wc/v3/products?featured=1&oauth_consumer_key=ck_3df78f67936a715de1ad0b89a7cb0300150ae2e7&oauth_nonce=f2ff9c3de180fe4eeef72e66dfe1ec645cbbfce1&oauth_signature=bNu94jAykW2ja4icKGp56r4WOLCxUXJUxKh1RD4GBEQ%3D&oauth_signature_method=HMAC-SHA256&oauth_timestamp=1774066891&order=desc&orderby=date&per_page=8&status=publish
[Sat Mar 21 04:21:31 2026] [::1]:60646 Closing
[Sat Mar 21 04:27:46 2026] [::1]:54137 Accepted
[Sat Mar 21 04:27:46 2026] [::1]:54137 [302]: GET /wp-json/wc/v3/products/categories?hide_empty=1&oauth_consumer_key=ck_3df78f67936a715de1ad0b89a7cb0300150ae2e7&oauth_nonce=054e51966873f34c34df77a17231dd8d4758ff12&oauth_signature=11Fsrb9Fu0yz8VidtwRs4MfON0IRRqxcuG709FBEOiQ%3D&oauth_signature_method=HMAC-SHA256&oauth_timestamp=1774067266&per_page=100
[Sat Mar 21 04:27:46 2026] [::1]:54137 Closing
[Sat Mar 21 04:27:47 2026] [::1]:62678 Accepted
[Sat Mar 21 04:27:48 2026] [::1]:62678 [302]: GET /wp-json/wc/v3/products?oauth_consumer_key=ck_3df78f67936a715de1ad0b89a7cb0300150ae2e7&oauth_nonce=c1d87207eb2027feae6f722ae0ecfcae60d11170&oauth_signature=dynXqjRb6UOmfaI4zda06XBgFvcyY5bO2a1Z4SHizSk%3D&oauth_signature_method=HMAC-SHA256&oauth_timestamp=1774067267&per_page=1&status=publish
[Sat Mar 21 04:27:48 2026] [::1]:62678 Closing
[Sat Mar 21 04:27:56 2026] [::1]:60441 Accepted
[Sat Mar 21 04:27:56 2026] [::1]:60441 [302]: GET /wp-json/wc/v3/products/categories?oauth_consumer_key=ck_3df78f67936a715de1ad0b89a7cb0300150ae2e7&oauth_nonce=b62dd9b5b0ea8f313be7bd48df9f35dd6b52b879&oauth_signature=wOH4Q9AdJceclchmKY6J6%2F%2FgmZqNnnHJNSg%2B4RSqV%2Fo%3D&oauth_signature_method=HMAC-SHA256&oauth_timestamp=1774067276&per_page=1&search=%D8%AC%D8%A7%D9%83%D9%8A%D8%AA
[Sat Mar 21 04:27:56 2026] [::1]:60441 Closing
[Sat Mar 21 04:27:56 2026] [::1]:55767 Accepted
[Sat Mar 21 04:27:57 2026] [::1]:55767 [302]: GET /wp-json/wc/v3/products/categories?oauth_consumer_key=ck_3df78f67936a715de1ad0b89a7cb0300150ae2e7&oauth_nonce=e675ef5e0efcafaafea12995ab6a5ba9c0c8d641&oauth_signature=ZBQTngooU1tl8%2BJFHLURycit%2Bm5HQjNDkHsXvCNpVcg%3D&oauth_signature_method=HMAC-SHA256&oauth_timestamp=1774067276&per_page=1&search=%D8%AC%D8%A7%D9%83%D9%8A%D8%AA%D8%A7%D8%AA
[Sat Mar 21 04:27:57 2026] [::1]:55767 Closing
[Sat Mar 21 04:27:57 2026] [::1]:52675 Accepted
[Sat Mar 21 04:27:58 2026] [::1]:52675 [302]: GET /wp-json/wc/v3/products/categories?oauth_consumer_key=ck_3df78f67936a715de1ad0b89a7cb0300150ae2e7&oauth_nonce=47f1eabc6eac30e8a78a6cf75af86889dc91511e&oauth_signature=7Ocd7B34qzdOB0mPb0ENCsUfaoNIti1sPHugHAvONvE%3D&oauth_signature_method=HMAC-SHA256&oauth_timestamp=1774067277&per_page=1&search=%D9%85%D9%84%D8%A7%D8%A8%D8%B3+%D8%B5%D9%8A%D9%81%D9%8A%D8%A9
[Sat Mar 21 04:27:58 2026] [::1]:52675 Closing
[Sat Mar 21 04:27:58 2026] [::1]:52677 Accepted
[Sat Mar 21 04:27:58 2026] [::1]:52677 [302]: GET /wp-json/wc/v3/products/categories?oauth_consumer_key=ck_3df78f67936a715de1ad0b89a7cb0300150ae2e7&oauth_nonce=ba898d1689ff2ef0b7a624902eb2d08b62f925db&oauth_signature=tRami5v1Fq6OsQB1S5OPzp8r0nM0Ocx2eyCGJdGT30c%3D&oauth_signature_method=HMAC-SHA256&oauth_timestamp=1774067278&per_page=1&search=%D9%82%D9%85%D8%B5%D8%A7%D9%86
[Sat Mar 21 04:27:58 2026] [::1]:52677 Closing
[Sat Mar 21 04:27:58 2026] [::1]:52679 Accepted
[Sat Mar 21 04:27:58 2026] [::1]:52679 [302]: GET /wp-json/wc/v3/products?featured=1&oauth_consumer_key=ck_3df78f67936a715de1ad0b89a7cb0300150ae2e7&oauth_nonce=7127276a0b0f714cba5c9e29ca2ff12604aa615d&oauth_signature=6uNjVefhpk%2BbnoAxsV1uB4TixhuBk6ZRq7Ib71OjT7I%3D&oauth_signature_method=HMAC-SHA256&oauth_timestamp=1774067278&order=desc&orderby=date&per_page=8&status=publish
[Sat Mar 21 04:27:58 2026] [::1]:52679 Closing
[Sat Mar 21 04:27:58 2026] [::1]:52682 Accepted
[Sat Mar 21 04:27:59 2026] [::1]:52682 [302]: GET /wp-json/wc/v3/products/categories?oauth_consumer_key=ck_3df78f67936a715de1ad0b89a7cb0300150ae2e7&oauth_nonce=1efea9cebafcd31023b30cce5eea9d4f94058c97&oauth_signature=916TVMQaDgeJi63LfYbqGQwUtW2tUZeU%2FRR50NHAr0c%3D&oauth_signature_method=HMAC-SHA256&oauth_timestamp=1774067278&per_page=1&search=%D8%AC%D8%A7%D9%83%D9%8A%D8%AA
[Sat Mar 21 04:27:59 2026] [::1]:52682 Closing
[Sat Mar 21 04:27:59 2026] [::1]:52684 Accepted
[Sat Mar 21 04:27:59 2026] [::1]:52684 [302]: GET /wp-json/wc/v3/products/categories?oauth_consumer_key=ck_3df78f67936a715de1ad0b89a7cb0300150ae2e7&oauth_nonce=96774bc2433093e0c5e9612adec9c28336cbbd3a&oauth_signature=02ObbdX3193I6Nvh5zMCkJc5DsvfDJ9nrsqL%2BRna6%2Fo%3D&oauth_signature_method=HMAC-SHA256&oauth_timestamp=1774067279&per_page=1&search=%D8%AC%D8%A7%D9%83%D9%8A%D8%AA%D8%A7%D8%AA
[Sat Mar 21 04:27:59 2026] [::1]:52684 Closing
[Sat Mar 21 04:27:59 2026] [::1]:52686 Accepted
[Sat Mar 21 04:27:59 2026] [::1]:52686 [302]: GET /wp-json/wc/v3/products/categories?oauth_consumer_key=ck_3df78f67936a715de1ad0b89a7cb0300150ae2e7&oauth_nonce=7979b6992a5c54eb3fae7761617130da9cfc81cb&oauth_signature=VbbaXtCX7vVM14FRqx0s2M5IRXXQ8fU%2F0uZG4kFsWZk%3D&oauth_signature_method=HMAC-SHA256&oauth_timestamp=1774067279&per_page=1&search=%D9%85%D9%84%D8%A7%D8%A8%D8%B3+%D8%B5%D9%8A%D9%81%D9%8A%D8%A9
[Sat Mar 21 04:27:59 2026] [::1]:52686 Closing
[Sat Mar 21 04:27:59 2026] [::1]:52688 Accepted
[Sat Mar 21 04:27:59 2026] [::1]:52688 [302]: GET /wp-json/wc/v3/products/categories?oauth_consumer_key=ck_3df78f67936a715de1ad0b89a7cb0300150ae2e7&oauth_nonce=9a86385b19b490d42ee804f4565f480f594c40ed&oauth_signature=lwpPrjbihiv3TzYns0BnOldGyNeDAoVgYE7ZJmeLzLk%3D&oauth_signature_method=HMAC-SHA256&oauth_timestamp=1774067279&per_page=1&search=%D9%82%D9%85%D8%B5%D8%A7%D9%86
[Sat Mar 21 04:27:59 2026] [::1]:52688 Closing
[Sat Mar 21 04:27:59 2026] [::1]:52690 Accepted
[Sat Mar 21 04:28:00 2026] [::1]:52690 [302]: GET /wp-json/wc/v3/products?featured=1&oauth_consumer_key=ck_3df78f67936a715de1ad0b89a7cb0300150ae2e7&oauth_nonce=c938750137226f323673206c8d80b873ba8159bd&oauth_signature=CXkYy%2FD4aVJ7%2F6rJ%2B69ClESqZjwe8JCOe9NwEtKLX7M%3D&oauth_signature_method=HMAC-SHA256&oauth_timestamp=1774067279&order=desc&orderby=date&per_page=8&status=publish
[Sat Mar 21 04:28:00 2026] [::1]:52690 Closing
[Sat Mar 21 04:28:04 2026] [::1]:62015 Accepted
[Sat Mar 21 04:28:04 2026] [::1]:62015 [302]: GET /wp-json/wc/v3/products/categories?oauth_consumer_key=ck_3df78f67936a715de1ad0b89a7cb0300150ae2e7&oauth_nonce=d3ae323272002767ab118cacd9d0b374d3f6eb8c&oauth_signature=HyDJsv6BQJK8Lu8yKHl%2B2Bue2aQblyoiGdELGN08cME%3D&oauth_signature_method=HMAC-SHA256&oauth_timestamp=1774067284&per_page=1&search=%D8%AC%D8%A7%D9%83%D9%8A%D8%AA
[Sat Mar 21 04:28:04 2026] [::1]:62015 Closing
[Sat Mar 21 04:28:04 2026] [::1]:62021 Accepted
[Sat Mar 21 04:28:05 2026] [::1]:62021 [302]: GET /wp-json/wc/v3/products/categories?oauth_consumer_key=ck_3df78f67936a715de1ad0b89a7cb0300150ae2e7&oauth_nonce=ab1db6024aae952ecdc7252aff23aba231795329&oauth_signature=KFIQdYfS4xg66JEbOu3sNcdAGnxQ9RQGaFTVFWaXmJs%3D&oauth_signature_method=HMAC-SHA256&oauth_timestamp=1774067284&per_page=1&search=%D8%AC%D8%A7%D9%83%D9%8A%D8%AA%D8%A7%D8%AA
[Sat Mar 21 04:28:05 2026] [::1]:62021 Closing
[Sat Mar 21 04:28:05 2026] [::1]:62024 Accepted
[Sat Mar 21 04:28:05 2026] [::1]:62024 [302]: GET /wp-json/wc/v3/products/categories?oauth_consumer_key=ck_3df78f67936a715de1ad0b89a7cb0300150ae2e7&oauth_nonce=4d19d6ea7764aa03e048a0841a319f2ac3c1be00&oauth_signature=WlGBx1FxM5I4AmKVIqOVw%2FqspLm2ViqmKWRQ6gy3idw%3D&oauth_signature_method=HMAC-SHA256&oauth_timestamp=1774067285&per_page=1&search=%D9%85%D9%84%D8%A7%D8%A8%D8%B3+%D8%B5%D9%8A%D9%81%D9%8A%D8%A9
[Sat Mar 21 04:28:05 2026] [::1]:62024 Closing
[Sat Mar 21 04:28:05 2026] [::1]:62028 Accepted
[Sat Mar 21 04:28:05 2026] [::1]:62028 [302]: GET /wp-json/wc/v3/products/categories?oauth_consumer_key=ck_3df78f67936a715de1ad0b89a7cb0300150ae2e7&oauth_nonce=651a94e6bac3c5001c98dcd012545052fc541cf6&oauth_signature=Yk0qrvyVhu2n37yWuIC7jxWmO8HrEGYZMhKEB9WRuww%3D&oauth_signature_method=HMAC-SHA256&oauth_timestamp=1774067285&per_page=1&search=%D9%82%D9%85%D8%B5%D8%A7%D9%86
[Sat Mar 21 04:28:05 2026] [::1]:62028 Closing
[Sat Mar 21 04:28:05 2026] [::1]:62033 Accepted
[Sat Mar 21 04:28:06 2026] [::1]:62033 [302]: GET /wp-json/wc/v3/products?featured=1&oauth_consumer_key=ck_3df78f67936a715de1ad0b89a7cb0300150ae2e7&oauth_nonce=95057a5e4df58310589dfd6deb3c1c46563d3cec&oauth_signature=aoIP5p9%2FL8ts%2Fp%2FQSoJAtRSHnsBvsM%2F%2F0y5Ibm6Nzgw%3D&oauth_signature_method=HMAC-SHA256&oauth_timestamp=1774067285&order=desc&orderby=date&per_page=8&status=publish
[Sat Mar 21 04:28:06 2026] [::1]:62033 Closing
[Sat Mar 21 04:28:06 2026] [::1]:58481 Accepted
[Sat Mar 21 04:28:06 2026] [::1]:58481 [302]: GET /wp-json/wc/v3/products/categories?hide_empty=1&oauth_consumer_key=ck_3df78f67936a715de1ad0b89a7cb0300150ae2e7&oauth_nonce=e737dc069e69b0fd3d021d6cde444b06d26abdd9&oauth_signature=ycyqIudDEW%2B8vT0xkuF9eSOgRXTVVF2Q5lxqZ6Hh8sk%3D&oauth_signature_method=HMAC-SHA256&oauth_timestamp=1774067286&per_page=100
[Sat Mar 21 04:28:06 2026] [::1]:58481 Closing
[Sat Mar 21 04:28:06 2026] [::1]:58484 Accepted
[Sat Mar 21 04:28:07 2026] [::1]:58484 [302]: GET /wp-json/wc/v3/products/categories?hide_empty=1&oauth_consumer_key=ck_3df78f67936a715de1ad0b89a7cb0300150ae2e7&oauth_nonce=9161ed77a9e59d155c31a180ed56887a0116a3e1&oauth_signature=cQ%2BLblR1gtx%2FiaCkO6oZ%2B6mJFNi8hgK4m%2FrFS4oG5Ko%3D&oauth_signature_method=HMAC-SHA256&oauth_timestamp=1774067286&per_page=100
[Sat Mar 21 04:28:07 2026] [::1]:58484 Closing
[Sat Mar 21 04:28:07 2026] [::1]:57508 Accepted
[Sat Mar 21 04:28:07 2026] [::1]:57508 [302]: GET /wp-json/wc/v3/products?oauth_consumer_key=ck_3df78f67936a715de1ad0b89a7cb0300150ae2e7&oauth_nonce=011c3f7e1993f1d2d37a8dc9c3f93eeccf6db1ac&oauth_signature=Qja9m%2Fn5c7zt9UJFirLVATeD2ytGBwdPAjAeSueXCt0%3D&oauth_signature_method=HMAC-SHA256&oauth_timestamp=1774067287&per_page=1&status=publish
[Sat Mar 21 04:28:07 2026] [::1]:57508 Closing
[Sat Mar 21 04:28:09 2026] [::1]:64632 Accepted
[Sat Mar 21 04:28:09 2026] [::1]:64632 [302]: GET /wp-json/wc/v3/products/categories?oauth_consumer_key=ck_3df78f67936a715de1ad0b89a7cb0300150ae2e7&oauth_nonce=11c0f666840f28224a9fe996bd23ab08a383bef7&oauth_signature=ST3YfOema4zqA8cu3YPtXMFBe5zRz88MzLoRYZJ2noc%3D&oauth_signature_method=HMAC-SHA256&oauth_timestamp=1774067289&per_page=1&search=%D8%AC%D8%A7%D9%83%D9%8A%D8%AA
[Sat Mar 21 04:28:09 2026] [::1]:64632 Closing
[Sat Mar 21 04:28:09 2026] [::1]:64634 Accepted
[Sat Mar 21 04:28:09 2026] [::1]:64634 [302]: GET /wp-json/wc/v3/products/categories?oauth_consumer_key=ck_3df78f67936a715de1ad0b89a7cb0300150ae2e7&oauth_nonce=23dce691562f0bf311d56eed08d679226a6b78d3&oauth_signature=U5WVj5xrpIm7I2Pz4Wt7RYaKJP2Cvuh4rqsE6xh4Mxg%3D&oauth_signature_method=HMAC-SHA256&oauth_timestamp=1774067289&per_page=1&search=%D8%AC%D8%A7%D9%83%D9%8A%D8%AA%D8%A7%D8%AA
[Sat Mar 21 04:28:09 2026] [::1]:64634 Closing
[Sat Mar 21 04:28:09 2026] [::1]:64636 Accepted
[Sat Mar 21 04:28:10 2026] [::1]:64636 [302]: GET /wp-json/wc/v3/products/categories?oauth_consumer_key=ck_3df78f67936a715de1ad0b89a7cb0300150ae2e7&oauth_nonce=52e4f4730ad7103a6c21cdbd807b68b04486d512&oauth_signature=NOpiypWabbSS9lyHNvgRJ0B4hDqWJ3Lo6YzYye%2BGIwY%3D&oauth_signature_method=HMAC-SHA256&oauth_timestamp=1774067289&per_page=1&search=%D9%85%D9%84%D8%A7%D8%A8%D8%B3+%D8%B5%D9%8A%D9%81%D9%8A%D8%A9
[Sat Mar 21 04:28:10 2026] [::1]:64636 Closing
[Sat Mar 21 04:28:10 2026] [::1]:64638 Accepted
[Sat Mar 21 04:28:10 2026] [::1]:64638 [302]: GET /wp-json/wc/v3/products/categories?oauth_consumer_key=ck_3df78f67936a715de1ad0b89a7cb0300150ae2e7&oauth_nonce=37718e6a4c3287f4627973e9b3c2b7864700144b&oauth_signature=DBZhGei3E2%2Fqr67UeweTpYhSk2mbk7djGEwtxEsGD0Q%3D&oauth_signature_method=HMAC-SHA256&oauth_timestamp=1774067290&per_page=1&search=%D9%82%D9%85%D8%B5%D8%A7%D9%86
[Sat Mar 21 04:28:10 2026] [::1]:64638 Closing
[Sat Mar 21 04:28:10 2026] [::1]:64640 Accepted
[Sat Mar 21 04:28:10 2026] [::1]:64640 [302]: GET /wp-json/wc/v3/products?featured=1&oauth_consumer_key=ck_3df78f67936a715de1ad0b89a7cb0300150ae2e7&oauth_nonce=36541a2c3103383e5fcbb8f4f70ecc4cbe77929e&oauth_signature=ggHDF2CtnMjCV67W6GVSsfG9MqGImbxhRVePps6fnII%3D&oauth_signature_method=HMAC-SHA256&oauth_timestamp=1774067290&order=desc&orderby=date&per_page=8&status=publish
[Sat Mar 21 04:28:10 2026] [::1]:64640 Closing
[Sat Mar 21 04:28:14 2026] [::1]:53188 Accepted
[Sat Mar 21 04:28:14 2026] [::1]:53188 [302]: GET /wp-json/wc/v3/products/categories?oauth_consumer_key=ck_3df78f67936a715de1ad0b89a7cb0300150ae2e7&oauth_nonce=4c7a1df46904cdfc27aa2339f57278999731e12e&oauth_signature=IeDfon3XJ7Hy5rwFTGYFu4BS5JAeCTbV19eHOa1z0sY%3D&oauth_signature_method=HMAC-SHA256&oauth_timestamp=1774067294&per_page=1&search=%D8%AC%D8%A7%D9%83%D9%8A%D8%AA
[Sat Mar 21 04:28:14 2026] [::1]:53188 Closing
[Sat Mar 21 04:28:14 2026] [::1]:53196 Accepted
[Sat Mar 21 04:28:15 2026] [::1]:53196 [302]: GET /wp-json/wc/v3/products/categories?oauth_consumer_key=ck_3df78f67936a715de1ad0b89a7cb0300150ae2e7&oauth_nonce=c0a11650874bf0d4a5a11abd5ab3afb6dad59bd3&oauth_signature=wW1fWv5OIfNo1B5YccJ0Aiw4pCwzwgLsl%2BGFxZGnue4%3D&oauth_signature_method=HMAC-SHA256&oauth_timestamp=1774067294&per_page=1&search=%D8%AC%D8%A7%D9%83%D9%8A%D8%AA%D8%A7%D8%AA
[Sat Mar 21 04:28:15 2026] [::1]:53196 Closing
[Sat Mar 21 04:28:15 2026] [::1]:53209 Accepted
[Sat Mar 21 04:28:15 2026] [::1]:53209 [302]: GET /wp-json/wc/v3/products/categories?oauth_consumer_key=ck_3df78f67936a715de1ad0b89a7cb0300150ae2e7&oauth_nonce=394f6de90156f3c98b80738a465b0f1c98b18bf3&oauth_signature=Rc9BVR5Z4eSYR0JhPSf1rUDnwIW5HcBPNOyY7pjDc1I%3D&oauth_signature_method=HMAC-SHA256&oauth_timestamp=1774067295&per_page=1&search=%D9%85%D9%84%D8%A7%D8%A8%D8%B3+%D8%B5%D9%8A%D9%81%D9%8A%D8%A9
[Sat Mar 21 04:28:15 2026] [::1]:53209 Closing
[Sat Mar 21 04:28:15 2026] [::1]:53222 Accepted
[Sat Mar 21 04:28:16 2026] [::1]:53222 [302]: GET /wp-json/wc/v3/products/categories?oauth_consumer_key=ck_3df78f67936a715de1ad0b89a7cb0300150ae2e7&oauth_nonce=19bf26051c839efe85cfda7dcd2e86ddcdb76d2d&oauth_signature=SI%2BR1Cx9wJWTWqtKHLiAHP0ZfTloC5IuUxP3TL1yLgM%3D&oauth_signature_method=HMAC-SHA256&oauth_timestamp=1774067295&per_page=1&search=%D9%82%D9%85%D8%B5%D8%A7%D9%86
[Sat Mar 21 04:28:16 2026] [::1]:53222 Closing
[Sat Mar 21 04:28:16 2026] [::1]:53238 Accepted
[Sat Mar 21 04:28:16 2026] [::1]:53238 [302]: GET /wp-json/wc/v3/products?featured=1&oauth_consumer_key=ck_3df78f67936a715de1ad0b89a7cb0300150ae2e7&oauth_nonce=5be2a4ac6b99dd20f05e6d8eea916c9e0c332b96&oauth_signature=eH44TDBeDcxhX7eoAAhV%2BKYFvAASFtXzZjBLJJzeEe8%3D&oauth_signature_method=HMAC-SHA256&oauth_timestamp=1774067296&order=desc&orderby=date&per_page=8&status=publish
[Sat Mar 21 04:28:16 2026] [::1]:53238 Closing
[Sat Mar 21 04:31:52 2026] [::1]:63866 Accepted
[Sat Mar 21 04:31:53 2026] [::1]:63866 [302]: GET /wp-json/wc/v3/products/categories?oauth_consumer_key=ck_3df78f67936a715de1ad0b89a7cb0300150ae2e7&oauth_nonce=2aea1a976765a5dac16dfd7dcba28700169b6cc2&oauth_signature=JIcxBCoJaron4JILRX%2BxeZV4Xqlsv5AMgokgmM27%2F80%3D&oauth_signature_method=HMAC-SHA256&oauth_timestamp=1774067512&per_page=1&search=%D8%AC%D8%A7%D9%83%D9%8A%D8%AA
[Sat Mar 21 04:31:53 2026] [::1]:63866 Closing
[Sat Mar 21 04:31:53 2026] [::1]:63868 Accepted
[Sat Mar 21 04:31:53 2026] [::1]:63868 [302]: GET /wp-json/wc/v3/products/categories?oauth_consumer_key=ck_3df78f67936a715de1ad0b89a7cb0300150ae2e7&oauth_nonce=5c95ea6362e09390d1cf413c682c30fdd2559d9e&oauth_signature=eIB17LcE0tEtXHs%2FD%2BBBuRoiZxRUkV99acUpzFOuMx4%3D&oauth_signature_method=HMAC-SHA256&oauth_timestamp=1774067513&per_page=1&search=%D8%AC%D8%A7%D9%83%D9%8A%D8%AA%D8%A7%D8%AA
[Sat Mar 21 04:31:53 2026] [::1]:63868 Closing
[Sat Mar 21 04:31:53 2026] [::1]:63870 Accepted
[Sat Mar 21 04:31:53 2026] [::1]:63870 [302]: GET /wp-json/wc/v3/products/categories?oauth_consumer_key=ck_3df78f67936a715de1ad0b89a7cb0300150ae2e7&oauth_nonce=6726e67c74f303a3cfafa1b29d6cdc352d96079a&oauth_signature=rqRic7zYiQ1lAC6kywulc3a7NEC%2FsPi8nAlaauJ8mVs%3D&oauth_signature_method=HMAC-SHA256&oauth_timestamp=1774067513&per_page=1&search=%D9%85%D9%84%D8%A7%D8%A8%D8%B3+%D8%B5%D9%8A%D9%81%D9%8A%D8%A9
[Sat Mar 21 04:31:53 2026] [::1]:63870 Closing
[Sat Mar 21 04:31:53 2026] [::1]:63872 Accepted
[Sat Mar 21 04:31:53 2026] [::1]:63872 [302]: GET /wp-json/wc/v3/products/categories?oauth_consumer_key=ck_3df78f67936a715de1ad0b89a7cb0300150ae2e7&oauth_nonce=6a2d775dbf547567711903c7a01fc05326cd93e4&oauth_signature=TArLNseZ2xRkY8V06XwBm9rvto62BI08zdHDlwWGvsw%3D&oauth_signature_method=HMAC-SHA256&oauth_timestamp=1774067513&per_page=1&search=%D9%82%D9%85%D8%B5%D8%A7%D9%86
[Sat Mar 21 04:31:53 2026] [::1]:63872 Closing
[Sat Mar 21 04:31:53 2026] [::1]:63874 Accepted
[Sat Mar 21 04:31:54 2026] [::1]:63874 [302]: GET /wp-json/wc/v3/products?featured=1&oauth_consumer_key=ck_3df78f67936a715de1ad0b89a7cb0300150ae2e7&oauth_nonce=49889082306d3adaf6267d094d8856a16720163c&oauth_signature=WQtSaK%2BDOShTNlXVqSpyRc5RBlqTgLMv4sU34xIzebc%3D&oauth_signature_method=HMAC-SHA256&oauth_timestamp=1774067513&order=desc&orderby=date&per_page=8&status=publish
[Sat Mar 21 04:31:54 2026] [::1]:63874 Closing
[Sat Mar 21 04:31:58 2026] [::1]:51991 Accepted
[Sat Mar 21 04:31:59 2026] [::1]:51991 [302]: GET /wp-json/wc/v3/products/categories?oauth_consumer_key=ck_3df78f67936a715de1ad0b89a7cb0300150ae2e7&oauth_nonce=d65568e05ed87f7753cdfb397a327e6eaf875d38&oauth_signature=G0zb8W%2B1NjQYG%2F2B3U4j8dkG2b2%2F2DhleSsH88TWLa8%3D&oauth_signature_method=HMAC-SHA256&oauth_timestamp=1774067518&per_page=1&search=%D8%AC%D8%A7%D9%83%D9%8A%D8%AA
[Sat Mar 21 04:31:59 2026] [::1]:51991 Closing
[Sat Mar 21 04:31:59 2026] [::1]:51993 Accepted
[Sat Mar 21 04:31:59 2026] [::1]:51993 [302]: GET /wp-json/wc/v3/products/categories?oauth_consumer_key=ck_3df78f67936a715de1ad0b89a7cb0300150ae2e7&oauth_nonce=9f17cd8b6c4556ad368b111cb7bcd40089be0159&oauth_signature=6oKtZJIzkDMD1N%2B9nxcHHqMZMn9rN5Y5m%2BDf5BXvsrY%3D&oauth_signature_method=HMAC-SHA256&oauth_timestamp=1774067519&per_page=1&search=%D8%AC%D8%A7%D9%83%D9%8A%D8%AA%D8%A7%D8%AA
[Sat Mar 21 04:31:59 2026] [::1]:51993 Closing
[Sat Mar 21 04:31:59 2026] [::1]:51995 Accepted
[Sat Mar 21 04:31:59 2026] [::1]:51995 [302]: GET /wp-json/wc/v3/products/categories?oauth_consumer_key=ck_3df78f67936a715de1ad0b89a7cb0300150ae2e7&oauth_nonce=05acb0c1527fb202d5a002700b249a52d481ac73&oauth_signature=UEdD%2FzPDqj2in%2Bf0pW1x7%2B%2Fzt8%2BHuHmMdcuKquTKOio%3D&oauth_signature_method=HMAC-SHA256&oauth_timestamp=1774067519&per_page=1&search=%D9%85%D9%84%D8%A7%D8%A8%D8%B3+%D8%B5%D9%8A%D9%81%D9%8A%D8%A9
[Sat Mar 21 04:31:59 2026] [::1]:51995 Closing
[Sat Mar 21 04:31:59 2026] [::1]:51997 Accepted
[Sat Mar 21 04:31:59 2026] [::1]:51997 [302]: GET /wp-json/wc/v3/products/categories?oauth_consumer_key=ck_3df78f67936a715de1ad0b89a7cb0300150ae2e7&oauth_nonce=20da3bacb4c4af7352280e3a3dd60af55d9aa500&oauth_signature=5av4WAvV8E8o1viezxJhm0UF6SO0D6mHs6EjOXJ%2FQb8%3D&oauth_signature_method=HMAC-SHA256&oauth_timestamp=1774067519&per_page=1&search=%D9%82%D9%85%D8%B5%D8%A7%D9%86
[Sat Mar 21 04:31:59 2026] [::1]:51997 Closing
[Sat Mar 21 04:31:59 2026] [::1]:51999 Accepted
[Sat Mar 21 04:32:00 2026] [::1]:51999 [302]: GET /wp-json/wc/v3/products?featured=1&oauth_consumer_key=ck_3df78f67936a715de1ad0b89a7cb0300150ae2e7&oauth_nonce=724284dfd6c263e2430d35194b0379aa9157229a&oauth_signature=siLWEq%2BdhRz5NzBZz25%2FlVKoIDBuaqcZU%2FhGzjIOnF0%3D&oauth_signature_method=HMAC-SHA256&oauth_timestamp=1774067519&order=desc&orderby=date&per_page=8&status=publish
[Sat Mar 21 04:32:00 2026] [::1]:51999 Closing
[Sat Mar 21 04:34:16 2026] [::1]:56618 Accepted
[Sat Mar 21 04:34:17 2026] [::1]:56618 [302]: GET /wp-json/wc/v3/products/categories?oauth_consumer_key=ck_3df78f67936a715de1ad0b89a7cb0300150ae2e7&oauth_nonce=a092c7ae014327c4b8930788c930ab41281f06b4&oauth_signature=mY0n7FkCMAm%2BccGubB%2BU4LcQ8TSRK2WEI2zXjvMbQrM%3D&oauth_signature_method=HMAC-SHA256&oauth_timestamp=1774067656&per_page=1&search=%D8%AC%D8%A7%D9%83%D9%8A%D8%AA
[Sat Mar 21 04:34:17 2026] [::1]:56618 Closing
[Sat Mar 21 04:34:17 2026] [::1]:56620 Accepted
[Sat Mar 21 04:34:17 2026] [::1]:56620 [302]: GET /wp-json/wc/v3/products/categories?oauth_consumer_key=ck_3df78f67936a715de1ad0b89a7cb0300150ae2e7&oauth_nonce=21ad68742f07c08de14a0c316b450d08dcd331cd&oauth_signature=rMAfjx0UXaYNV9xbIu55hDUY6IhsaOa0zgaZTPzb6JU%3D&oauth_signature_method=HMAC-SHA256&oauth_timestamp=1774067657&per_page=1&search=%D8%AC%D8%A7%D9%83%D9%8A%D8%AA%D8%A7%D8%AA
[Sat Mar 21 04:34:17 2026] [::1]:56620 Closing
[Sat Mar 21 04:34:17 2026] [::1]:56623 Accepted
[Sat Mar 21 04:34:18 2026] [::1]:56623 [302]: GET /wp-json/wc/v3/products/categories?oauth_consumer_key=ck_3df78f67936a715de1ad0b89a7cb0300150ae2e7&oauth_nonce=bc0afb482c60ff33707088e37f1b4862a57ac9f7&oauth_signature=L2UjeB%2B0gDEOJ%2FBHWR01uZiIDH9zxr0ysTmH%2Fb2RSdw%3D&oauth_signature_method=HMAC-SHA256&oauth_timestamp=1774067657&per_page=1&search=%D9%85%D9%84%D8%A7%D8%A8%D8%B3+%D8%B5%D9%8A%D9%81%D9%8A%D8%A9
[Sat Mar 21 04:34:18 2026] [::1]:56623 Closing
[Sat Mar 21 04:34:18 2026] [::1]:56625 Accepted
[Sat Mar 21 04:34:18 2026] [::1]:56625 [302]: GET /wp-json/wc/v3/products/categories?oauth_consumer_key=ck_3df78f67936a715de1ad0b89a7cb0300150ae2e7&oauth_nonce=4a15703eea1b2a5cf71c4cb4fd18156920bf8164&oauth_signature=GxuN0TfNvN1FnD56LbT9SPgcPsDHXi2aY%2F9ntd9tb7Y%3D&oauth_signature_method=HMAC-SHA256&oauth_timestamp=1774067658&per_page=1&search=%D9%82%D9%85%D8%B5%D8%A7%D9%86
[Sat Mar 21 04:34:18 2026] [::1]:56625 Closing
[Sat Mar 21 04:34:18 2026] [::1]:56627 Accepted
[Sat Mar 21 04:34:19 2026] [::1]:56627 [302]: GET /wp-json/wc/v3/products?featured=1&oauth_consumer_key=ck_3df78f67936a715de1ad0b89a7cb0300150ae2e7&oauth_nonce=baed96c011335a909fbf38356fc54e45e8b97110&oauth_signature=HXDDbgVfEYSwLSGEzMw5zWpxhT55YCa7%2BioBIQRk8AE%3D&oauth_signature_method=HMAC-SHA256&oauth_timestamp=1774067658&order=desc&orderby=date&per_page=8&status=publish
[Sat Mar 21 04:34:19 2026] [::1]:56627 Closing
[Sat Mar 21 04:34:24 2026] [::1]:58829 Accepted
[Sat Mar 21 04:34:25 2026] [::1]:58829 [302]: GET /wp-json/wc/v3/products/categories?oauth_consumer_key=ck_3df78f67936a715de1ad0b89a7cb0300150ae2e7&oauth_nonce=0325584a9468feda140bed4e9bfcd43df8b183a2&oauth_signature=oLkgI0OWGVpyawFk%2FdNb79AtcEvlBzIigeSOh6FCK8Y%3D&oauth_signature_method=HMAC-SHA256&oauth_timestamp=1774067664&per_page=1&search=%D8%AC%D8%A7%D9%83%D9%8A%D8%AA
[Sat Mar 21 04:34:25 2026] [::1]:58829 Closing
[Sat Mar 21 04:34:25 2026] [::1]:58831 Accepted
[Sat Mar 21 04:34:25 2026] [::1]:58831 [302]: GET /wp-json/wc/v3/products/categories?oauth_consumer_key=ck_3df78f67936a715de1ad0b89a7cb0300150ae2e7&oauth_nonce=192f8fe7543df905f6a4bc46d0caa36a252b44d6&oauth_signature=mnIlylvpyiQk7e7UydTwFJIBgHsliAUrbIYnztH1LQA%3D&oauth_signature_method=HMAC-SHA256&oauth_timestamp=1774067665&per_page=1&search=%D8%AC%D8%A7%D9%83%D9%8A%D8%AA%D8%A7%D8%AA
[Sat Mar 21 04:34:25 2026] [::1]:58831 Closing
[Sat Mar 21 04:34:25 2026] [::1]:58833 Accepted
[Sat Mar 21 04:34:26 2026] [::1]:58833 [302]: GET /wp-json/wc/v3/products/categories?oauth_consumer_key=ck_3df78f67936a715de1ad0b89a7cb0300150ae2e7&oauth_nonce=905e60311ef89562c42fee2f2078354895a5062c&oauth_signature=D7c5umDZ1sy%2Bv0HBMHo3LgYlNYLF2VnguqvHPTMmwKU%3D&oauth_signature_method=HMAC-SHA256&oauth_timestamp=1774067665&per_page=1&search=%D9%85%D9%84%D8%A7%D8%A8%D8%B3+%D8%B5%D9%8A%D9%81%D9%8A%D8%A9
[Sat Mar 21 04:34:26 2026] [::1]:58833 Closing
[Sat Mar 21 04:34:26 2026] [::1]:58836 Accepted
[Sat Mar 21 04:34:26 2026] [::1]:58836 [302]: GET /wp-json/wc/v3/products/categories?oauth_consumer_key=ck_3df78f67936a715de1ad0b89a7cb0300150ae2e7&oauth_nonce=b37cbcec2bc5148773867aab2540656f7bc9f5dc&oauth_signature=m17lryC3Ch15fbSaEmNtoG4ejIAMRx9vDNL4coJ%2Byl4%3D&oauth_signature_method=HMAC-SHA256&oauth_timestamp=1774067666&per_page=1&search=%D9%82%D9%85%D8%B5%D8%A7%D9%86
[Sat Mar 21 04:34:26 2026] [::1]:58836 Closing
[Sat Mar 21 04:34:26 2026] [::1]:58840 Accepted
[Sat Mar 21 04:34:27 2026] [::1]:58840 [302]: GET /wp-json/wc/v3/products?featured=1&oauth_consumer_key=ck_3df78f67936a715de1ad0b89a7cb0300150ae2e7&oauth_nonce=4daa2f8b29589353dfab7616eed689e29699b45b&oauth_signature=XDgWXa7BLg%2FUJ37tCsxWI%2FRXD4UBD7eMn0Mi%2BhrVa5A%3D&oauth_signature_method=HMAC-SHA256&oauth_timestamp=1774067666&order=desc&orderby=date&per_page=8&status=publish
[Sat Mar 21 04:34:27 2026] [::1]:58840 Closing
[Sat Mar 21 04:34:48 2026] [::1]:60137 Accepted
[Sat Mar 21 04:34:48 2026] [::1]:60137 [302]: GET /wp-json/wc/v3/products/categories?oauth_consumer_key=ck_3df78f67936a715de1ad0b89a7cb0300150ae2e7&oauth_nonce=cd536e2a5fff11616ad5b7a671351b1e5890a0eb&oauth_signature=g6o9Z75m4SJqiYKv%2FlTNG31Phcvt%2B62v7xf1QfN%2By6U%3D&oauth_signature_method=HMAC-SHA256&oauth_timestamp=1774067688&per_page=1&search=%D8%AC%D8%A7%D9%83%D9%8A%D8%AA
[Sat Mar 21 04:34:48 2026] [::1]:60137 Closing
[Sat Mar 21 04:34:48 2026] [::1]:60139 Accepted
[Sat Mar 21 04:34:49 2026] [::1]:60139 [302]: GET /wp-json/wc/v3/products/categories?oauth_consumer_key=ck_3df78f67936a715de1ad0b89a7cb0300150ae2e7&oauth_nonce=da5904777c63d0d4975d4730a9d937680e99657a&oauth_signature=0c3I%2F1c77J2MImhvaEEXFcCz%2F2bLORShCiWoSaPyjc4%3D&oauth_signature_method=HMAC-SHA256&oauth_timestamp=1774067688&per_page=1&search=%D8%AC%D8%A7%D9%83%D9%8A%D8%AA%D8%A7%D8%AA
[Sat Mar 21 04:34:49 2026] [::1]:60139 Closing
[Sat Mar 21 04:34:49 2026] [::1]:60141 Accepted
[Sat Mar 21 04:34:49 2026] [::1]:60141 [302]: GET /wp-json/wc/v3/products/categories?oauth_consumer_key=ck_3df78f67936a715de1ad0b89a7cb0300150ae2e7&oauth_nonce=7a60ff6c7ac97e061bbe85b23de734c3047b938c&oauth_signature=ZDhFaZFAPMEzWI68YyMsBY6IuxXlLgKbZpKl%2FgGy1yc%3D&oauth_signature_method=HMAC-SHA256&oauth_timestamp=1774067689&per_page=1&search=%D9%85%D9%84%D8%A7%D8%A8%D8%B3+%D8%B5%D9%8A%D9%81%D9%8A%D8%A9
[Sat Mar 21 04:34:49 2026] [::1]:60141 Closing
[Sat Mar 21 04:34:49 2026] [::1]:60143 Accepted
[Sat Mar 21 04:34:50 2026] [::1]:60143 [302]: GET /wp-json/wc/v3/products/categories?oauth_consumer_key=ck_3df78f67936a715de1ad0b89a7cb0300150ae2e7&oauth_nonce=a792081869b7e9d7816392cd35d6f0faa0fbc260&oauth_signature=qWU31BBktBjaMEqknO7mCSVmRC6MYbD1uz6hG0Z6Jjo%3D&oauth_signature_method=HMAC-SHA256&oauth_timestamp=1774067689&per_page=1&search=%D9%82%D9%85%D8%B5%D8%A7%D9%86
[Sat Mar 21 04:34:50 2026] [::1]:60143 Closing
[Sat Mar 21 04:34:50 2026] [::1]:60146 Accepted
[Sat Mar 21 04:34:51 2026] [::1]:60146 [302]: GET /wp-json/wc/v3/products?featured=1&oauth_consumer_key=ck_3df78f67936a715de1ad0b89a7cb0300150ae2e7&oauth_nonce=c7b36e24dcf9258aac75513f98631f4d952a2f57&oauth_signature=XZNWpgN1bp5hdlCjgyx9o3LN%2F%2FEgLhsGnoNbu1NXXYM%3D&oauth_signature_method=HMAC-SHA256&oauth_timestamp=1774067690&order=desc&orderby=date&per_page=8&status=publish
[Sat Mar 21 04:34:51 2026] [::1]:60146 Closing
[Sat Mar 21 04:34:55 2026] [::1]:59012 Accepted
[Sat Mar 21 04:34:56 2026] [::1]:59012 [302]: GET /wp-json/wc/v3/products/categories?oauth_consumer_key=ck_3df78f67936a715de1ad0b89a7cb0300150ae2e7&oauth_nonce=422ed9a44f2e5007ba75be52160a5b3507618acb&oauth_signature=ZpnAVZKogTe3OUmTfPQBY2bh6H03IkUBO6F8393x47A%3D&oauth_signature_method=HMAC-SHA256&oauth_timestamp=1774067695&per_page=1&search=%D8%AC%D8%A7%D9%83%D9%8A%D8%AA
[Sat Mar 21 04:34:56 2026] [::1]:59012 Closing
[Sat Mar 21 04:34:56 2026] [::1]:59016 Accepted
[Sat Mar 21 04:34:57 2026] [::1]:59016 [302]: GET /wp-json/wc/v3/products/categories?oauth_consumer_key=ck_3df78f67936a715de1ad0b89a7cb0300150ae2e7&oauth_nonce=1e2b0bdd4f0a956b2ed89e8fef823e885248ea1b&oauth_signature=sJ0syYdiL6LC9pKAm4fANhBmGsk3p%2BKaSmv%2FI5Uwgfg%3D&oauth_signature_method=HMAC-SHA256&oauth_timestamp=1774067696&per_page=1&search=%D8%AC%D8%A7%D9%83%D9%8A%D8%AA%D8%A7%D8%AA
[Sat Mar 21 04:34:57 2026] [::1]:59016 Closing
[Sat Mar 21 04:34:57 2026] [::1]:59018 Accepted
[Sat Mar 21 04:34:58 2026] [::1]:59018 [302]: GET /wp-json/wc/v3/products/categories?oauth_consumer_key=ck_3df78f67936a715de1ad0b89a7cb0300150ae2e7&oauth_nonce=c3975b070703265a382f76e3a84ead9973a58677&oauth_signature=wLU9S212%2BJ%2FnYTKFOIxoyX7dXCRFEywQNfKJshTOk3A%3D&oauth_signature_method=HMAC-SHA256&oauth_timestamp=1774067697&per_page=1&search=%D9%85%D9%84%D8%A7%D8%A8%D8%B3+%D8%B5%D9%8A%D9%81%D9%8A%D8%A9
[Sat Mar 21 04:34:58 2026] [::1]:59018 Closing
[Sat Mar 21 04:34:58 2026] [::1]:59021 Accepted
[Sat Mar 21 04:34:59 2026] [::1]:59021 [302]: GET /wp-json/wc/v3/products/categories?oauth_consumer_key=ck_3df78f67936a715de1ad0b89a7cb0300150ae2e7&oauth_nonce=2b09ee277ed261c4602c9cd759a6e3d1e7acda95&oauth_signature=K5lXRIs%2FwbgB3%2FAZYrbtxQAgoDMmsXpHpQTXnc0u7ic%3D&oauth_signature_method=HMAC-SHA256&oauth_timestamp=1774067698&per_page=1&search=%D9%82%D9%85%D8%B5%D8%A7%D9%86
[Sat Mar 21 04:34:59 2026] [::1]:59021 Closing
[Sat Mar 21 04:34:59 2026] [::1]:59024 Accepted
[Sat Mar 21 04:35:00 2026] [::1]:59024 [302]: GET /wp-json/wc/v3/products?featured=1&oauth_consumer_key=ck_3df78f67936a715de1ad0b89a7cb0300150ae2e7&oauth_nonce=4c13d5ef3391d72edae792529d4bb3109d163590&oauth_signature=9obKMyrfxQoAxRZ%2BHlz0wF9efKU%2BpSypMu5pJVe5IlU%3D&oauth_signature_method=HMAC-SHA256&oauth_timestamp=1774067699&order=desc&orderby=date&per_page=8&status=publish
[Sat Mar 21 04:35:00 2026] [::1]:59024 Closing
[Sat Mar 21 04:37:01 2026] [::1]:50062 Accepted
[Sat Mar 21 04:37:02 2026] [::1]:50062 [302]: GET /wp-json/wc/v3/products/categories?oauth_consumer_key=ck_3df78f67936a715de1ad0b89a7cb0300150ae2e7&oauth_nonce=0f48e841f89edb7b24a9a1a2c866c4eba7d2d77c&oauth_signature=HUtSyouMRHpCr4vrlCysrWV24qdKEppcF5eyINAthYk%3D&oauth_signature_method=HMAC-SHA256&oauth_timestamp=1774067821&per_page=1&search=%D8%AC%D8%A7%D9%83%D9%8A%D8%AA
[Sat Mar 21 04:37:02 2026] [::1]:50062 Closing
[Sat Mar 21 04:37:02 2026] [::1]:50065 Accepted
[Sat Mar 21 04:37:03 2026] [::1]:50065 [302]: GET /wp-json/wc/v3/products/categories?oauth_consumer_key=ck_3df78f67936a715de1ad0b89a7cb0300150ae2e7&oauth_nonce=52d1e0720da2b5bbb991961e88166a512ee14792&oauth_signature=MhDCT1bafMO8ZpVti31zq2ZrROCCVJJVXX1jrW55Nes%3D&oauth_signature_method=HMAC-SHA256&oauth_timestamp=1774067822&per_page=1&search=%D8%AC%D8%A7%D9%83%D9%8A%D8%AA%D8%A7%D8%AA
[Sat Mar 21 04:37:03 2026] [::1]:50065 Closing
[Sat Mar 21 04:37:03 2026] [::1]:50067 Accepted
[Sat Mar 21 04:37:04 2026] [::1]:50067 [302]: GET /wp-json/wc/v3/products/categories?oauth_consumer_key=ck_3df78f67936a715de1ad0b89a7cb0300150ae2e7&oauth_nonce=de834c71df6b3662ad990f9ddbd336330d7f5f74&oauth_signature=OFxAlG1hFSCUm625zzDZM67Nbbj11pYaMiTu7dkk9fw%3D&oauth_signature_method=HMAC-SHA256&oauth_timestamp=1774067823&per_page=1&search=%D9%85%D9%84%D8%A7%D8%A8%D8%B3+%D8%B5%D9%8A%D9%81%D9%8A%D8%A9
[Sat Mar 21 04:37:04 2026] [::1]:50067 Closing
[Sat Mar 21 04:37:04 2026] [::1]:50070 Accepted
[Sat Mar 21 04:37:05 2026] [::1]:50070 [302]: GET /wp-json/wc/v3/products/categories?oauth_consumer_key=ck_3df78f67936a715de1ad0b89a7cb0300150ae2e7&oauth_nonce=1c8c75e287e8887dbbd06e9f3fa9d672581bde2d&oauth_signature=d6hlFGQod%2FgkiNx94xU5VZF8tjHGKw%2FyGxYYmp2Tl2A%3D&oauth_signature_method=HMAC-SHA256&oauth_timestamp=1774067824&per_page=1&search=%D9%82%D9%85%D8%B5%D8%A7%D9%86
[Sat Mar 21 04:37:05 2026] [::1]:50070 Closing
[Sat Mar 21 04:37:05 2026] [::1]:50073 Accepted
[Sat Mar 21 04:37:05 2026] [::1]:50073 [302]: GET /wp-json/wc/v3/products?featured=1&oauth_consumer_key=ck_3df78f67936a715de1ad0b89a7cb0300150ae2e7&oauth_nonce=fb06caac6c9fef5c79eacd03ea0d133098bffbe3&oauth_signature=9LIk06wbFF%2B7F3%2F%2FTkCG03q6h5lH5PmdltAv%2F0pQU%2FE%3D&oauth_signature_method=HMAC-SHA256&oauth_timestamp=1774067825&order=desc&orderby=date&per_page=8&status=publish
[Sat Mar 21 04:37:05 2026] [::1]:50073 Closing
[Sat Mar 21 04:37:11 2026] [::1]:51059 Accepted
[Sat Mar 21 04:37:11 2026] [::1]:51059 [302]: GET /wp-json/wc/v3/products/categories?oauth_consumer_key=ck_3df78f67936a715de1ad0b89a7cb0300150ae2e7&oauth_nonce=6d925b9dbab985a90452736cbbbb7ae991ff73a7&oauth_signature=I6Qs%2FbfbvNX4J5zBwlxgA%2BdkHak2FBbUxswYtBq2SRc%3D&oauth_signature_method=HMAC-SHA256&oauth_timestamp=1774067831&per_page=1&search=%D8%AC%D8%A7%D9%83%D9%8A%D8%AA
[Sat Mar 21 04:37:11 2026] [::1]:51059 Closing
[Sat Mar 21 04:37:11 2026] [::1]:51061 Accepted
[Sat Mar 21 04:37:11 2026] [::1]:51061 [302]: GET /wp-json/wc/v3/products/categories?oauth_consumer_key=ck_3df78f67936a715de1ad0b89a7cb0300150ae2e7&oauth_nonce=a4eedeaf383508655a980892d1bdacb45a5a7d21&oauth_signature=cwPco4SU4aHkalW0tb4%2BQ1vlTUffePlRFt8v8pCByTk%3D&oauth_signature_method=HMAC-SHA256&oauth_timestamp=1774067831&per_page=1&search=%D8%AC%D8%A7%D9%83%D9%8A%D8%AA%D8%A7%D8%AA
[Sat Mar 21 04:37:11 2026] [::1]:51061 Closing
[Sat Mar 21 04:37:11 2026] [::1]:51063 Accepted
[Sat Mar 21 04:37:12 2026] [::1]:51063 [302]: GET /wp-json/wc/v3/products/categories?oauth_consumer_key=ck_3df78f67936a715de1ad0b89a7cb0300150ae2e7&oauth_nonce=59dba42eaa1512d0f3f69a93cf47ecb7c7b71dc8&oauth_signature=%2BOpn9%2BWeS3771POeCfh89PUVgh9MKnTMqVELFLGy69k%3D&oauth_signature_method=HMAC-SHA256&oauth_timestamp=1774067831&per_page=1&search=%D9%85%D9%84%D8%A7%D8%A8%D8%B3+%D8%B5%D9%8A%D9%81%D9%8A%D8%A9
[Sat Mar 21 04:37:12 2026] [::1]:51063 Closing
[Sat Mar 21 04:37:12 2026] [::1]:51065 Accepted
[Sat Mar 21 04:37:12 2026] [::1]:51065 [302]: GET /wp-json/wc/v3/products/categories?oauth_consumer_key=ck_3df78f67936a715de1ad0b89a7cb0300150ae2e7&oauth_nonce=237023998ba211477da0e4d92bdfcda558435469&oauth_signature=PS7PrGuKvnMKXkTqd87PbRln1Ifstud8YdEB%2F%2BEEW%2Fo%3D&oauth_signature_method=HMAC-SHA256&oauth_timestamp=1774067832&per_page=1&search=%D9%82%D9%85%D8%B5%D8%A7%D9%86
[Sat Mar 21 04:37:12 2026] [::1]:51065 Closing
[Sat Mar 21 04:37:12 2026] [::1]:51068 Accepted
[Sat Mar 21 04:37:13 2026] [::1]:51068 [302]: GET /wp-json/wc/v3/products?featured=1&oauth_consumer_key=ck_3df78f67936a715de1ad0b89a7cb0300150ae2e7&oauth_nonce=5c308e54b8da031f8b67ae07a4b61e03f45ed6f4&oauth_signature=Xw1cAPldf1u%2BpLb16LHEyaJ2WTfytRe2uapKQ168Ww8%3D&oauth_signature_method=HMAC-SHA256&oauth_timestamp=1774067832&order=desc&orderby=date&per_page=8&status=publish
[Sat Mar 21 04:37:13 2026] [::1]:51068 Closing
[Sat Mar 21 04:37:23 2026] [::1]:62878 Accepted
[Sat Mar 21 04:37:24 2026] [::1]:62878 [302]: GET /wp-json/wc/v3/products/categories?oauth_consumer_key=ck_3df78f67936a715de1ad0b89a7cb0300150ae2e7&oauth_nonce=4320ab78968b0209d6242d5484cf18dd715fbdd6&oauth_signature=3PQJ8RJJdiqwCUCQNM4jlCUtmP4s7PtqNl5aoclhpBg%3D&oauth_signature_method=HMAC-SHA256&oauth_timestamp=1774067843&per_page=1&search=%D8%AC%D8%A7%D9%83%D9%8A%D8%AA
[Sat Mar 21 04:37:24 2026] [::1]:62878 Closing
[Sat Mar 21 04:37:24 2026] [::1]:62880 Accepted
[Sat Mar 21 04:37:24 2026] [::1]:62880 [302]: GET /wp-json/wc/v3/products/categories?oauth_consumer_key=ck_3df78f67936a715de1ad0b89a7cb0300150ae2e7&oauth_nonce=117a3ffa33aed24e7e5bdda64d0fbf5d229d07ba&oauth_signature=r56FzNNKH3czWmqwZXKIHHC9xGEbSQbzrrG2j9Y%2FTjE%3D&oauth_signature_method=HMAC-SHA256&oauth_timestamp=1774067844&per_page=1&search=%D8%AC%D8%A7%D9%83%D9%8A%D8%AA%D8%A7%D8%AA
[Sat Mar 21 04:37:24 2026] [::1]:62880 Closing
[Sat Mar 21 04:37:24 2026] [::1]:62882 Accepted
[Sat Mar 21 04:37:24 2026] [::1]:62882 [302]: GET /wp-json/wc/v3/products/categories?oauth_consumer_key=ck_3df78f67936a715de1ad0b89a7cb0300150ae2e7&oauth_nonce=f0aa215f2430ac05b1649178ba3e80d764694b93&oauth_signature=ORFrHMt%2BVQeoZfSq5krjMdaVpOnYnaM7UBPBuVpNNBI%3D&oauth_signature_method=HMAC-SHA256&oauth_timestamp=1774067844&per_page=1&search=%D9%85%D9%84%D8%A7%D8%A8%D8%B3+%D8%B5%D9%8A%D9%81%D9%8A%D8%A9
[Sat Mar 21 04:37:24 2026] [::1]:62882 Closing
[Sat Mar 21 04:37:24 2026] [::1]:62884 Accepted
[Sat Mar 21 04:37:24 2026] [::1]:62884 [302]: GET /wp-json/wc/v3/products/categories?oauth_consumer_key=ck_3df78f67936a715de1ad0b89a7cb0300150ae2e7&oauth_nonce=d2be5717078747bf9714a938246a3a347044c6cc&oauth_signature=LJfQfRxGoYukj7QOXptjpND2aCqhsI7PuDIHPqwE1cA%3D&oauth_signature_method=HMAC-SHA256&oauth_timestamp=1774067844&per_page=1&search=%D9%82%D9%85%D8%B5%D8%A7%D9%86
[Sat Mar 21 04:37:24 2026] [::1]:62884 Closing
[Sat Mar 21 04:37:24 2026] [::1]:62886 Accepted
[Sat Mar 21 04:37:25 2026] [::1]:62886 [302]: GET /wp-json/wc/v3/products?featured=1&oauth_consumer_key=ck_3df78f67936a715de1ad0b89a7cb0300150ae2e7&oauth_nonce=e57846cdb4996f70cb69a841bbae12f228ba2a78&oauth_signature=CMvEwVMzOVmBxQt%2B%2BnjxIhdhsREa%2Fvoy2CO7sshgiVA%3D&oauth_signature_method=HMAC-SHA256&oauth_timestamp=1774067844&order=desc&orderby=date&per_page=8&status=publish
[Sat Mar 21 04:37:25 2026] [::1]:62886 Closing
[Sat Mar 21 04:37:29 2026] [::1]:65003 Accepted
[Sat Mar 21 04:37:30 2026] [::1]:65003 [302]: GET /wp-json/wc/v3/products/categories?oauth_consumer_key=ck_3df78f67936a715de1ad0b89a7cb0300150ae2e7&oauth_nonce=558de92088e3cf3c8277555931255321abdf43f3&oauth_signature=l%2FVtlgUDqAWneDGG0N%2FrAn6ODgehIWBrzW21BAimv%2BI%3D&oauth_signature_method=HMAC-SHA256&oauth_timestamp=1774067849&per_page=1&search=%D8%AC%D8%A7%D9%83%D9%8A%D8%AA
[Sat Mar 21 04:37:30 2026] [::1]:65003 Closing
[Sat Mar 21 04:37:30 2026] [::1]:65005 Accepted
[Sat Mar 21 04:37:30 2026] [::1]:65005 [302]: GET /wp-json/wc/v3/products/categories?oauth_consumer_key=ck_3df78f67936a715de1ad0b89a7cb0300150ae2e7&oauth_nonce=8e7bc02d39ef05399f6117e6e7aab00a1273497b&oauth_signature=gZrtV6hib5QL3MZfVS6qeb6F9Pn9F3wlMUeW1HCgqms%3D&oauth_signature_method=HMAC-SHA256&oauth_timestamp=1774067850&per_page=1&search=%D8%AC%D8%A7%D9%83%D9%8A%D8%AA%D8%A7%D8%AA
[Sat Mar 21 04:37:30 2026] [::1]:65005 Closing
[Sat Mar 21 04:37:30 2026] [::1]:65007 Accepted
[Sat Mar 21 04:37:30 2026] [::1]:65007 [302]: GET /wp-json/wc/v3/products/categories?oauth_consumer_key=ck_3df78f67936a715de1ad0b89a7cb0300150ae2e7&oauth_nonce=41d9a79089c5197fb2bc3dd178c96f7c3fd6e553&oauth_signature=Pd3lSNZuBG4767cYG70Gp3e%2B3k9sV48cPQ%2FcRCpRgQ8%3D&oauth_signature_method=HMAC-SHA256&oauth_timestamp=1774067850&per_page=1&search=%D9%85%D9%84%D8%A7%D8%A8%D8%B3+%D8%B5%D9%8A%D9%81%D9%8A%D8%A9
[Sat Mar 21 04:37:30 2026] [::1]:65007 Closing
[Sat Mar 21 04:37:30 2026] [::1]:65009 Accepted
[Sat Mar 21 04:37:31 2026] [::1]:65009 [302]: GET /wp-json/wc/v3/products/categories?oauth_consumer_key=ck_3df78f67936a715de1ad0b89a7cb0300150ae2e7&oauth_nonce=cc5c121e21d7b9d204c372f7108fa5d3dd13bde4&oauth_signature=QfLuvkxPI9YxUbg9kGMH%2Bp4i7rvAl1Ig%2B1Xrbtf7bPQ%3D&oauth_signature_method=HMAC-SHA256&oauth_timestamp=1774067850&per_page=1&search=%D9%82%D9%85%D8%B5%D8%A7%D9%86
[Sat Mar 21 04:37:31 2026] [::1]:65009 Closing
[Sat Mar 21 04:37:31 2026] [::1]:65011 Accepted
[Sat Mar 21 04:37:31 2026] [::1]:65011 [302]: GET /wp-json/wc/v3/products?featured=1&oauth_consumer_key=ck_3df78f67936a715de1ad0b89a7cb0300150ae2e7&oauth_nonce=1fc1f6b6ec60b3360c75d55ddbe7f1b6aeaca0a6&oauth_signature=Df%2Fost3IkT%2Bzlcfg7I4Pknur61AdWjJshjK%2FeYtyXOA%3D&oauth_signature_method=HMAC-SHA256&oauth_timestamp=1774067851&order=desc&orderby=date&per_page=8&status=publish
[Sat Mar 21 04:37:31 2026] [::1]:65011 Closing
[Sat Mar 21 04:37:34 2026] [::1]:60592 Accepted
[Sat Mar 21 04:37:34 2026] [::1]:60592 [302]: GET /wp-json/wc/v3/products/categories?oauth_consumer_key=ck_3df78f67936a715de1ad0b89a7cb0300150ae2e7&oauth_nonce=1c03c621c48df8ac38e35c09247d557fa59ab8b5&oauth_signature=j89Yyr2QSVkO7fpodcGA1ipu2vuM1z%2FTgEVVbKyIRxs%3D&oauth_signature_method=HMAC-SHA256&oauth_timestamp=1774067854&per_page=1&search=%D8%AC%D8%A7%D9%83%D9%8A%D8%AA
[Sat Mar 21 04:37:34 2026] [::1]:60592 Closing
[Sat Mar 21 04:37:35 2026] [::1]:60594 Accepted
[Sat Mar 21 04:37:35 2026] [::1]:60594 [302]: GET /wp-json/wc/v3/products/categories?oauth_consumer_key=ck_3df78f67936a715de1ad0b89a7cb0300150ae2e7&oauth_nonce=51518f8c2261046b5fdb2e0d676fcbaecec595e4&oauth_signature=QsYHKieAm2gG04Dw2iOsoG0VM58w1JMzSenqoRef5hw%3D&oauth_signature_method=HMAC-SHA256&oauth_timestamp=1774067854&per_page=1&search=%D8%AC%D8%A7%D9%83%D9%8A%D8%AA%D8%A7%D8%AA
[Sat Mar 21 04:37:35 2026] [::1]:60594 Closing
[Sat Mar 21 04:37:35 2026] [::1]:60596 Accepted
[Sat Mar 21 04:37:35 2026] [::1]:60596 [302]: GET /wp-json/wc/v3/products/categories?oauth_consumer_key=ck_3df78f67936a715de1ad0b89a7cb0300150ae2e7&oauth_nonce=7341975ab685bbf20fff615c98243ec67a1bd2f6&oauth_signature=wkPWVtHM267uDeN0emQAGv41%2BUc0hVTdXLnRYY%2FLvR4%3D&oauth_signature_method=HMAC-SHA256&oauth_timestamp=1774067855&per_page=1&search=%D9%85%D9%84%D8%A7%D8%A8%D8%B3+%D8%B5%D9%8A%D9%81%D9%8A%D8%A9
[Sat Mar 21 04:37:35 2026] [::1]:60596 Closing
[Sat Mar 21 04:37:35 2026] [::1]:60598 Accepted
[Sat Mar 21 04:37:35 2026] [::1]:60598 [302]: GET /wp-json/wc/v3/products/categories?oauth_consumer_key=ck_3df78f67936a715de1ad0b89a7cb0300150ae2e7&oauth_nonce=e3abce5616a312fef834293af3a79cc0be1e6c7f&oauth_signature=VHaTWIDUEllO9RutcOXLyZpHapum5mc6uplfWC%2FszyQ%3D&oauth_signature_method=HMAC-SHA256&oauth_timestamp=1774067855&per_page=1&search=%D9%82%D9%85%D8%B5%D8%A7%D9%86
[Sat Mar 21 04:37:35 2026] [::1]:60598 Closing
[Sat Mar 21 04:37:35 2026] [::1]:60600 Accepted
[Sat Mar 21 04:37:36 2026] [::1]:60600 [302]: GET /wp-json/wc/v3/products?featured=1&oauth_consumer_key=ck_3df78f67936a715de1ad0b89a7cb0300150ae2e7&oauth_nonce=d52b7f9e5b65577a6f9f09a189b4bf13febd1921&oauth_signature=m%2F4nkmsDOYWZcliXOfwshUeohw7frVLumPkC2Rew5fI%3D&oauth_signature_method=HMAC-SHA256&oauth_timestamp=1774067855&order=desc&orderby=date&per_page=8&status=publish
[Sat Mar 21 04:37:36 2026] [::1]:60600 Closing
[Sat Mar 21 04:37:40 2026] [::1]:61399 Accepted
[Sat Mar 21 04:37:40 2026] [::1]:61399 [302]: GET /wp-json/wc/v3/products/categories?oauth_consumer_key=ck_3df78f67936a715de1ad0b89a7cb0300150ae2e7&oauth_nonce=0a6d436d8fc7de2f72a1e27ae5d42fb896ce5ed2&oauth_signature=XTnCl3QCgYb8XRRQmjwnI9f6fOG1KopTokvB%2FaP0sGA%3D&oauth_signature_method=HMAC-SHA256&oauth_timestamp=1774067860&per_page=1&search=%D8%AC%D8%A7%D9%83%D9%8A%D8%AA
[Sat Mar 21 04:37:40 2026] [::1]:61399 Closing
[Sat Mar 21 04:37:40 2026] [::1]:61401 Accepted
[Sat Mar 21 04:37:40 2026] [::1]:61401 [302]: GET /wp-json/wc/v3/products/categories?oauth_consumer_key=ck_3df78f67936a715de1ad0b89a7cb0300150ae2e7&oauth_nonce=072646496f8337d37c291a2472aa948777d073f2&oauth_signature=iBCNzN3OagfhD864IEgWb38IPoyJCMJ2KqLKAoSd2fU%3D&oauth_signature_method=HMAC-SHA256&oauth_timestamp=1774067860&per_page=1&search=%D8%AC%D8%A7%D9%83%D9%8A%D8%AA%D8%A7%D8%AA
[Sat Mar 21 04:37:40 2026] [::1]:61401 Closing
[Sat Mar 21 04:37:40 2026] [::1]:61403 Accepted
[Sat Mar 21 04:37:41 2026] [::1]:61403 [302]: GET /wp-json/wc/v3/products/categories?oauth_consumer_key=ck_3df78f67936a715de1ad0b89a7cb0300150ae2e7&oauth_nonce=470c3cfdf2da29981b6ebbc804c0356a3ae524f5&oauth_signature=U4hzdf%2BksbLSI2oTmYqqt5dALR4%2BU%2BNXWRrjmQflVcw%3D&oauth_signature_method=HMAC-SHA256&oauth_timestamp=1774067860&per_page=1&search=%D9%85%D9%84%D8%A7%D8%A8%D8%B3+%D8%B5%D9%8A%D9%81%D9%8A%D8%A9
[Sat Mar 21 04:37:41 2026] [::1]:61403 Closing
[Sat Mar 21 04:37:41 2026] [::1]:61405 Accepted
[Sat Mar 21 04:37:41 2026] [::1]:61405 [302]: GET /wp-json/wc/v3/products/categories?oauth_consumer_key=ck_3df78f67936a715de1ad0b89a7cb0300150ae2e7&oauth_nonce=daee8d2ec18ca8ed3809ad75b522f3e123ec0653&oauth_signature=tH4fQBPM1tqStQvdZmT0bnxJ2lb702%2BvOlZprsLNJgw%3D&oauth_signature_method=HMAC-SHA256&oauth_timestamp=1774067861&per_page=1&search=%D9%82%D9%85%D8%B5%D8%A7%D9%86
[Sat Mar 21 04:37:41 2026] [::1]:61405 Closing
[Sat Mar 21 04:37:41 2026] [::1]:61407 Accepted
[Sat Mar 21 04:37:41 2026] [::1]:61407 [302]: GET /wp-json/wc/v3/products?featured=1&oauth_consumer_key=ck_3df78f67936a715de1ad0b89a7cb0300150ae2e7&oauth_nonce=3d271d0124b056ff9e61b7b0aa72ab5b700a05e4&oauth_signature=22RmJNUJi3DWuTWlmNUrcOS0neG0bbJfAjriCj5LstE%3D&oauth_signature_method=HMAC-SHA256&oauth_timestamp=1774067861&order=desc&orderby=date&per_page=8&status=publish
[Sat Mar 21 04:37:41 2026] [::1]:61407 Closing
[Sat Mar 21 04:44:17 2026] [::1]:56658 Accepted
[Sat Mar 21 04:44:17 2026] [::1]:56658 [302]: GET /wp-json/wc/v3/products/categories?oauth_consumer_key=ck_3df78f67936a715de1ad0b89a7cb0300150ae2e7&oauth_nonce=1922fdeca383c1b9afdafe5c54a9745e97c866c4&oauth_signature=O3empNxvs4EVysjayaYVTHKLUK09waaiRRoF3mLcLE4%3D&oauth_signature_method=HMAC-SHA256&oauth_timestamp=1774068257&per_page=1&search=%D8%AC%D8%A7%D9%83%D9%8A%D8%AA
[Sat Mar 21 04:44:17 2026] [::1]:56658 Closing
[Sat Mar 21 04:44:17 2026] [::1]:56660 Accepted
[Sat Mar 21 04:44:18 2026] [::1]:56660 [302]: GET /wp-json/wc/v3/products/categories?oauth_consumer_key=ck_3df78f67936a715de1ad0b89a7cb0300150ae2e7&oauth_nonce=19d9e27fe222bcfe4fd7f5e07b415060874f2733&oauth_signature=U77jvDUFu3REH2EmsR0R%2FgzmnIuqKix5lELwffxqiaY%3D&oauth_signature_method=HMAC-SHA256&oauth_timestamp=1774068257&per_page=1&search=%D8%AC%D8%A7%D9%83%D9%8A%D8%AA%D8%A7%D8%AA
[Sat Mar 21 04:44:18 2026] [::1]:56660 Closing
[Sat Mar 21 04:44:18 2026] [::1]:56662 Accepted
[Sat Mar 21 04:44:18 2026] [::1]:56662 [302]: GET /wp-json/wc/v3/products/categories?oauth_consumer_key=ck_3df78f67936a715de1ad0b89a7cb0300150ae2e7&oauth_nonce=068008b8c0792f9fbba434ee35351708e041d93a&oauth_signature=F5scAfSpYadN2QsjVCR68%2BzBUygFAyUYZ66tOz%2BZC1U%3D&oauth_signature_method=HMAC-SHA256&oauth_timestamp=1774068258&per_page=1&search=%D9%85%D9%84%D8%A7%D8%A8%D8%B3+%D8%B5%D9%8A%D9%81%D9%8A%D8%A9
[Sat Mar 21 04:44:18 2026] [::1]:56662 Closing
[Sat Mar 21 04:44:18 2026] [::1]:56664 Accepted
[Sat Mar 21 04:44:18 2026] [::1]:56664 [302]: GET /wp-json/wc/v3/products/categories?oauth_consumer_key=ck_3df78f67936a715de1ad0b89a7cb0300150ae2e7&oauth_nonce=dd6e650512049e784483b2c44e2ce9dc00c3a848&oauth_signature=HncDC5sWBOEF2nIkocddqT1r3b2aSyW721xHY1f0kI4%3D&oauth_signature_method=HMAC-SHA256&oauth_timestamp=1774068258&per_page=1&search=%D9%82%D9%85%D8%B5%D8%A7%D9%86
[Sat Mar 21 04:44:18 2026] [::1]:56664 Closing
[Sat Mar 21 04:44:18 2026] [::1]:56667 Accepted
[Sat Mar 21 04:44:18 2026] [::1]:56667 [302]: GET /wp-json/wc/v3/products?featured=1&oauth_consumer_key=ck_3df78f67936a715de1ad0b89a7cb0300150ae2e7&oauth_nonce=9fff11db895d7a51c5edecb78f1eda5f876a72b8&oauth_signature=lG9NIFZDdz9pwWaFlrUvQeLdo31n5fSoYuzClEXkmCI%3D&oauth_signature_method=HMAC-SHA256&oauth_timestamp=1774068258&order=desc&orderby=date&per_page=8&status=publish
[Sat Mar 21 04:44:18 2026] [::1]:56667 Closing
[Sat Mar 21 04:44:28 2026] [::1]:59588 Accepted
[Sat Mar 21 04:44:28 2026] [::1]:59588 [302]: GET /wp-json/wc/v3/products/categories?oauth_consumer_key=ck_3df78f67936a715de1ad0b89a7cb0300150ae2e7&oauth_nonce=8ef05ce637dec3b15efc7c2c9136dd599b17b290&oauth_signature=rxLGy6KmENvasAQ0Zg%2FctLRMk%2F8TXm2sylWglaLCPlQ%3D&oauth_signature_method=HMAC-SHA256&oauth_timestamp=1774068268&per_page=1&search=%D8%AC%D8%A7%D9%83%D9%8A%D8%AA
[Sat Mar 21 04:44:28 2026] [::1]:59588 Closing
[Sat Mar 21 04:44:28 2026] [::1]:59590 Accepted
[Sat Mar 21 04:44:28 2026] [::1]:59590 [302]: GET /wp-json/wc/v3/products/categories?oauth_consumer_key=ck_3df78f67936a715de1ad0b89a7cb0300150ae2e7&oauth_nonce=e3189770946cfd8097661d03a138b0c788958ce9&oauth_signature=WFNPHUps%2BiOYJoe2g4ny%2BHild6OHz%2BZZttvflgOCmZY%3D&oauth_signature_method=HMAC-SHA256&oauth_timestamp=1774068268&per_page=1&search=%D8%AC%D8%A7%D9%83%D9%8A%D8%AA%D8%A7%D8%AA
[Sat Mar 21 04:44:28 2026] [::1]:59590 Closing
[Sat Mar 21 04:44:28 2026] [::1]:59592 Accepted
[Sat Mar 21 04:44:28 2026] [::1]:59592 [302]: GET /wp-json/wc/v3/products/categories?oauth_consumer_key=ck_3df78f67936a715de1ad0b89a7cb0300150ae2e7&oauth_nonce=5323580c7b05802e26f831e9fa45d0dfbcb8e87f&oauth_signature=z0WHETjQoFKr%2B8bPiBRE%2BT%2Fjs2M%2FmpIdTmRyEnrHmoE%3D&oauth_signature_method=HMAC-SHA256&oauth_timestamp=1774068268&per_page=1&search=%D9%85%D9%84%D8%A7%D8%A8%D8%B3+%D8%B5%D9%8A%D9%81%D9%8A%D8%A9
[Sat Mar 21 04:44:28 2026] [::1]:59592 Closing
[Sat Mar 21 04:44:28 2026] [::1]:59595 Accepted
[Sat Mar 21 04:44:28 2026] [::1]:59595 [302]: GET /wp-json/wc/v3/products/categories?oauth_consumer_key=ck_3df78f67936a715de1ad0b89a7cb0300150ae2e7&oauth_nonce=b6a28dc3b4a78ef8ad18f5b7a2a4cb6ee2842fd5&oauth_signature=zp2oqaAHitSCtHg%2FGE9X6KZblyVsshObF8KKp8hDkvM%3D&oauth_signature_method=HMAC-SHA256&oauth_timestamp=1774068268&per_page=1&search=%D9%82%D9%85%D8%B5%D8%A7%D9%86
[Sat Mar 21 04:44:28 2026] [::1]:59595 Closing
[Sat Mar 21 04:44:28 2026] [::1]:59597 Accepted
[Sat Mar 21 04:44:29 2026] [::1]:59597 [302]: GET /wp-json/wc/v3/products?featured=1&oauth_consumer_key=ck_3df78f67936a715de1ad0b89a7cb0300150ae2e7&oauth_nonce=43b599ed55a423bc7bcdef1d62d3d20439d22dfe&oauth_signature=rZlTcruuC%2BsIkoK6FAshx3hZ9l63uEXCHWY%2BWB3M1o8%3D&oauth_signature_method=HMAC-SHA256&oauth_timestamp=1774068268&order=desc&orderby=date&per_page=8&status=publish
[Sat Mar 21 04:44:29 2026] [::1]:59597 Closing
[Sat Mar 21 04:44:29 2026] [::1]:51509 Accepted
[Sat Mar 21 04:44:30 2026] [::1]:51509 [302]: GET /wp-json/wc/v3/products/categories?oauth_consumer_key=ck_3df78f67936a715de1ad0b89a7cb0300150ae2e7&oauth_nonce=fce4b2978d3b619c3d3be232e410b84e0c9d1fff&oauth_signature=WXwmlASB4mSpV32VKnJa8e8puS5ft2cgx0tMmwMvU9A%3D&oauth_signature_method=HMAC-SHA256&oauth_timestamp=1774068269&per_page=1&search=%D8%AC%D8%A7%D9%83%D9%8A%D8%AA
[Sat Mar 21 04:44:30 2026] [::1]:51509 Closing
[Sat Mar 21 04:44:30 2026] [::1]:51511 Accepted
[Sat Mar 21 04:44:30 2026] [::1]:51511 [302]: GET /wp-json/wc/v3/products/categories?oauth_consumer_key=ck_3df78f67936a715de1ad0b89a7cb0300150ae2e7&oauth_nonce=baa806efedb50bad9f173e02571f3f4f6521bbd2&oauth_signature=nldZLz5RXsndOMzbZnf58zgR6Dul2S2BGKf8q9p%2Bico%3D&oauth_signature_method=HMAC-SHA256&oauth_timestamp=1774068270&per_page=1&search=%D8%AC%D8%A7%D9%83%D9%8A%D8%AA%D8%A7%D8%AA
[Sat Mar 21 04:44:30 2026] [::1]:51511 Closing
[Sat Mar 21 04:44:30 2026] [::1]:51513 Accepted
[Sat Mar 21 04:44:30 2026] [::1]:51513 [302]: GET /wp-json/wc/v3/products/categories?oauth_consumer_key=ck_3df78f67936a715de1ad0b89a7cb0300150ae2e7&oauth_nonce=61d377f5bf2d76bd16867fdfb3cae65730d1e1e3&oauth_signature=ZA4aDJ2z2usI4JOqs3mS0o2hltQK3Vfmf80vp6aMM7c%3D&oauth_signature_method=HMAC-SHA256&oauth_timestamp=1774068270&per_page=1&search=%D9%85%D9%84%D8%A7%D8%A8%D8%B3+%D8%B5%D9%8A%D9%81%D9%8A%D8%A9
[Sat Mar 21 04:44:30 2026] [::1]:51513 Closing
[Sat Mar 21 04:44:30 2026] [::1]:51515 Accepted
[Sat Mar 21 04:44:30 2026] [::1]:51515 [302]: GET /wp-json/wc/v3/products/categories?oauth_consumer_key=ck_3df78f67936a715de1ad0b89a7cb0300150ae2e7&oauth_nonce=d7e01bf7a65e86d003164ed4b90f1570833bdefd&oauth_signature=2%2F0jBmv4sV37niTewo%2FygXznSe9rDU2IwQHc7hS5j0k%3D&oauth_signature_method=HMAC-SHA256&oauth_timestamp=1774068270&per_page=1&search=%D9%82%D9%85%D8%B5%D8%A7%D9%86
[Sat Mar 21 04:44:30 2026] [::1]:51515 Closing
[Sat Mar 21 04:44:30 2026] [::1]:51517 Accepted
[Sat Mar 21 04:44:30 2026] [::1]:51517 [302]: GET /wp-json/wc/v3/products?featured=1&oauth_consumer_key=ck_3df78f67936a715de1ad0b89a7cb0300150ae2e7&oauth_nonce=ba115031ecccafb498f51224c9c9e7fb10565792&oauth_signature=eLT4Wh5nC5rh47GO0hZBHKyJ%2FsfzTdZjsMEqBhXNkJI%3D&oauth_signature_method=HMAC-SHA256&oauth_timestamp=1774068270&order=desc&orderby=date&per_page=8&status=publish
[Sat Mar 21 04:44:30 2026] [::1]:51517 Closing
[Sat Mar 21 08:46:33 2026] [::1]:65260 Accepted
[Sat Mar 21 08:46:33 2026] [::1]:65260 [302]: GET /wp-json/wc/v3/products/categories?oauth_consumer_key=ck_3df78f67936a715de1ad0b89a7cb0300150ae2e7&oauth_nonce=70f50e2a327f70b77f53d4e73a7df5e34376b0dc&oauth_signature=Hhjd9jzNYL3oMxyQpLjWeSq2x4CtKZbsb1epNiYzPlI%3D&oauth_signature_method=HMAC-SHA256&oauth_timestamp=1774082793&per_page=1&search=%D8%AC%D8%A7%D9%83%D9%8A%D8%AA
[Sat Mar 21 08:46:33 2026] [::1]:65260 Closing
[Sat Mar 21 08:46:33 2026] [::1]:65262 Accepted
[Sat Mar 21 08:46:33 2026] [::1]:65262 [302]: GET /wp-json/wc/v3/products/categories?oauth_consumer_key=ck_3df78f67936a715de1ad0b89a7cb0300150ae2e7&oauth_nonce=4f1f2ae1056093367d410037061dc465f7ae600a&oauth_signature=ALqwXN2l6r0XwNfJtJRUxeJtUl2z0Eazjjatfrbwf1I%3D&oauth_signature_method=HMAC-SHA256&oauth_timestamp=1774082793&per_page=1&search=%D8%AC%D8%A7%D9%83%D9%8A%D8%AA%D8%A7%D8%AA
[Sat Mar 21 08:46:33 2026] [::1]:65262 Closing
[Sat Mar 21 08:46:33 2026] [::1]:65264 Accepted
[Sat Mar 21 08:46:34 2026] [::1]:65264 [302]: GET /wp-json/wc/v3/products/categories?oauth_consumer_key=ck_3df78f67936a715de1ad0b89a7cb0300150ae2e7&oauth_nonce=3b402eaf64888c6ee125b650f3dc1f7aa21f3eb5&oauth_signature=R7YTW%2B5bz4%2BhT7FjMaWWN83r%2BQ8ElgQX18QYeGChkEk%3D&oauth_signature_method=HMAC-SHA256&oauth_timestamp=1774082793&per_page=1&search=%D9%85%D9%84%D8%A7%D8%A8%D8%B3+%D8%B5%D9%8A%D9%81%D9%8A%D8%A9
[Sat Mar 21 08:46:34 2026] [::1]:65264 Closing
[Sat Mar 21 08:46:34 2026] [::1]:65266 Accepted
[Sat Mar 21 08:46:34 2026] [::1]:65266 [302]: GET /wp-json/wc/v3/products/categories?oauth_consumer_key=ck_3df78f67936a715de1ad0b89a7cb0300150ae2e7&oauth_nonce=7e8db9ccfb52a5ace967225145cf1255b4aaafa2&oauth_signature=mg53hAz8PFT7cudhVAiGEeLbCjKGGiVWKVFTVRsAo%2B0%3D&oauth_signature_method=HMAC-SHA256&oauth_timestamp=1774082794&per_page=1&search=%D9%82%D9%85%D8%B5%D8%A7%D9%86
[Sat Mar 21 08:46:34 2026] [::1]:65266 Closing
[Sat Mar 21 08:46:34 2026] [::1]:65268 Accepted
[Sat Mar 21 08:46:34 2026] [::1]:65268 [302]: GET /wp-json/wc/v3/products?featured=1&oauth_consumer_key=ck_3df78f67936a715de1ad0b89a7cb0300150ae2e7&oauth_nonce=ace836d595d2eedd0bb4f9617c9e3c90128f92c7&oauth_signature=Lf9yz3HiNlGRESHGMy3dpvdvkIp0pAZsqVj9jGOPi2c%3D&oauth_signature_method=HMAC-SHA256&oauth_timestamp=1774082794&order=desc&orderby=date&per_page=8&status=publish
[Sat Mar 21 08:46:34 2026] [::1]:65268 Closing
[Sat Mar 21 08:46:57 2026] [::1]:64549 Accepted
[Sat Mar 21 08:46:57 2026] [::1]:64549 [302]: GET /wp-json/wc/v3/products/categories?oauth_consumer_key=ck_3df78f67936a715de1ad0b89a7cb0300150ae2e7&oauth_nonce=18bc0d3f87f1514c37cc9d9832edab223b28e7bd&oauth_signature=JpK5%2B2D2g17NIoQgifL%2F4A%2BBps%2FwtErhzbxqKnEezGA%3D&oauth_signature_method=HMAC-SHA256&oauth_timestamp=1774082817&per_page=1&search=%D8%AC%D8%A7%D9%83%D9%8A%D8%AA
[Sat Mar 21 08:46:57 2026] [::1]:64549 Closing
[Sat Mar 21 08:46:57 2026] [::1]:64552 Accepted
[Sat Mar 21 08:46:57 2026] [::1]:64552 [302]: GET /wp-json/wc/v3/products/categories?oauth_consumer_key=ck_3df78f67936a715de1ad0b89a7cb0300150ae2e7&oauth_nonce=02790a6b556e9246b65668683f117e56e2eb5149&oauth_signature=3NZlQXBerjAKgco86j%2Brik6obnsWsiKpEtDTUwGa%2BZM%3D&oauth_signature_method=HMAC-SHA256&oauth_timestamp=1774082817&per_page=1&search=%D8%AC%D8%A7%D9%83%D9%8A%D8%AA%D8%A7%D8%AA
[Sat Mar 21 08:46:57 2026] [::1]:64552 Closing
[Sat Mar 21 08:46:57 2026] [::1]:64554 Accepted
[Sat Mar 21 08:46:57 2026] [::1]:64554 [302]: GET /wp-json/wc/v3/products/categories?oauth_consumer_key=ck_3df78f67936a715de1ad0b89a7cb0300150ae2e7&oauth_nonce=196b7f17efa0470e80770c31d509d29836bfdad8&oauth_signature=9gNDG0rZI44KbzyKmQE2Rq85WFTPCUNKXGTs86QI1yY%3D&oauth_signature_method=HMAC-SHA256&oauth_timestamp=1774082817&per_page=1&search=%D9%85%D9%84%D8%A7%D8%A8%D8%B3+%D8%B5%D9%8A%D9%81%D9%8A%D8%A9
[Sat Mar 21 08:46:57 2026] [::1]:64554 Closing
[Sat Mar 21 08:46:57 2026] [::1]:64556 Accepted
[Sat Mar 21 08:46:57 2026] [::1]:64556 [302]: GET /wp-json/wc/v3/products/categories?oauth_consumer_key=ck_3df78f67936a715de1ad0b89a7cb0300150ae2e7&oauth_nonce=e547691faed55cffdd26dfa236cfbc71f7b4f7c9&oauth_signature=YlHWvvV1PVmp%2FjrdeV5Oz%2FKEfvBuIxkP3f2FPbZuF9U%3D&oauth_signature_method=HMAC-SHA256&oauth_timestamp=1774082817&per_page=1&search=%D9%82%D9%85%D8%B5%D8%A7%D9%86
[Sat Mar 21 08:46:57 2026] [::1]:64556 Closing
[Sat Mar 21 08:46:57 2026] [::1]:64558 Accepted
[Sat Mar 21 08:46:58 2026] [::1]:64558 [302]: GET /wp-json/wc/v3/products?featured=1&oauth_consumer_key=ck_3df78f67936a715de1ad0b89a7cb0300150ae2e7&oauth_nonce=c30ad670d8ec411ca7f75f2dbbe7b016aa4eb43c&oauth_signature=j2%2FoUXU0RyM8OgBQaK8LDMLLMgi4Gl3gx5gU1WMBvH0%3D&oauth_signature_method=HMAC-SHA256&oauth_timestamp=1774082817&order=desc&orderby=date&per_page=8&status=publish
[Sat Mar 21 08:46:58 2026] [::1]:64558 Closing
[Sat Mar 21 09:05:00 2026] [::1]:50064 Accepted
[Sat Mar 21 09:05:05 2026] [::1]:50064 [302]: GET /wp-json/wc/v3/products/categories?oauth_consumer_key=ck_3df78f67936a715de1ad0b89a7cb0300150ae2e7&oauth_nonce=f4f8558f9b5fd7bbc2af8e3f96d36e5a0da58169&oauth_signature=bewk8tn7Y7vpoFMIQDrEIw0xrtDXKth%2BEpLqZJXgPS8%3D&oauth_signature_method=HMAC-SHA256&oauth_timestamp=1774083900&per_page=1&search=%D8%AC%D8%A7%D9%83%D9%8A%D8%AA
[Sat Mar 21 09:05:05 2026] [::1]:50064 Closing
[Sat Mar 21 09:05:05 2026] [::1]:50068 Accepted
[Sat Mar 21 09:05:06 2026] [::1]:50068 [302]: GET /wp-json/wc/v3/products/categories?oauth_consumer_key=ck_3df78f67936a715de1ad0b89a7cb0300150ae2e7&oauth_nonce=1e7f5e54299f56601f79d3b2f89dbbe165e3ee8e&oauth_signature=kKKRUi449i9UjqQ01h0iROOJI5nxf900s%2FBHupkl8LU%3D&oauth_signature_method=HMAC-SHA256&oauth_timestamp=1774083905&per_page=1&search=%D8%AC%D8%A7%D9%83%D9%8A%D8%AA%D8%A7%D8%AA
[Sat Mar 21 09:05:06 2026] [::1]:50068 Closing
[Sat Mar 21 09:05:06 2026] [::1]:50071 Accepted
[Sat Mar 21 09:05:06 2026] [::1]:50071 [302]: GET /wp-json/wc/v3/products/categories?oauth_consumer_key=ck_3df78f67936a715de1ad0b89a7cb0300150ae2e7&oauth_nonce=06f51336719358a343f423318a35719cc2b130b4&oauth_signature=nOSi78w48IF7bf72VSKY80mNsHo1WlBDO13vzVFHwxA%3D&oauth_signature_method=HMAC-SHA256&oauth_timestamp=1774083906&per_page=1&search=%D9%85%D9%84%D8%A7%D8%A8%D8%B3+%D8%B5%D9%8A%D9%81%D9%8A%D8%A9
[Sat Mar 21 09:05:06 2026] [::1]:50071 Closing
[Sat Mar 21 09:05:06 2026] [::1]:50073 Accepted
[Sat Mar 21 09:05:07 2026] [::1]:50073 [302]: GET /wp-json/wc/v3/products/categories?oauth_consumer_key=ck_3df78f67936a715de1ad0b89a7cb0300150ae2e7&oauth_nonce=e9e48e3ba9ad81d8c116f18851fc418c75012411&oauth_signature=bOuJQ%2Ft%2B4TRDlMPwbvlTI1OR25iA%2FgCbclr%2BBqj0Oxw%3D&oauth_signature_method=HMAC-SHA256&oauth_timestamp=1774083906&per_page=1&search=%D9%82%D9%85%D8%B5%D8%A7%D9%86
[Sat Mar 21 09:05:07 2026] [::1]:50073 Closing
[Sat Mar 21 09:05:07 2026] [::1]:50075 Accepted
[Sat Mar 21 09:05:07 2026] [::1]:50075 [302]: GET /wp-json/wc/v3/products?featured=1&oauth_consumer_key=ck_3df78f67936a715de1ad0b89a7cb0300150ae2e7&oauth_nonce=82b03e492bc757390134cf52015f28776e700760&oauth_signature=Wus%2FP0Xe73vUPO%2FErRfiswdcsKtsmyhWfiIZ0KD0i20%3D&oauth_signature_method=HMAC-SHA256&oauth_timestamp=1774083907&order=desc&orderby=date&per_page=8&status=publish
[Sat Mar 21 09:05:07 2026] [::1]:50075 Closing
[Sat Mar 21 09:05:14 2026] [::1]:56747 Accepted
[Sat Mar 21 09:05:14 2026] [::1]:56747 [302]: GET /wp-json/wc/v3/products/categories?oauth_consumer_key=ck_3df78f67936a715de1ad0b89a7cb0300150ae2e7&oauth_nonce=006dd8d387e494b6a5294b4837377720efcba52d&oauth_signature=BAkmX3XJp6nnaUAc5FonjAIv56Y9PqUOhJ7lQEhhlW8%3D&oauth_signature_method=HMAC-SHA256&oauth_timestamp=1774083914&per_page=1&search=%D8%AC%D8%A7%D9%83%D9%8A%D8%AA
[Sat Mar 21 09:05:14 2026] [::1]:56747 Closing
[Sat Mar 21 09:05:14 2026] [::1]:56749 Accepted
[Sat Mar 21 09:05:14 2026] [::1]:56749 [302]: GET /wp-json/wc/v3/products/categories?oauth_consumer_key=ck_3df78f67936a715de1ad0b89a7cb0300150ae2e7&oauth_nonce=a00195afc61d541954e5b79bb8ce68f5f1a3f8f4&oauth_signature=OcaD36SMd2qCvYUfuCpLnw2pIx3jlwalEE3OEeoUAYE%3D&oauth_signature_method=HMAC-SHA256&oauth_timestamp=1774083914&per_page=1&search=%D8%AC%D8%A7%D9%83%D9%8A%D8%AA%D8%A7%D8%AA
[Sat Mar 21 09:05:14 2026] [::1]:56749 Closing
[Sat Mar 21 09:05:14 2026] [::1]:56751 Accepted
[Sat Mar 21 09:05:14 2026] [::1]:56751 [302]: GET /wp-json/wc/v3/products/categories?oauth_consumer_key=ck_3df78f67936a715de1ad0b89a7cb0300150ae2e7&oauth_nonce=c4519f69ae824d01d1c807854bb03130eaffe4de&oauth_signature=7eyt5Nt6vH8p3RpNoI3TN5MbKG2aOn0VRiPxehFM%2BNw%3D&oauth_signature_method=HMAC-SHA256&oauth_timestamp=1774083914&per_page=1&search=%D9%85%D9%84%D8%A7%D8%A8%D8%B3+%D8%B5%D9%8A%D9%81%D9%8A%D8%A9
[Sat Mar 21 09:05:14 2026] [::1]:56751 Closing
[Sat Mar 21 09:05:15 2026] [::1]:56753 Accepted
[Sat Mar 21 09:05:15 2026] [::1]:56753 [302]: GET /wp-json/wc/v3/products/categories?oauth_consumer_key=ck_3df78f67936a715de1ad0b89a7cb0300150ae2e7&oauth_nonce=436c3ea9c7d19a160cfb938bae651e20ead00e91&oauth_signature=XQNNuY%2BO3mdKb6RxtDmjd8SRenpLHvMcvtFtobvcV28%3D&oauth_signature_method=HMAC-SHA256&oauth_timestamp=1774083915&per_page=1&search=%D9%82%D9%85%D8%B5%D8%A7%D9%86
[Sat Mar 21 09:05:15 2026] [::1]:56753 Closing
[Sat Mar 21 09:05:15 2026] [::1]:56755 Accepted
[Sat Mar 21 09:05:15 2026] [::1]:56755 [302]: GET /wp-json/wc/v3/products?featured=1&oauth_consumer_key=ck_3df78f67936a715de1ad0b89a7cb0300150ae2e7&oauth_nonce=48d5c43599ba2f3fdd5b02a2e750d4901b70959d&oauth_signature=Pp5Z4scTHcYVr6r1VNOPKE5BcFRMo%2FzVTIDtugbBQRM%3D&oauth_signature_method=HMAC-SHA256&oauth_timestamp=1774083915&order=desc&orderby=date&per_page=8&status=publish
[Sat Mar 21 09:05:15 2026] [::1]:56755 Closing
[Sat Mar 21 09:05:16 2026] [::1]:59169 Accepted
[Sat Mar 21 09:05:16 2026] [::1]:59169 [302]: GET /wp-json/wc/v3/products/categories?oauth_consumer_key=ck_3df78f67936a715de1ad0b89a7cb0300150ae2e7&oauth_nonce=cf49dc5235d452d96d1d7115ecc4c46186702b4c&oauth_signature=b0ll8Y28yGga0h%2BdOW52ib%2BeCg%2Br4yi%2F%2FWJszx3UZLI%3D&oauth_signature_method=HMAC-SHA256&oauth_timestamp=1774083916&per_page=1&search=%D8%AC%D8%A7%D9%83%D9%8A%D8%AA
[Sat Mar 21 09:05:16 2026] [::1]:59169 Closing
[Sat Mar 21 09:05:16 2026] [::1]:59171 Accepted
[Sat Mar 21 09:05:16 2026] [::1]:59171 [302]: GET /wp-json/wc/v3/products/categories?oauth_consumer_key=ck_3df78f67936a715de1ad0b89a7cb0300150ae2e7&oauth_nonce=a6e406fcd779f60317f3ddcf9ef77ad0b8f93b54&oauth_signature=fZi5Fylpq91OMycN%2BrewrWh8LXyjViq0eZw2OTuxc34%3D&oauth_signature_method=HMAC-SHA256&oauth_timestamp=1774083916&per_page=1&search=%D8%AC%D8%A7%D9%83%D9%8A%D8%AA%D8%A7%D8%AA
[Sat Mar 21 09:05:16 2026] [::1]:59171 Closing
[Sat Mar 21 09:05:16 2026] [::1]:59173 Accepted
[Sat Mar 21 09:05:16 2026] [::1]:59173 [302]: GET /wp-json/wc/v3/products/categories?oauth_consumer_key=ck_3df78f67936a715de1ad0b89a7cb0300150ae2e7&oauth_nonce=2146ce51e0427cb5f991fd0444d53a75a75af0a1&oauth_signature=pfr9T%2BTHvE3EcWfIq6CB%2BM1bycFuC3W7hMHyVgBx9Ec%3D&oauth_signature_method=HMAC-SHA256&oauth_timestamp=1774083916&per_page=1&search=%D9%85%D9%84%D8%A7%D8%A8%D8%B3+%D8%B5%D9%8A%D9%81%D9%8A%D8%A9
[Sat Mar 21 09:05:16 2026] [::1]:59173 Closing
[Sat Mar 21 09:05:16 2026] [::1]:59175 Accepted
[Sat Mar 21 09:05:17 2026] [::1]:59175 [302]: GET /wp-json/wc/v3/products/categories?oauth_consumer_key=ck_3df78f67936a715de1ad0b89a7cb0300150ae2e7&oauth_nonce=40186b2f8d7c30a888fd1aafc8b0b7219e42a614&oauth_signature=tfZdVJFePRm0dGrQfToLbHlb6oauJdIDE%2FxyseS9clE%3D&oauth_signature_method=HMAC-SHA256&oauth_timestamp=1774083916&per_page=1&search=%D9%82%D9%85%D8%B5%D8%A7%D9%86
[Sat Mar 21 09:05:17 2026] [::1]:59175 Closing
[Sat Mar 21 09:05:17 2026] [::1]:59177 Accepted
[Sat Mar 21 09:05:17 2026] [::1]:59177 [302]: GET /wp-json/wc/v3/products?featured=1&oauth_consumer_key=ck_3df78f67936a715de1ad0b89a7cb0300150ae2e7&oauth_nonce=318e0566cbe75e8960c25455b7ce0a323092bbd9&oauth_signature=FmFN%2BN28b2s94pPh4I%2BrBHm6pSkQJJwCMeET4ScAiLI%3D&oauth_signature_method=HMAC-SHA256&oauth_timestamp=1774083917&order=desc&orderby=date&per_page=8&status=publish
[Sat Mar 21 09:05:17 2026] [::1]:59177 Closing
[Sat Mar 21 09:05:19 2026] [::1]:57262 Accepted
[Sat Mar 21 09:05:19 2026] [::1]:57262 [302]: GET /wp-json/wc/v3/products/categories?oauth_consumer_key=ck_3df78f67936a715de1ad0b89a7cb0300150ae2e7&oauth_nonce=20c0addfe242aa5dfe1c73681ad0a2d3909d7bfc&oauth_signature=5qae8RFbsAaPNl92dcV1e1sozCacSBlUGhErLh8ZUMM%3D&oauth_signature_method=HMAC-SHA256&oauth_timestamp=1774083919&per_page=1&search=%D8%AC%D8%A7%D9%83%D9%8A%D8%AA
[Sat Mar 21 09:05:19 2026] [::1]:57262 Closing
[Sat Mar 21 09:05:19 2026] [::1]:57264 Accepted
[Sat Mar 21 09:05:19 2026] [::1]:57264 [302]: GET /wp-json/wc/v3/products/categories?oauth_consumer_key=ck_3df78f67936a715de1ad0b89a7cb0300150ae2e7&oauth_nonce=310b0579cf0a66d92576b382d97e300608b5686e&oauth_signature=BeKs7ehedDBtj39Di%2FNDPAGdiaiBkwH5F8zWKaigBwY%3D&oauth_signature_method=HMAC-SHA256&oauth_timestamp=1774083919&per_page=1&search=%D8%AC%D8%A7%D9%83%D9%8A%D8%AA%D8%A7%D8%AA
[Sat Mar 21 09:05:19 2026] [::1]:57264 Closing
[Sat Mar 21 09:05:19 2026] [::1]:57266 Accepted
[Sat Mar 21 09:05:19 2026] [::1]:57266 [302]: GET /wp-json/wc/v3/products/categories?oauth_consumer_key=ck_3df78f67936a715de1ad0b89a7cb0300150ae2e7&oauth_nonce=c384f74928e8ba54cca967f7c0d3b4024e1ca033&oauth_signature=1nsxLfrKFSqwfErk%2BXU0sUAQpP%2B4om8POphaKM76ofk%3D&oauth_signature_method=HMAC-SHA256&oauth_timestamp=1774083919&per_page=1&search=%D9%85%D9%84%D8%A7%D8%A8%D8%B3+%D8%B5%D9%8A%D9%81%D9%8A%D8%A9
[Sat Mar 21 09:05:19 2026] [::1]:57266 Closing
[Sat Mar 21 09:05:19 2026] [::1]:57268 Accepted
[Sat Mar 21 09:05:20 2026] [::1]:57268 [302]: GET /wp-json/wc/v3/products/categories?oauth_consumer_key=ck_3df78f67936a715de1ad0b89a7cb0300150ae2e7&oauth_nonce=e48cf5591dea84716494a5cd92fc112d09b96518&oauth_signature=L8yqS%2BHXy%2ByTPHkNPnxEtXHyjpi3%2BswZQolMB1a4Dv4%3D&oauth_signature_method=HMAC-SHA256&oauth_timestamp=1774083919&per_page=1&search=%D9%82%D9%85%D8%B5%D8%A7%D9%86
[Sat Mar 21 09:05:20 2026] [::1]:57268 Closing
[Sat Mar 21 09:05:20 2026] [::1]:57270 Accepted
[Sat Mar 21 09:05:20 2026] [::1]:57270 [302]: GET /wp-json/wc/v3/products?featured=1&oauth_consumer_key=ck_3df78f67936a715de1ad0b89a7cb0300150ae2e7&oauth_nonce=d02264f11b885bf817c15c48d4f4ebaaa16ad764&oauth_signature=i55v0wjAJAlCkjiYvFfWYfaq7JIjjOEcJj7eG66v1s8%3D&oauth_signature_method=HMAC-SHA256&oauth_timestamp=1774083920&order=desc&orderby=date&per_page=8&status=publish
[Sat Mar 21 09:05:20 2026] [::1]:57270 Closing
[Sat Mar 21 09:05:26 2026] [::1]:52669 Accepted
[Sat Mar 21 09:05:26 2026] [::1]:52669 [302]: GET /wp-json/wc/v3/products/categories?oauth_consumer_key=ck_3df78f67936a715de1ad0b89a7cb0300150ae2e7&oauth_nonce=e2aff7992e123dfc58edbea8813ce1b152d68e86&oauth_signature=3X3ULpecO2gXGxYpc72JJirHpi4tEblFq8jJovXvKQw%3D&oauth_signature_method=HMAC-SHA256&oauth_timestamp=1774083926&per_page=1&search=%D8%AC%D8%A7%D9%83%D9%8A%D8%AA
[Sat Mar 21 09:05:26 2026] [::1]:52669 Closing
[Sat Mar 21 09:05:26 2026] [::1]:52671 Accepted
[Sat Mar 21 09:05:27 2026] [::1]:52671 [302]: GET /wp-json/wc/v3/products/categories?oauth_consumer_key=ck_3df78f67936a715de1ad0b89a7cb0300150ae2e7&oauth_nonce=560c80973314771e5732123fd11cd6ee3253969a&oauth_signature=JapxB8RiJkbEKISLozYlorE3v8bMdxb%2BD%2B%2Bk9LRLzJo%3D&oauth_signature_method=HMAC-SHA256&oauth_timestamp=1774083926&per_page=1&search=%D8%AC%D8%A7%D9%83%D9%8A%D8%AA%D8%A7%D8%AA
[Sat Mar 21 09:05:27 2026] [::1]:52671 Closing
[Sat Mar 21 09:05:27 2026] [::1]:52673 Accepted
[Sat Mar 21 09:05:27 2026] [::1]:52673 [302]: GET /wp-json/wc/v3/products/categories?oauth_consumer_key=ck_3df78f67936a715de1ad0b89a7cb0300150ae2e7&oauth_nonce=dcb8ea7f343316a83f400f197efebcd1e1285e3b&oauth_signature=6dR3pf3dJXQOCoinUeV2xT3kRXjc829NmF8B7UlbfTA%3D&oauth_signature_method=HMAC-SHA256&oauth_timestamp=1774083927&per_page=1&search=%D9%85%D9%84%D8%A7%D8%A8%D8%B3+%D8%B5%D9%8A%D9%81%D9%8A%D8%A9
[Sat Mar 21 09:05:27 2026] [::1]:52673 Closing
[Sat Mar 21 09:05:27 2026] [::1]:52675 Accepted
[Sat Mar 21 09:05:27 2026] [::1]:52675 [302]: GET /wp-json/wc/v3/products/categories?oauth_consumer_key=ck_3df78f67936a715de1ad0b89a7cb0300150ae2e7&oauth_nonce=0af2ecbb548ad2ba659333a4ece6333a306f3fd6&oauth_signature=nou56IXm%2BYgD0Ko7LMMQfICq4I2Ze%2Fbz6ES6YYyiT3E%3D&oauth_signature_method=HMAC-SHA256&oauth_timestamp=1774083927&per_page=1&search=%D9%82%D9%85%D8%B5%D8%A7%D9%86
[Sat Mar 21 09:05:27 2026] [::1]:52675 Closing
[Sat Mar 21 09:05:27 2026] [::1]:52677 Accepted
[Sat Mar 21 09:05:27 2026] [::1]:52677 [302]: GET /wp-json/wc/v3/products?featured=1&oauth_consumer_key=ck_3df78f67936a715de1ad0b89a7cb0300150ae2e7&oauth_nonce=25f2e09960a5d77e2fc7c37ceae135e3ccf87db1&oauth_signature=MN5jidVXGySSfhnbCmIs617ABHBYjZyjNqPVvP1OBj0%3D&oauth_signature_method=HMAC-SHA256&oauth_timestamp=1774083927&order=desc&orderby=date&per_page=8&status=publish
[Sat Mar 21 09:05:27 2026] [::1]:52677 Closing
[Sat Mar 21 09:05:33 2026] [::1]:49672 Accepted
[Sat Mar 21 09:05:33 2026] [::1]:49672 [302]: GET /wp-json/wc/v3/products/categories?oauth_consumer_key=ck_3df78f67936a715de1ad0b89a7cb0300150ae2e7&oauth_nonce=0ae94d390a0417d4bf5c4da77562aacbfb877402&oauth_signature=7K1DiHtseJL3CFe2v54kXxPV90lO2MbfLcifCoIPNGU%3D&oauth_signature_method=HMAC-SHA256&oauth_timestamp=1774083933&per_page=1&search=%D8%AC%D8%A7%D9%83%D9%8A%D8%AA
[Sat Mar 21 09:05:33 2026] [::1]:49672 Closing
[Sat Mar 21 09:05:33 2026] [::1]:49675 Accepted
[Sat Mar 21 09:05:33 2026] [::1]:49675 [302]: GET /wp-json/wc/v3/products/categories?oauth_consumer_key=ck_3df78f67936a715de1ad0b89a7cb0300150ae2e7&oauth_nonce=8013b3dc8b37ce302b6f4cfb1135ab38a5c62e11&oauth_signature=LAjRFtQ1Yz99SshzUW%2BsYa9zs%2FR6lH%2F9I1%2FXjj%2FhuhA%3D&oauth_signature_method=HMAC-SHA256&oauth_timestamp=1774083933&per_page=1&search=%D8%AC%D8%A7%D9%83%D9%8A%D8%AA%D8%A7%D8%AA
[Sat Mar 21 09:05:33 2026] [::1]:49675 Closing
[Sat Mar 21 09:05:33 2026] [::1]:49677 Accepted
[Sat Mar 21 09:05:33 2026] [::1]:49677 [302]: GET /wp-json/wc/v3/products/categories?oauth_consumer_key=ck_3df78f67936a715de1ad0b89a7cb0300150ae2e7&oauth_nonce=58e07bf427aa13cf03cc94d602ff634c7fbd08b1&oauth_signature=W4mlIlE%2Bgx3UkbBolpJLtQUV4zXm4mAQuUFf6g8iNeM%3D&oauth_signature_method=HMAC-SHA256&oauth_timestamp=1774083933&per_page=1&search=%D9%85%D9%84%D8%A7%D8%A8%D8%B3+%D8%B5%D9%8A%D9%81%D9%8A%D8%A9
[Sat Mar 21 09:05:33 2026] [::1]:49677 Closing
[Sat Mar 21 09:05:33 2026] [::1]:49679 Accepted
[Sat Mar 21 09:05:34 2026] [::1]:49679 [302]: GET /wp-json/wc/v3/products/categories?oauth_consumer_key=ck_3df78f67936a715de1ad0b89a7cb0300150ae2e7&oauth_nonce=ebbd8f95d737e2213571c2e70fe6d9b165a4c3f2&oauth_signature=DqJgFWYZuahBdY2KuDyTYSA6EDq77uxnOVHP5Ua45Qc%3D&oauth_signature_method=HMAC-SHA256&oauth_timestamp=1774083933&per_page=1&search=%D9%82%D9%85%D8%B5%D8%A7%D9%86
[Sat Mar 21 09:05:34 2026] [::1]:49679 Closing
[Sat Mar 21 09:05:34 2026] [::1]:49786 Accepted
[Sat Mar 21 09:05:34 2026] [::1]:49786 [302]: GET /wp-json/wc/v3/products?featured=1&oauth_consumer_key=ck_3df78f67936a715de1ad0b89a7cb0300150ae2e7&oauth_nonce=896a7d3d44f81d332fc02254133d66778286dcad&oauth_signature=IjDqIHEZDUM1W1r7l%2BivDmbCeqKgqiBM9kA9MldYFcY%3D&oauth_signature_method=HMAC-SHA256&oauth_timestamp=1774083934&order=desc&orderby=date&per_page=8&status=publish
[Sat Mar 21 09:05:34 2026] [::1]:49786 Closing
[Sat Mar 21 09:05:36 2026] [::1]:50064 Accepted
[Sat Mar 21 09:05:36 2026] [::1]:50064 [302]: GET /wp-json/wc/v3/products/categories?oauth_consumer_key=ck_3df78f67936a715de1ad0b89a7cb0300150ae2e7&oauth_nonce=0771bc0e9490b5d3e6366ca9657415e73896d871&oauth_signature=VEaG9kwKot2IIvsIc1k%2FPIcXDSu51OIIfEnZMaQ415w%3D&oauth_signature_method=HMAC-SHA256&oauth_timestamp=1774083936&per_page=1&search=%D8%AC%D8%A7%D9%83%D9%8A%D8%AA
[Sat Mar 21 09:05:36 2026] [::1]:50064 Closing
[Sat Mar 21 09:05:36 2026] [::1]:50066 Accepted
[Sat Mar 21 09:05:37 2026] [::1]:50066 [302]: GET /wp-json/wc/v3/products/categories?oauth_consumer_key=ck_3df78f67936a715de1ad0b89a7cb0300150ae2e7&oauth_nonce=f07f67bbac5556201f1e397734b0b8b8ff724236&oauth_signature=dGGquhSuw12mNE7L%2FJXJLqxj3uVfbW3S%2FmKP5DYkoZo%3D&oauth_signature_method=HMAC-SHA256&oauth_timestamp=1774083936&per_page=1&search=%D8%AC%D8%A7%D9%83%D9%8A%D8%AA%D8%A7%D8%AA
[Sat Mar 21 09:05:37 2026] [::1]:50066 Closing
[Sat Mar 21 09:05:37 2026] [::1]:50069 Accepted
[Sat Mar 21 09:05:37 2026] [::1]:50069 [302]: GET /wp-json/wc/v3/products/categories?oauth_consumer_key=ck_3df78f67936a715de1ad0b89a7cb0300150ae2e7&oauth_nonce=3be4a9afa0b75daaa0a6f9fe5bc6d13ad724fed8&oauth_signature=PSVfMz12R0vZ8sgqLTPPiLE4U%2FzvKEahcqynMOqzoDc%3D&oauth_signature_method=HMAC-SHA256&oauth_timestamp=1774083937&per_page=1&search=%D9%85%D9%84%D8%A7%D8%A8%D8%B3+%D8%B5%D9%8A%D9%81%D9%8A%D8%A9
[Sat Mar 21 09:05:37 2026] [::1]:50069 Closing
[Sat Mar 21 09:05:37 2026] [::1]:50075 Accepted
[Sat Mar 21 09:05:37 2026] [::1]:50075 [302]: GET /wp-json/wc/v3/products/categories?oauth_consumer_key=ck_3df78f67936a715de1ad0b89a7cb0300150ae2e7&oauth_nonce=847f9e7f05c6b0d00f2025bbd5852ba9de8cdb92&oauth_signature=4tYmm5K7uNEomqqos1Va7Tt3vq%2B47XARUie%2B2fydY0k%3D&oauth_signature_method=HMAC-SHA256&oauth_timestamp=1774083937&per_page=1&search=%D9%82%D9%85%D8%B5%D8%A7%D9%86
[Sat Mar 21 09:05:37 2026] [::1]:50075 Closing
[Sat Mar 21 09:05:37 2026] [::1]:50078 Accepted
[Sat Mar 21 09:05:37 2026] [::1]:50078 [302]: GET /wp-json/wc/v3/products?featured=1&oauth_consumer_key=ck_3df78f67936a715de1ad0b89a7cb0300150ae2e7&oauth_nonce=251fc9a9658fa4852af78fb8b2e0fcf18b3f6984&oauth_signature=14ttfvsI8AZ9LHIy%2FLsOMJnAQWbgOdErID%2B%2BUE85yxk%3D&oauth_signature_method=HMAC-SHA256&oauth_timestamp=1774083937&order=desc&orderby=date&per_page=8&status=publish
[Sat Mar 21 09:05:37 2026] [::1]:50078 Closing
[Sat Mar 21 09:09:26 2026] [::1]:65324 Accepted
[Sat Mar 21 09:09:26 2026] [::1]:65324 [302]: GET /wp-json/wc/v3/products/categories?oauth_consumer_key=ck_3df78f67936a715de1ad0b89a7cb0300150ae2e7&oauth_nonce=a34273dc6b93877de34a23d733d9b4cbc294de53&oauth_signature=rd3BfZtCIBTyyybz7bgnNnT0bjaf488ure3DO%2BcGfSM%3D&oauth_signature_method=HMAC-SHA256&oauth_timestamp=1774084166&per_page=1&search=%D8%AC%D8%A7%D9%83%D9%8A%D8%AA
[Sat Mar 21 09:09:26 2026] [::1]:65324 Closing
[Sat Mar 21 09:09:26 2026] [::1]:65327 Accepted
[Sat Mar 21 09:09:27 2026] [::1]:65327 [302]: GET /wp-json/wc/v3/products/categories?oauth_consumer_key=ck_3df78f67936a715de1ad0b89a7cb0300150ae2e7&oauth_nonce=a19c3755956adca7222e2ef9a67cea2accfb257a&oauth_signature=d0Rp0bFLVt9oK%2BgB8O8ia1HX4Otc%2BCXfuS57IYUAJKE%3D&oauth_signature_method=HMAC-SHA256&oauth_timestamp=1774084166&per_page=1&search=%D8%AC%D8%A7%D9%83%D9%8A%D8%AA%D8%A7%D8%AA
[Sat Mar 21 09:09:27 2026] [::1]:65327 Closing
[Sat Mar 21 09:09:27 2026] [::1]:65329 Accepted
[Sat Mar 21 09:09:27 2026] [::1]:65329 [302]: GET /wp-json/wc/v3/products/categories?oauth_consumer_key=ck_3df78f67936a715de1ad0b89a7cb0300150ae2e7&oauth_nonce=a1c5d32dd569e72bca01cccd9efe35ec285e17f9&oauth_signature=oDNxaXOX7BvCutHCSZs5ldJcZP4hv35k9cMQiLz%2FXxc%3D&oauth_signature_method=HMAC-SHA256&oauth_timestamp=1774084167&per_page=1&search=%D9%85%D9%84%D8%A7%D8%A8%D8%B3+%D8%B5%D9%8A%D9%81%D9%8A%D8%A9
[Sat Mar 21 09:09:27 2026] [::1]:65329 Closing
[Sat Mar 21 09:09:27 2026] [::1]:65331 Accepted
[Sat Mar 21 09:09:27 2026] [::1]:65331 [302]: GET /wp-json/wc/v3/products/categories?oauth_consumer_key=ck_3df78f67936a715de1ad0b89a7cb0300150ae2e7&oauth_nonce=52a32ef190a9be9eb0ec5195361905c7b50b2697&oauth_signature=myupK5BZkWuNymfM8%2Fej4Kynp%2Beok3rnyR6PqhGS80M%3D&oauth_signature_method=HMAC-SHA256&oauth_timestamp=1774084167&per_page=1&search=%D9%82%D9%85%D8%B5%D8%A7%D9%86
[Sat Mar 21 09:09:27 2026] [::1]:65331 Closing
[Sat Mar 21 09:09:27 2026] [::1]:65333 Accepted
[Sat Mar 21 09:09:27 2026] [::1]:65333 [302]: GET /wp-json/wc/v3/products?featured=1&oauth_consumer_key=ck_3df78f67936a715de1ad0b89a7cb0300150ae2e7&oauth_nonce=bab23d97f2c85057fe6ddbdfa6f527c1726a587b&oauth_signature=G4wzpTX1FJalkuFA9%2FS%2FPHzVmnES5F3Vby9rBQgzWCM%3D&oauth_signature_method=HMAC-SHA256&oauth_timestamp=1774084167&order=desc&orderby=date&per_page=8&status=publish
[Sat Mar 21 09:09:27 2026] [::1]:65333 Closing
[Sat Mar 21 09:09:32 2026] [::1]:64642 Accepted
[Sat Mar 21 09:09:32 2026] [::1]:64642 [302]: GET /wp-json/wc/v3/products/categories?oauth_consumer_key=ck_3df78f67936a715de1ad0b89a7cb0300150ae2e7&oauth_nonce=56fdf185338965dab55e299df66a0cc70db8427c&oauth_signature=bvgzIt7g9Zy8f8%2BX9W6uQDD600TCF8seDF0ZmtrEWig%3D&oauth_signature_method=HMAC-SHA256&oauth_timestamp=1774084172&per_page=1&search=%D8%AC%D8%A7%D9%83%D9%8A%D8%AA
[Sat Mar 21 09:09:32 2026] [::1]:64642 Closing
[Sat Mar 21 09:09:32 2026] [::1]:64644 Accepted
[Sat Mar 21 09:09:32 2026] [::1]:64644 [302]: GET /wp-json/wc/v3/products/categories?oauth_consumer_key=ck_3df78f67936a715de1ad0b89a7cb0300150ae2e7&oauth_nonce=4ef144f156d992bfc8940b0790aa8abf0ff31c65&oauth_signature=%2FRrEYvODWamI1QpPPhspJec7i7SNqR7G88kXNpw3EqM%3D&oauth_signature_method=HMAC-SHA256&oauth_timestamp=1774084172&per_page=1&search=%D8%AC%D8%A7%D9%83%D9%8A%D8%AA%D8%A7%D8%AA
[Sat Mar 21 09:09:32 2026] [::1]:64644 Closing
[Sat Mar 21 09:09:32 2026] [::1]:64646 Accepted
[Sat Mar 21 09:09:32 2026] [::1]:64646 [302]: GET /wp-json/wc/v3/products/categories?oauth_consumer_key=ck_3df78f67936a715de1ad0b89a7cb0300150ae2e7&oauth_nonce=250bff16fb397011bc8ae687c3ed2235f5e0fdc9&oauth_signature=IJWhod0PUMk8zkwcJfWp3EeQKIupX6ZfhMj8zDcb8ZI%3D&oauth_signature_method=HMAC-SHA256&oauth_timestamp=1774084172&per_page=1&search=%D9%85%D9%84%D8%A7%D8%A8%D8%B3+%D8%B5%D9%8A%D9%81%D9%8A%D8%A9
[Sat Mar 21 09:09:32 2026] [::1]:64646 Closing
[Sat Mar 21 09:09:32 2026] [::1]:64648 Accepted
[Sat Mar 21 09:09:32 2026] [::1]:64648 [302]: GET /wp-json/wc/v3/products/categories?oauth_consumer_key=ck_3df78f67936a715de1ad0b89a7cb0300150ae2e7&oauth_nonce=b2eea066a202bba90cdd2fdcbeab836c0f97217c&oauth_signature=GoWLIfUCH5tyWgOooEEXB4XYISLZRI78TdbJtUu2NoU%3D&oauth_signature_method=HMAC-SHA256&oauth_timestamp=1774084172&per_page=1&search=%D9%82%D9%85%D8%B5%D8%A7%D9%86
[Sat Mar 21 09:09:32 2026] [::1]:64648 Closing
[Sat Mar 21 09:09:32 2026] [::1]:64650 Accepted
[Sat Mar 21 09:09:32 2026] [::1]:64650 [302]: GET /wp-json/wc/v3/products?featured=1&oauth_consumer_key=ck_3df78f67936a715de1ad0b89a7cb0300150ae2e7&oauth_nonce=55f0bfe0229fc926689e4bf84f6516d5e7cd0982&oauth_signature=bsq0Qi7ETrcl8Cyr9KPFTOlvpbvNwz8JVWXYrgWeu2w%3D&oauth_signature_method=HMAC-SHA256&oauth_timestamp=1774084172&order=desc&orderby=date&per_page=8&status=publish
[Sat Mar 21 09:09:32 2026] [::1]:64650 Closing
[Sat Mar 21 09:09:36 2026] [::1]:61583 Accepted
[Sat Mar 21 09:09:36 2026] [::1]:61583 [302]: GET /wp-json/wc/v3/products/categories?oauth_consumer_key=ck_3df78f67936a715de1ad0b89a7cb0300150ae2e7&oauth_nonce=78d191d03e38ab50dfcbd7903ef5d388d09b3951&oauth_signature=b%2Fjxh571HhPgLZtSWzamWLpDRUEGHLUpx5ajAwlQIwg%3D&oauth_signature_method=HMAC-SHA256&oauth_timestamp=1774084176&per_page=1&search=%D8%AC%D8%A7%D9%83%D9%8A%D8%AA
[Sat Mar 21 09:09:36 2026] [::1]:61583 Closing
[Sat Mar 21 09:09:36 2026] [::1]:61585 Accepted
[Sat Mar 21 09:09:36 2026] [::1]:61585 [302]: GET /wp-json/wc/v3/products/categories?oauth_consumer_key=ck_3df78f67936a715de1ad0b89a7cb0300150ae2e7&oauth_nonce=c8958b51bea4b32bb1c383a61908b75a72b4ba7f&oauth_signature=NNK8lAOSBO4Za55Y0Hcb5EMnnukPcr9YzWZ43ubaAvQ%3D&oauth_signature_method=HMAC-SHA256&oauth_timestamp=1774084176&per_page=1&search=%D8%AC%D8%A7%D9%83%D9%8A%D8%AA%D8%A7%D8%AA
[Sat Mar 21 09:09:36 2026] [::1]:61585 Closing
[Sat Mar 21 09:09:36 2026] [::1]:61588 Accepted
[Sat Mar 21 09:09:37 2026] [::1]:61588 [302]: GET /wp-json/wc/v3/products/categories?oauth_consumer_key=ck_3df78f67936a715de1ad0b89a7cb0300150ae2e7&oauth_nonce=234e3d78720250ff61c4a766f1ec7e9a0f31d07e&oauth_signature=qI8simnhV8SXuxoGuym%2BgNqyUySCLobsbhH5MHkZRnE%3D&oauth_signature_method=HMAC-SHA256&oauth_timestamp=1774084176&per_page=1&search=%D9%85%D9%84%D8%A7%D8%A8%D8%B3+%D8%B5%D9%8A%D9%81%D9%8A%D8%A9
[Sat Mar 21 09:09:37 2026] [::1]:61588 Closing
[Sat Mar 21 09:09:37 2026] [::1]:61590 Accepted
[Sat Mar 21 09:09:37 2026] [::1]:61590 [302]: GET /wp-json/wc/v3/products/categories?oauth_consumer_key=ck_3df78f67936a715de1ad0b89a7cb0300150ae2e7&oauth_nonce=4a5256c8f51f2c4ba3a3f0568a255fb9826d9fd2&oauth_signature=8stjPxcOQqrW4AqBZs12%2FrPtla1aK1HnrzpjUmZjIOQ%3D&oauth_signature_method=HMAC-SHA256&oauth_timestamp=1774084177&per_page=1&search=%D9%82%D9%85%D8%B5%D8%A7%D9%86
[Sat Mar 21 09:09:37 2026] [::1]:61590 Closing
[Sat Mar 21 09:09:37 2026] [::1]:61592 Accepted
[Sat Mar 21 09:09:37 2026] [::1]:61592 [302]: GET /wp-json/wc/v3/products?featured=1&oauth_consumer_key=ck_3df78f67936a715de1ad0b89a7cb0300150ae2e7&oauth_nonce=36985d3652918fbf70670bd065a34ffcb9213fd6&oauth_signature=PzYbz5epjg4ejTwDDgHel55lydJKqGpbHn6xjoeysAU%3D&oauth_signature_method=HMAC-SHA256&oauth_timestamp=1774084177&order=desc&orderby=date&per_page=8&status=publish
[Sat Mar 21 09:09:37 2026] [::1]:61592 Closing
[Sat Mar 21 09:09:40 2026] [::1]:62044 Accepted
[Sat Mar 21 09:09:40 2026] [::1]:62044 [302]: GET /wp-json/wc/v3/products/categories?oauth_consumer_key=ck_3df78f67936a715de1ad0b89a7cb0300150ae2e7&oauth_nonce=64eba64c5ae9003006669f87aa5c5c4d8eff706d&oauth_signature=WmIPKnYJBs8E%2FBdJcSak9NZ8u1El29lqnQm3AUzTUis%3D&oauth_signature_method=HMAC-SHA256&oauth_timestamp=1774084180&per_page=1&search=%D8%AC%D8%A7%D9%83%D9%8A%D8%AA
[Sat Mar 21 09:09:40 2026] [::1]:62044 Closing
[Sat Mar 21 09:09:40 2026] [::1]:62046 Accepted
[Sat Mar 21 09:09:40 2026] [::1]:62046 [302]: GET /wp-json/wc/v3/products/categories?oauth_consumer_key=ck_3df78f67936a715de1ad0b89a7cb0300150ae2e7&oauth_nonce=4add929ad41cb87dd0a5adf3fda8b466705fffe8&oauth_signature=GQVl1Ja%2BWcN%2B15vSAOSqkspxah%2FDm0PvGbf%2FL4yX74A%3D&oauth_signature_method=HMAC-SHA256&oauth_timestamp=1774084180&per_page=1&search=%D8%AC%D8%A7%D9%83%D9%8A%D8%AA%D8%A7%D8%AA
[Sat Mar 21 09:09:40 2026] [::1]:62046 Closing
[Sat Mar 21 09:09:40 2026] [::1]:62048 Accepted
[Sat Mar 21 09:09:41 2026] [::1]:62048 [302]: GET /wp-json/wc/v3/products/categories?oauth_consumer_key=ck_3df78f67936a715de1ad0b89a7cb0300150ae2e7&oauth_nonce=04d37f6b3c3b61e80d3c99835a1782eaf26d49a6&oauth_signature=FjlEy2WHG%2FFhqLl%2FTwxIFVgkT%2FrWHLHlBbSdEt%2B19T0%3D&oauth_signature_method=HMAC-SHA256&oauth_timestamp=1774084180&per_page=1&search=%D9%85%D9%84%D8%A7%D8%A8%D8%B3+%D8%B5%D9%8A%D9%81%D9%8A%D8%A9
[Sat Mar 21 09:09:41 2026] [::1]:62048 Closing
[Sat Mar 21 09:09:41 2026] [::1]:62050 Accepted
[Sat Mar 21 09:09:41 2026] [::1]:62050 [302]: GET /wp-json/wc/v3/products/categories?oauth_consumer_key=ck_3df78f67936a715de1ad0b89a7cb0300150ae2e7&oauth_nonce=bbd88850bad27a60cf1acb385f5ba79d14a9eb90&oauth_signature=uB1lAfoNl5Do5qRj2BZqnnWPVW0dMN2fUUPLsJUtHEU%3D&oauth_signature_method=HMAC-SHA256&oauth_timestamp=1774084181&per_page=1&search=%D9%82%D9%85%D8%B5%D8%A7%D9%86
[Sat Mar 21 09:09:41 2026] [::1]:62050 Closing
[Sat Mar 21 09:09:41 2026] [::1]:62052 Accepted
[Sat Mar 21 09:09:41 2026] [::1]:62052 [302]: GET /wp-json/wc/v3/products?featured=1&oauth_consumer_key=ck_3df78f67936a715de1ad0b89a7cb0300150ae2e7&oauth_nonce=c9c02625cb4a0e058d34dce65bcbeef6754a7d38&oauth_signature=kkYSa5B1c%2FZFIY%2B4bMGjkojPkp7ILrGP4Ati0wx%2FKDI%3D&oauth_signature_method=HMAC-SHA256&oauth_timestamp=1774084181&order=desc&orderby=date&per_page=8&status=publish
[Sat Mar 21 09:09:41 2026] [::1]:62052 Closing
[Sat Mar 21 09:16:30 2026] [::1]:61285 Accepted
[Sat Mar 21 09:16:30 2026] [::1]:61285 [302]: GET /wp-json/wc/v3/products/categories?oauth_consumer_key=ck_3df78f67936a715de1ad0b89a7cb0300150ae2e7&oauth_nonce=6c27c7d7a0bb721b33437dd47a01ca26e33613b0&oauth_signature=EzUEkDYaYEzZMIIIl8yJgjYWfhQJwVl4KxxW4j2YIac%3D&oauth_signature_method=HMAC-SHA256&oauth_timestamp=1774084590&per_page=1&search=%D8%AC%D8%A7%D9%83%D9%8A%D8%AA
[Sat Mar 21 09:16:30 2026] [::1]:61285 Closing
[Sat Mar 21 09:16:30 2026] [::1]:61287 Accepted
[Sat Mar 21 09:16:30 2026] [::1]:61287 [302]: GET /wp-json/wc/v3/products/categories?oauth_consumer_key=ck_3df78f67936a715de1ad0b89a7cb0300150ae2e7&oauth_nonce=fe3275f9dea9e8ffe55e445c6fd2bc40318d0b31&oauth_signature=%2FlNj5YvFJcfnFEZM0FcLgzpMJrgb8zHgdCmYJF7tt2s%3D&oauth_signature_method=HMAC-SHA256&oauth_timestamp=1774084590&per_page=1&search=%D8%AC%D8%A7%D9%83%D9%8A%D8%AA%D8%A7%D8%AA
[Sat Mar 21 09:16:30 2026] [::1]:61287 Closing
[Sat Mar 21 09:16:30 2026] [::1]:61289 Accepted
[Sat Mar 21 09:16:31 2026] [::1]:61289 [302]: GET /wp-json/wc/v3/products/categories?oauth_consumer_key=ck_3df78f67936a715de1ad0b89a7cb0300150ae2e7&oauth_nonce=1b5c6add5f10d00ca09ff18fad6ddb0dd42d2cb1&oauth_signature=khEElEt6vGxQxLfaV2PhRxOhainlbPbJMQOVYAELnkI%3D&oauth_signature_method=HMAC-SHA256&oauth_timestamp=1774084590&per_page=1&search=%D9%85%D9%84%D8%A7%D8%A8%D8%B3+%D8%B5%D9%8A%D9%81%D9%8A%D8%A9
[Sat Mar 21 09:16:31 2026] [::1]:61289 Closing
[Sat Mar 21 09:16:31 2026] [::1]:61291 Accepted
[Sat Mar 21 09:16:31 2026] [::1]:61291 [302]: GET /wp-json/wc/v3/products/categories?oauth_consumer_key=ck_3df78f67936a715de1ad0b89a7cb0300150ae2e7&oauth_nonce=b1bfda241b8eafa8c48df23ef7be4f2596089795&oauth_signature=CTBH9aYMVXzZcmZLNfSVDxODuuS0xcNe3krAu8FAco0%3D&oauth_signature_method=HMAC-SHA256&oauth_timestamp=1774084591&per_page=1&search=%D9%82%D9%85%D8%B5%D8%A7%D9%86
[Sat Mar 21 09:16:31 2026] [::1]:61291 Closing
[Sat Mar 21 09:16:31 2026] [::1]:61293 Accepted
[Sat Mar 21 09:16:31 2026] [::1]:61293 [302]: GET /wp-json/wc/v3/products?featured=1&oauth_consumer_key=ck_3df78f67936a715de1ad0b89a7cb0300150ae2e7&oauth_nonce=37c7545cfe40591b8e37599f6064396c74e4d08d&oauth_signature=%2FvY9ua8XzgA8ZNKElFQ%2FJO0brMb7oLpeTrFLfbBvqbg%3D&oauth_signature_method=HMAC-SHA256&oauth_timestamp=1774084591&order=desc&orderby=date&per_page=8&status=publish
[Sat Mar 21 09:16:31 2026] [::1]:61293 Closing
[Sat Mar 21 09:16:36 2026] [::1]:52253 Accepted
[Sat Mar 21 09:16:36 2026] [::1]:52253 [302]: GET /wp-json/wc/v3/products/categories?oauth_consumer_key=ck_3df78f67936a715de1ad0b89a7cb0300150ae2e7&oauth_nonce=01142a93a69410825a914bf47dbaed04cd4983e3&oauth_signature=GWLDmWgZHv%2BhbAzWcbmuFLyhS3Uw0fyve2NighxD6EI%3D&oauth_signature_method=HMAC-SHA256&oauth_timestamp=1774084596&per_page=1&search=%D8%AC%D8%A7%D9%83%D9%8A%D8%AA
[Sat Mar 21 09:16:36 2026] [::1]:52253 Closing
[Sat Mar 21 09:16:36 2026] [::1]:52255 Accepted
[Sat Mar 21 09:16:36 2026] [::1]:52255 [302]: GET /wp-json/wc/v3/products/categories?oauth_consumer_key=ck_3df78f67936a715de1ad0b89a7cb0300150ae2e7&oauth_nonce=45f6dcb045ce822b18ee71d99b87af8e1dcd8923&oauth_signature=OTijWRag%2FKMhgyrDRrwMaViwdWJ7gn1VxZSs4cdamvY%3D&oauth_signature_method=HMAC-SHA256&oauth_timestamp=1774084596&per_page=1&search=%D8%AC%D8%A7%D9%83%D9%8A%D8%AA%D8%A7%D8%AA
[Sat Mar 21 09:16:36 2026] [::1]:52255 Closing
[Sat Mar 21 09:16:36 2026] [::1]:52257 Accepted
[Sat Mar 21 09:16:37 2026] [::1]:52257 [302]: GET /wp-json/wc/v3/products/categories?oauth_consumer_key=ck_3df78f67936a715de1ad0b89a7cb0300150ae2e7&oauth_nonce=9acbc87cd6c942ec7fd111b2ec086f86bdd2c6f7&oauth_signature=QaxGkXJIJF60vt6Gxqgp5Cb3YHAzND4OX5YZWVsHopQ%3D&oauth_signature_method=HMAC-SHA256&oauth_timestamp=1774084596&per_page=1&search=%D9%85%D9%84%D8%A7%D8%A8%D8%B3+%D8%B5%D9%8A%D9%81%D9%8A%D8%A9
[Sat Mar 21 09:16:37 2026] [::1]:52257 Closing
[Sat Mar 21 09:16:37 2026] [::1]:52259 Accepted
[Sat Mar 21 09:16:37 2026] [::1]:52259 [302]: GET /wp-json/wc/v3/products/categories?oauth_consumer_key=ck_3df78f67936a715de1ad0b89a7cb0300150ae2e7&oauth_nonce=0ee7092be01bfe20525b0af26a0040a6afe61bf2&oauth_signature=9AuN%2FAKTnKjhcaZz4xj34gJSjzTD5jIAKBb4ZJ1hsN4%3D&oauth_signature_method=HMAC-SHA256&oauth_timestamp=1774084597&per_page=1&search=%D9%82%D9%85%D8%B5%D8%A7%D9%86
[Sat Mar 21 09:16:37 2026] [::1]:52259 Closing
[Sat Mar 21 09:16:37 2026] [::1]:52261 Accepted
[Sat Mar 21 09:16:37 2026] [::1]:52261 [302]: GET /wp-json/wc/v3/products?featured=1&oauth_consumer_key=ck_3df78f67936a715de1ad0b89a7cb0300150ae2e7&oauth_nonce=df6ee67c8fffcf3f6f485b3eb7693b28714032b2&oauth_signature=RZVhY%2BBFeMiuicVN7tu%2FollvH6GD1hgJows9IXI5MPg%3D&oauth_signature_method=HMAC-SHA256&oauth_timestamp=1774084597&order=desc&orderby=date&per_page=8&status=publish
[Sat Mar 21 09:16:37 2026] [::1]:52261 Closing
[Sat Mar 21 09:17:06 2026] [::1]:49371 Accepted
[Sat Mar 21 09:17:07 2026] [::1]:49371 [302]: GET /wp-json/wc/v3/products/categories?oauth_consumer_key=ck_3df78f67936a715de1ad0b89a7cb0300150ae2e7&oauth_nonce=230dcda03344c6f96e015974ae38886d15806fd9&oauth_signature=%2FkZSRLHzxs9LIVICnlwUUuO37o5GAAfORiUEro3Lj8c%3D&oauth_signature_method=HMAC-SHA256&oauth_timestamp=1774084626&per_page=1&search=%D8%AC%D8%A7%D9%83%D9%8A%D8%AA
[Sat Mar 21 09:17:07 2026] [::1]:49371 Closing
[Sat Mar 21 09:17:07 2026] [::1]:49373 Accepted
[Sat Mar 21 09:17:07 2026] [::1]:49373 [302]: GET /wp-json/wc/v3/products/categories?oauth_consumer_key=ck_3df78f67936a715de1ad0b89a7cb0300150ae2e7&oauth_nonce=b3367a494cd5bbe39543215d48e5a6426acfd70c&oauth_signature=KAmkWJxV2Vvi1r97KuDRpiyEoyuCUQQw%2BOu0HPWfK%2Bo%3D&oauth_signature_method=HMAC-SHA256&oauth_timestamp=1774084627&per_page=1&search=%D8%AC%D8%A7%D9%83%D9%8A%D8%AA%D8%A7%D8%AA
[Sat Mar 21 09:17:07 2026] [::1]:49373 Closing
[Sat Mar 21 09:17:07 2026] [::1]:49375 Accepted
[Sat Mar 21 09:17:07 2026] [::1]:49375 [302]: GET /wp-json/wc/v3/products/categories?oauth_consumer_key=ck_3df78f67936a715de1ad0b89a7cb0300150ae2e7&oauth_nonce=16254bcf8c9bb990551961f207c96745265c329e&oauth_signature=hWhZkPBphEq%2FN%2F92I54zG5wJzcIzdFENTxhXvldfJOg%3D&oauth_signature_method=HMAC-SHA256&oauth_timestamp=1774084627&per_page=1&search=%D9%85%D9%84%D8%A7%D8%A8%D8%B3+%D8%B5%D9%8A%D9%81%D9%8A%D8%A9
[Sat Mar 21 09:17:07 2026] [::1]:49375 Closing
[Sat Mar 21 09:17:07 2026] [::1]:49377 Accepted
[Sat Mar 21 09:17:07 2026] [::1]:49377 [302]: GET /wp-json/wc/v3/products/categories?oauth_consumer_key=ck_3df78f67936a715de1ad0b89a7cb0300150ae2e7&oauth_nonce=0f1db3f09d73a32b984914cd8f8728b5f54000ef&oauth_signature=pHByt6TlNO88KMhkssCSV5buy9q3SGN9F1In4FhHYnU%3D&oauth_signature_method=HMAC-SHA256&oauth_timestamp=1774084627&per_page=1&search=%D9%82%D9%85%D8%B5%D8%A7%D9%86
[Sat Mar 21 09:17:07 2026] [::1]:49377 Closing
[Sat Mar 21 09:17:07 2026] [::1]:49379 Accepted
[Sat Mar 21 09:17:07 2026] [::1]:49379 [302]: GET /wp-json/wc/v3/products?featured=1&oauth_consumer_key=ck_3df78f67936a715de1ad0b89a7cb0300150ae2e7&oauth_nonce=8b340285d24a1f2830c6ead2737141494422abaf&oauth_signature=tfVmiLDOkeoHHEDKdVGq8WKLj27q1XyFYeZp7x8f25I%3D&oauth_signature_method=HMAC-SHA256&oauth_timestamp=1774084627&order=desc&orderby=date&per_page=8&status=publish
[Sat Mar 21 09:17:07 2026] [::1]:49379 Closing
[Sat Mar 21 09:20:26 2026] [::1]:53914 Accepted
[Sat Mar 21 09:20:26 2026] [::1]:53914 [302]: GET /wp-json/wc/v3/products/categories?oauth_consumer_key=ck_3df78f67936a715de1ad0b89a7cb0300150ae2e7&oauth_nonce=533bdb2468b6f4c0c0e0ee7630b83c0df1d462a6&oauth_signature=fjKxO8hUZsIckTJSVAV1lbx4Q3zWvX6Nv9bKzPjxU7M%3D&oauth_signature_method=HMAC-SHA256&oauth_timestamp=1774084826&per_page=1&search=%D8%AC%D8%A7%D9%83%D9%8A%D8%AA
[Sat Mar 21 09:20:26 2026] [::1]:53914 Closing
[Sat Mar 21 09:20:26 2026] [::1]:53916 Accepted
[Sat Mar 21 09:20:26 2026] [::1]:53916 [302]: GET /wp-json/wc/v3/products/categories?oauth_consumer_key=ck_3df78f67936a715de1ad0b89a7cb0300150ae2e7&oauth_nonce=2127f320d9e7ba8f0b81f089d916a2a038ad8a3d&oauth_signature=IBdgmebo5X3SH7qAEmB96ZuW92ZiFH1bVW9S%2Fjsd37A%3D&oauth_signature_method=HMAC-SHA256&oauth_timestamp=1774084826&per_page=1&search=%D8%AC%D8%A7%D9%83%D9%8A%D8%AA%D8%A7%D8%AA
[Sat Mar 21 09:20:26 2026] [::1]:53916 Closing
[Sat Mar 21 09:20:26 2026] [::1]:65469 Accepted
[Sat Mar 21 09:20:27 2026] [::1]:65469 [302]: GET /wp-json/wc/v3/products/categories?oauth_consumer_key=ck_3df78f67936a715de1ad0b89a7cb0300150ae2e7&oauth_nonce=d1aa2c35cb2d80f27f6eafdb8bb3606d5ce5394f&oauth_signature=cwqGVmMjLt8BseBlbWUOdKZrCqAD6f65U2i2pUFYVmE%3D&oauth_signature_method=HMAC-SHA256&oauth_timestamp=1774084826&per_page=1&search=%D9%85%D9%84%D8%A7%D8%A8%D8%B3+%D8%B5%D9%8A%D9%81%D9%8A%D8%A9
[Sat Mar 21 09:20:27 2026] [::1]:65469 Closing
[Sat Mar 21 09:20:27 2026] [::1]:65471 Accepted
[Sat Mar 21 09:20:27 2026] [::1]:65471 [302]: GET /wp-json/wc/v3/products/categories?oauth_consumer_key=ck_3df78f67936a715de1ad0b89a7cb0300150ae2e7&oauth_nonce=1cf12bd7ad7d692fee19843fe24befcaa241c69b&oauth_signature=osX9KGDX4%2Fb418c2VvDbzGEqujvcJdxrcy5%2FX%2Bcd0EA%3D&oauth_signature_method=HMAC-SHA256&oauth_timestamp=1774084827&per_page=1&search=%D9%82%D9%85%D8%B5%D8%A7%D9%86
[Sat Mar 21 09:20:27 2026] [::1]:65471 Closing
[Sat Mar 21 09:20:27 2026] [::1]:65473 Accepted
[Sat Mar 21 09:20:27 2026] [::1]:65473 [302]: GET /wp-json/wc/v3/products?featured=1&oauth_consumer_key=ck_3df78f67936a715de1ad0b89a7cb0300150ae2e7&oauth_nonce=7485a56a7c7adaae22a28b7b6f89ab90b67898ab&oauth_signature=MkQvfYZrRox4E6wYEQNbeNOFLtWnb7uibVg4wySclL0%3D&oauth_signature_method=HMAC-SHA256&oauth_timestamp=1774084827&order=desc&orderby=date&per_page=8&status=publish
[Sat Mar 21 09:20:27 2026] [::1]:65473 Closing
[Sat Mar 21 09:20:32 2026] [::1]:50305 Accepted
[Sat Mar 21 09:20:32 2026] [::1]:50305 [302]: GET /wp-json/wc/v3/products/categories?oauth_consumer_key=ck_3df78f67936a715de1ad0b89a7cb0300150ae2e7&oauth_nonce=82fdf675301029b0dfc6a41ab1e0a388bd5ee4ef&oauth_signature=NmzDMLFLfneql4Gh4nBzcG2HIHjpPJMjY8CJQWfYqAg%3D&oauth_signature_method=HMAC-SHA256&oauth_timestamp=1774084832&per_page=1&search=%D8%AC%D8%A7%D9%83%D9%8A%D8%AA
[Sat Mar 21 09:20:32 2026] [::1]:50305 Closing
[Sat Mar 21 09:20:32 2026] [::1]:50307 Accepted
[Sat Mar 21 09:20:33 2026] [::1]:50307 [302]: GET /wp-json/wc/v3/products/categories?oauth_consumer_key=ck_3df78f67936a715de1ad0b89a7cb0300150ae2e7&oauth_nonce=c298eee992439690f4d2eeef9d944462fcf57e64&oauth_signature=k4C1yr%2FJ5Du5YaT0vsZSCrfJYRkLjghC8a3XgRnvfbQ%3D&oauth_signature_method=HMAC-SHA256&oauth_timestamp=1774084832&per_page=1&search=%D8%AC%D8%A7%D9%83%D9%8A%D8%AA%D8%A7%D8%AA
[Sat Mar 21 09:20:33 2026] [::1]:50307 Closing
[Sat Mar 21 09:20:33 2026] [::1]:64824 Accepted
[Sat Mar 21 09:20:33 2026] [::1]:64824 [302]: GET /wp-json/wc/v3/products/categories?oauth_consumer_key=ck_3df78f67936a715de1ad0b89a7cb0300150ae2e7&oauth_nonce=3f381610b2538b4393f99a1a92167394d1734465&oauth_signature=jUqTUPMRMg6UbxiEgBJ3QaREN7mMYxVYWugQkv9XqAM%3D&oauth_signature_method=HMAC-SHA256&oauth_timestamp=1774084833&per_page=1&search=%D9%85%D9%84%D8%A7%D8%A8%D8%B3+%D8%B5%D9%8A%D9%81%D9%8A%D8%A9
[Sat Mar 21 09:20:33 2026] [::1]:64824 Closing
[Sat Mar 21 09:20:33 2026] [::1]:64826 Accepted
[Sat Mar 21 09:20:33 2026] [::1]:64826 [302]: GET /wp-json/wc/v3/products/categories?oauth_consumer_key=ck_3df78f67936a715de1ad0b89a7cb0300150ae2e7&oauth_nonce=e79a71d8b82b0387e35817215f8d5941180c73c2&oauth_signature=Gf3cqUtiMs9EuaTAZilhZM88Jfku8Pvu051F5ckgrIg%3D&oauth_signature_method=HMAC-SHA256&oauth_timestamp=1774084833&per_page=1&search=%D9%82%D9%85%D8%B5%D8%A7%D9%86
[Sat Mar 21 09:20:33 2026] [::1]:64826 Closing
[Sat Mar 21 09:20:33 2026] [::1]:64828 Accepted
[Sat Mar 21 09:20:33 2026] [::1]:64828 [302]: GET /wp-json/wc/v3/products?featured=1&oauth_consumer_key=ck_3df78f67936a715de1ad0b89a7cb0300150ae2e7&oauth_nonce=622914d489ff7be673771d924432d69c9e87f6eb&oauth_signature=jJxmX2eU1IrewuibJdmvUfyR%2FoNjOZYhC8DAZereARg%3D&oauth_signature_method=HMAC-SHA256&oauth_timestamp=1774084833&order=desc&orderby=date&per_page=8&status=publish
[Sat Mar 21 09:20:33 2026] [::1]:64828 Closing
[Sat Mar 21 09:21:09 2026] [::1]:56738 Accepted
[Sat Mar 21 09:21:09 2026] [::1]:56738 [302]: GET /wp-json/wc/v3/products/categories?oauth_consumer_key=ck_3df78f67936a715de1ad0b89a7cb0300150ae2e7&oauth_nonce=fc0ddbdfbac825e40c478d47dfa673dcea18dfe8&oauth_signature=qWV69qvvEn%2Fi0L7W1Yk7839KeIBQcFL%2Bj3YWuAXrewQ%3D&oauth_signature_method=HMAC-SHA256&oauth_timestamp=1774084869&per_page=1&search=%D8%AC%D8%A7%D9%83%D9%8A%D8%AA
[Sat Mar 21 09:21:09 2026] [::1]:56738 Closing
[Sat Mar 21 09:21:09 2026] [::1]:56740 Accepted
[Sat Mar 21 09:21:10 2026] [::1]:56740 [302]: GET /wp-json/wc/v3/products/categories?oauth_consumer_key=ck_3df78f67936a715de1ad0b89a7cb0300150ae2e7&oauth_nonce=3e41e003b91990fb4e6d4539f4ac24be7c420c84&oauth_signature=Yk4Wz0LwtnoYOTywW3JgjxZEyR5SLKDry%2FPxk5DeW68%3D&oauth_signature_method=HMAC-SHA256&oauth_timestamp=1774084869&per_page=1&search=%D8%AC%D8%A7%D9%83%D9%8A%D8%AA%D8%A7%D8%AA
[Sat Mar 21 09:21:10 2026] [::1]:56740 Closing
[Sat Mar 21 09:21:10 2026] [::1]:56742 Accepted
[Sat Mar 21 09:21:10 2026] [::1]:56742 [302]: GET /wp-json/wc/v3/products/categories?oauth_consumer_key=ck_3df78f67936a715de1ad0b89a7cb0300150ae2e7&oauth_nonce=88f8b471e9057c4dff4951f5f2ab2a8857a1be95&oauth_signature=zfaDHt9bpUdkYqn71Kqyzb%2FrfZACJEQt75x6nIFSfXc%3D&oauth_signature_method=HMAC-SHA256&oauth_timestamp=1774084870&per_page=1&search=%D9%85%D9%84%D8%A7%D8%A8%D8%B3+%D8%B5%D9%8A%D9%81%D9%8A%D8%A9
[Sat Mar 21 09:21:10 2026] [::1]:56742 Closing
[Sat Mar 21 09:21:10 2026] [::1]:56744 Accepted
[Sat Mar 21 09:21:10 2026] [::1]:56744 [302]: GET /wp-json/wc/v3/products/categories?oauth_consumer_key=ck_3df78f67936a715de1ad0b89a7cb0300150ae2e7&oauth_nonce=2a20749faf34695d7cf7111eca5756f1fafcd827&oauth_signature=mT0HLBdAEn3qhz%2FL0cKDdFfn%2Fji3DfeBSxGCGU79BPY%3D&oauth_signature_method=HMAC-SHA256&oauth_timestamp=1774084870&per_page=1&search=%D9%82%D9%85%D8%B5%D8%A7%D9%86
[Sat Mar 21 09:21:10 2026] [::1]:56744 Closing
[Sat Mar 21 09:21:10 2026] [::1]:62283 Accepted
[Sat Mar 21 09:21:10 2026] [::1]:62283 [302]: GET /wp-json/wc/v3/products?featured=1&oauth_consumer_key=ck_3df78f67936a715de1ad0b89a7cb0300150ae2e7&oauth_nonce=3651e0192d6e7f45981bd8c8c67bb48ed77e1761&oauth_signature=tIxTwblmNeRF0ZR2pxnrFagEJqwgudWhkEXD8iZedbA%3D&oauth_signature_method=HMAC-SHA256&oauth_timestamp=1774084870&order=desc&orderby=date&per_page=8&status=publish
[Sat Mar 21 09:21:10 2026] [::1]:62283 Closing
[Sat Mar 21 09:21:14 2026] [::1]:57239 Accepted
[Sat Mar 21 09:21:15 2026] [::1]:57239 [302]: GET /wp-json/wc/v3/products/categories?oauth_consumer_key=ck_3df78f67936a715de1ad0b89a7cb0300150ae2e7&oauth_nonce=63e3dc76ff94c67ba7e675f09428721efa136dda&oauth_signature=39RREIuvLyaY4WMfT%2F%2B9bxxjgaBcZirJJVATEC0NupM%3D&oauth_signature_method=HMAC-SHA256&oauth_timestamp=1774084874&per_page=1&search=%D8%AC%D8%A7%D9%83%D9%8A%D8%AA
[Sat Mar 21 09:21:15 2026] [::1]:57239 Closing
[Sat Mar 21 09:21:15 2026] [::1]:57241 Accepted
[Sat Mar 21 09:21:15 2026] [::1]:57241 [302]: GET /wp-json/wc/v3/products/categories?oauth_consumer_key=ck_3df78f67936a715de1ad0b89a7cb0300150ae2e7&oauth_nonce=7898767fa1ad6aa5a2ee99d4060a8267d9edca08&oauth_signature=qdzSt6xSLGbul1KPV0LdntWY5JtsX7Vkp%2FQthjd0X1U%3D&oauth_signature_method=HMAC-SHA256&oauth_timestamp=1774084875&per_page=1&search=%D8%AC%D8%A7%D9%83%D9%8A%D8%AA%D8%A7%D8%AA
[Sat Mar 21 09:21:15 2026] [::1]:57241 Closing
[Sat Mar 21 09:21:15 2026] [::1]:57243 Accepted
[Sat Mar 21 09:21:15 2026] [::1]:57243 [302]: GET /wp-json/wc/v3/products/categories?oauth_consumer_key=ck_3df78f67936a715de1ad0b89a7cb0300150ae2e7&oauth_nonce=2457586a8934509831c6e9388374002c992cb8b4&oauth_signature=jwWJcaMqtcbo11l3tY9huF7AxhBssZPfCVgvL3RdkI0%3D&oauth_signature_method=HMAC-SHA256&oauth_timestamp=1774084875&per_page=1&search=%D9%85%D9%84%D8%A7%D8%A8%D8%B3+%D8%B5%D9%8A%D9%81%D9%8A%D8%A9
[Sat Mar 21 09:21:15 2026] [::1]:57243 Closing
[Sat Mar 21 09:21:15 2026] [::1]:57245 Accepted
[Sat Mar 21 09:21:15 2026] [::1]:57245 [302]: GET /wp-json/wc/v3/products/categories?oauth_consumer_key=ck_3df78f67936a715de1ad0b89a7cb0300150ae2e7&oauth_nonce=399a8dc69474fc710ca6d46ff9c49bd8b1f34541&oauth_signature=8RaVuKrHmFsVwzwf0%2FSu8K3kEDA2KDhwa%2FzbA693KmY%3D&oauth_signature_method=HMAC-SHA256&oauth_timestamp=1774084875&per_page=1&search=%D9%82%D9%85%D8%B5%D8%A7%D9%86
[Sat Mar 21 09:21:16 2026] [::1]:57245 Closing
[Sat Mar 21 09:21:16 2026] [::1]:57247 Accepted
[Sat Mar 21 09:21:16 2026] [::1]:57247 [302]: GET /wp-json/wc/v3/products?featured=1&oauth_consumer_key=ck_3df78f67936a715de1ad0b89a7cb0300150ae2e7&oauth_nonce=52f6be87f09d8dcf47e8e2f2e5bace77e1ef24a3&oauth_signature=ElrxFbYIpkNVVzorolmUhhI8bSoPkwqc2hKUF%2BwAt0U%3D&oauth_signature_method=HMAC-SHA256&oauth_timestamp=1774084876&order=desc&orderby=date&per_page=8&status=publish
[Sat Mar 21 09:21:16 2026] [::1]:57247 Closing
[Sat Mar 21 09:21:39 2026] [::1]:54502 Accepted
[Sat Mar 21 09:21:39 2026] [::1]:54502 [302]: GET /wp-json/wc/v3/products/categories?oauth_consumer_key=ck_3df78f67936a715de1ad0b89a7cb0300150ae2e7&oauth_nonce=0905c0bdf5b4dbb11882a704216719abe13630b2&oauth_signature=j3FWYap%2FeXWb1r3nrkm4sF1KIFPVQe4P79aix3Ikgwc%3D&oauth_signature_method=HMAC-SHA256&oauth_timestamp=1774084899&per_page=1&search=%D8%AC%D8%A7%D9%83%D9%8A%D8%AA
[Sat Mar 21 09:21:39 2026] [::1]:54502 Closing
[Sat Mar 21 09:21:39 2026] [::1]:54505 Accepted
[Sat Mar 21 09:21:39 2026] [::1]:54505 [302]: GET /wp-json/wc/v3/products/categories?oauth_consumer_key=ck_3df78f67936a715de1ad0b89a7cb0300150ae2e7&oauth_nonce=128bca37915e04f100d480b276a8f9fd8e43b2ea&oauth_signature=%2F7plzdriQD60FA%2BsLr4Q6CZbF3hnaXPz4hU0gv3tLCo%3D&oauth_signature_method=HMAC-SHA256&oauth_timestamp=1774084899&per_page=1&search=%D8%AC%D8%A7%D9%83%D9%8A%D8%AA%D8%A7%D8%AA
[Sat Mar 21 09:21:39 2026] [::1]:54505 Closing
[Sat Mar 21 09:21:39 2026] [::1]:54507 Accepted
[Sat Mar 21 09:21:39 2026] [::1]:54507 [302]: GET /wp-json/wc/v3/products/categories?oauth_consumer_key=ck_3df78f67936a715de1ad0b89a7cb0300150ae2e7&oauth_nonce=fb62ba3e60e2118a9b173c7a3c90b533b8eaef8d&oauth_signature=6706nqZZ0lRs8ofaFBHm1vZRCCTVMB9pDdvID7p%2FoiQ%3D&oauth_signature_method=HMAC-SHA256&oauth_timestamp=1774084899&per_page=1&search=%D9%85%D9%84%D8%A7%D8%A8%D8%B3+%D8%B5%D9%8A%D9%81%D9%8A%D8%A9
[Sat Mar 21 09:21:40 2026] [::1]:54507 Closing
[Sat Mar 21 09:21:40 2026] [::1]:52721 Accepted
[Sat Mar 21 09:21:40 2026] [::1]:52721 [302]: GET /wp-json/wc/v3/products/categories?oauth_consumer_key=ck_3df78f67936a715de1ad0b89a7cb0300150ae2e7&oauth_nonce=ac58c34a51c3f65f2aa4f46149d410ab44e5716b&oauth_signature=9F7NAoY4fMI91yOrq0Fy7Cp6eefIpXAHVHtaUQrHsDI%3D&oauth_signature_method=HMAC-SHA256&oauth_timestamp=1774084900&per_page=1&search=%D9%82%D9%85%D8%B5%D8%A7%D9%86
[Sat Mar 21 09:21:40 2026] [::1]:52721 Closing
[Sat Mar 21 09:21:40 2026] [::1]:52723 Accepted
[Sat Mar 21 09:21:40 2026] [::1]:52723 [302]: GET /wp-json/wc/v3/products?featured=1&oauth_consumer_key=ck_3df78f67936a715de1ad0b89a7cb0300150ae2e7&oauth_nonce=0d0ee3afab50076ecef44a421d113baa263df41e&oauth_signature=pttwAQJ1tHKfkoUNfE8by4agi525%2FC6%2BsEfpHychaHw%3D&oauth_signature_method=HMAC-SHA256&oauth_timestamp=1774084900&order=desc&orderby=date&per_page=8&status=publish
[Sat Mar 21 09:21:40 2026] [::1]:52723 Closing
[Sat Mar 21 09:21:44 2026] [::1]:60118 Accepted
[Sat Mar 21 09:21:44 2026] [::1]:60118 [302]: GET /wp-json/wc/v3/products/categories?oauth_consumer_key=ck_3df78f67936a715de1ad0b89a7cb0300150ae2e7&oauth_nonce=ec82fe5dd2fe6deaae4ed19addc61ebe126a53e4&oauth_signature=DYUvtQ8%2BceHvjhmHvJoMda5KuU0n7jIvMnQhmrLuh2I%3D&oauth_signature_method=HMAC-SHA256&oauth_timestamp=1774084904&per_page=1&search=%D8%AC%D8%A7%D9%83%D9%8A%D8%AA
[Sat Mar 21 09:21:44 2026] [::1]:60118 Closing
[Sat Mar 21 09:21:44 2026] [::1]:60120 Accepted
[Sat Mar 21 09:21:45 2026] [::1]:60120 [302]: GET /wp-json/wc/v3/products/categories?oauth_consumer_key=ck_3df78f67936a715de1ad0b89a7cb0300150ae2e7&oauth_nonce=96424d593e37c11b8ce0f54e3ed65bceef4f1752&oauth_signature=VRGdALgup4T09L8ONWkCUf3KIci7htzENSRihYp4%2F44%3D&oauth_signature_method=HMAC-SHA256&oauth_timestamp=1774084904&per_page=1&search=%D8%AC%D8%A7%D9%83%D9%8A%D8%AA%D8%A7%D8%AA
[Sat Mar 21 09:21:45 2026] [::1]:60120 Closing
[Sat Mar 21 09:21:45 2026] [::1]:60122 Accepted
[Sat Mar 21 09:21:45 2026] [::1]:60122 [302]: GET /wp-json/wc/v3/products/categories?oauth_consumer_key=ck_3df78f67936a715de1ad0b89a7cb0300150ae2e7&oauth_nonce=e6ecadbf3408f698afda69dd774670b4e3cdef24&oauth_signature=CUtQSzhg%2F2ziu%2FO2%2BFtlqiGVRpqY3T9pMvef0hEOA70%3D&oauth_signature_method=HMAC-SHA256&oauth_timestamp=1774084905&per_page=1&search=%D9%85%D9%84%D8%A7%D8%A8%D8%B3+%D8%B5%D9%8A%D9%81%D9%8A%D8%A9
[Sat Mar 21 09:21:45 2026] [::1]:60122 Closing
[Sat Mar 21 09:21:45 2026] [::1]:60124 Accepted
[Sat Mar 21 09:21:45 2026] [::1]:60124 [302]: GET /wp-json/wc/v3/products/categories?oauth_consumer_key=ck_3df78f67936a715de1ad0b89a7cb0300150ae2e7&oauth_nonce=576d3b30fd37c7b7ed9fa465ea34a0aad38fb859&oauth_signature=MJKaIVZfGrRSeaHDB3dL5Ab6s0w2ePxXjImuK4CcxHQ%3D&oauth_signature_method=HMAC-SHA256&oauth_timestamp=1774084905&per_page=1&search=%D9%82%D9%85%D8%B5%D8%A7%D9%86
[Sat Mar 21 09:21:45 2026] [::1]:60124 Closing
[Sat Mar 21 09:21:45 2026] [::1]:60126 Accepted
[Sat Mar 21 09:21:45 2026] [::1]:60126 [302]: GET /wp-json/wc/v3/products?featured=1&oauth_consumer_key=ck_3df78f67936a715de1ad0b89a7cb0300150ae2e7&oauth_nonce=f38116f146b406d3e165475ed401faa6ab5a2d58&oauth_signature=yaVamGJMRZSqum6yQRSN8Azhshn2YMJ9EechHVRaP6g%3D&oauth_signature_method=HMAC-SHA256&oauth_timestamp=1774084905&order=desc&orderby=date&per_page=8&status=publish
[Sat Mar 21 09:21:45 2026] [::1]:60126 Closing
[Sat Mar 21 09:21:50 2026] [::1]:56999 Accepted
[Sat Mar 21 09:21:50 2026] [::1]:56999 [302]: GET /wp-json/wc/v3/products/categories?oauth_consumer_key=ck_3df78f67936a715de1ad0b89a7cb0300150ae2e7&oauth_nonce=e88bc8ab95f297f4d51f8703e5b7589e5fa38b81&oauth_signature=bJ43rPdMYEP8dwJkM42h3lmfzNHCft0OR70FpTRHgMQ%3D&oauth_signature_method=HMAC-SHA256&oauth_timestamp=1774084910&per_page=1&search=%D8%AC%D8%A7%D9%83%D9%8A%D8%AA
[Sat Mar 21 09:21:50 2026] [::1]:56999 Closing
[Sat Mar 21 09:21:50 2026] [::1]:57001 Accepted
[Sat Mar 21 09:21:50 2026] [::1]:57001 [302]: GET /wp-json/wc/v3/products/categories?oauth_consumer_key=ck_3df78f67936a715de1ad0b89a7cb0300150ae2e7&oauth_nonce=c71059c6bdb3e08942567a1ab2a2f0333e7693ec&oauth_signature=tkFOv8mHEvpe16JveXV53l4FFPdYmojJRFdBQYnPUjw%3D&oauth_signature_method=HMAC-SHA256&oauth_timestamp=1774084910&per_page=1&search=%D8%AC%D8%A7%D9%83%D9%8A%D8%AA%D8%A7%D8%AA
[Sat Mar 21 09:21:50 2026] [::1]:57001 Closing
[Sat Mar 21 09:21:50 2026] [::1]:57003 Accepted
[Sat Mar 21 09:21:50 2026] [::1]:57003 [302]: GET /wp-json/wc/v3/products/categories?oauth_consumer_key=ck_3df78f67936a715de1ad0b89a7cb0300150ae2e7&oauth_nonce=d71eacf7d9b04af09b33902619808934bc32c756&oauth_signature=Ur7EuFuChNW1k5ePsoitg39MJpNft17tDSDuKHCn70A%3D&oauth_signature_method=HMAC-SHA256&oauth_timestamp=1774084910&per_page=1&search=%D9%85%D9%84%D8%A7%D8%A8%D8%B3+%D8%B5%D9%8A%D9%81%D9%8A%D8%A9
[Sat Mar 21 09:21:50 2026] [::1]:57003 Closing
[Sat Mar 21 09:21:50 2026] [::1]:57005 Accepted
[Sat Mar 21 09:21:51 2026] [::1]:57005 [302]: GET /wp-json/wc/v3/products/categories?oauth_consumer_key=ck_3df78f67936a715de1ad0b89a7cb0300150ae2e7&oauth_nonce=fe6ac469114a4d5c4b74c82ec1c5003ccd299406&oauth_signature=ektvhyS5yGutBMV1OKvrfZSOdGj0KvwLoMYuFOkW95A%3D&oauth_signature_method=HMAC-SHA256&oauth_timestamp=1774084910&per_page=1&search=%D9%82%D9%85%D8%B5%D8%A7%D9%86
[Sat Mar 21 09:21:51 2026] [::1]:57005 Closing
[Sat Mar 21 09:21:51 2026] [::1]:64926 Accepted
[Sat Mar 21 09:21:51 2026] [::1]:64926 [302]: GET /wp-json/wc/v3/products?featured=1&oauth_consumer_key=ck_3df78f67936a715de1ad0b89a7cb0300150ae2e7&oauth_nonce=1d47abdd8b19a5ad4fecc92901997d7b1ee2dea1&oauth_signature=kEpaCtPz9JwgnDv7aPE3%2Fpf1AaA0%2B%2BsXj%2BKM9oa%2B0wg%3D&oauth_signature_method=HMAC-SHA256&oauth_timestamp=1774084911&order=desc&orderby=date&per_page=8&status=publish
[Sat Mar 21 09:21:51 2026] [::1]:64926 Closing
[Sat Mar 21 09:23:12 2026] [::1]:52893 Accepted
[Sat Mar 21 09:23:12 2026] [::1]:52893 [302]: GET /wp-json/wc/v3/products/categories?oauth_consumer_key=ck_3df78f67936a715de1ad0b89a7cb0300150ae2e7&oauth_nonce=6ab171106d51715e0c880609c7c8aa3eb9a15461&oauth_signature=dnC4ZyGWOIG2Nu4WM7QiVFqEhi2h1%2BKLb4eAY7fz5J4%3D&oauth_signature_method=HMAC-SHA256&oauth_timestamp=1774084992&per_page=1&search=%D8%AC%D8%A7%D9%83%D9%8A%D8%AA
[Sat Mar 21 09:23:12 2026] [::1]:52893 Closing
[Sat Mar 21 09:23:12 2026] [::1]:52895 Accepted
[Sat Mar 21 09:23:12 2026] [::1]:52895 [302]: GET /wp-json/wc/v3/products/categories?oauth_consumer_key=ck_3df78f67936a715de1ad0b89a7cb0300150ae2e7&oauth_nonce=5ac13b625017333ad576baa2ec5014c4cba7af24&oauth_signature=RkuI5QmDiCG1UIIoXT1JEtmDOwRlPz8beywDF4AgBe0%3D&oauth_signature_method=HMAC-SHA256&oauth_timestamp=1774084992&per_page=1&search=%D8%AC%D8%A7%D9%83%D9%8A%D8%AA%D8%A7%D8%AA
[Sat Mar 21 09:23:12 2026] [::1]:52895 Closing
[Sat Mar 21 09:23:12 2026] [::1]:52897 Accepted
[Sat Mar 21 09:23:13 2026] [::1]:52897 [302]: GET /wp-json/wc/v3/products/categories?oauth_consumer_key=ck_3df78f67936a715de1ad0b89a7cb0300150ae2e7&oauth_nonce=1663d14f8f36b6aa90dc6660796922e2b7de9364&oauth_signature=LZjY7vW4EJGbKiVknKaT28dvsjcNjisLeT42ftzCoj0%3D&oauth_signature_method=HMAC-SHA256&oauth_timestamp=1774084992&per_page=1&search=%D9%85%D9%84%D8%A7%D8%A8%D8%B3+%D8%B5%D9%8A%D9%81%D9%8A%D8%A9
[Sat Mar 21 09:23:13 2026] [::1]:52897 Closing
[Sat Mar 21 09:23:13 2026] [::1]:52899 Accepted
[Sat Mar 21 09:23:13 2026] [::1]:52899 [302]: GET /wp-json/wc/v3/products/categories?oauth_consumer_key=ck_3df78f67936a715de1ad0b89a7cb0300150ae2e7&oauth_nonce=d54858b7419e6a66284c96040b2ef442ed220137&oauth_signature=EhXWOGv1xMZd6Plj%2FfAYcPs5yJ7S7xvRSWF3hvITuWg%3D&oauth_signature_method=HMAC-SHA256&oauth_timestamp=1774084993&per_page=1&search=%D9%82%D9%85%D8%B5%D8%A7%D9%86
[Sat Mar 21 09:23:13 2026] [::1]:52899 Closing
[Sat Mar 21 09:23:13 2026] [::1]:58851 Accepted
[Sat Mar 21 09:23:13 2026] [::1]:58851 [302]: GET /wp-json/wc/v3/products?featured=1&oauth_consumer_key=ck_3df78f67936a715de1ad0b89a7cb0300150ae2e7&oauth_nonce=9092849e7cb9fd4f9e1f9c4ff8ba4370ff6916e9&oauth_signature=s0l7T9%2B8aFR4I7w%2BN420fD84k0agw4Qj1E80V%2B09y98%3D&oauth_signature_method=HMAC-SHA256&oauth_timestamp=1774084993&order=desc&orderby=date&per_page=8&status=publish
[Sat Mar 21 09:23:13 2026] [::1]:58851 Closing
[Sat Mar 21 10:25:34 2026] [::1]:55721 Accepted
[Sat Mar 21 10:25:35 2026] [::1]:55721 [302]: GET /wp-json/wc/v3/products/categories?oauth_consumer_key=ck_3df78f67936a715de1ad0b89a7cb0300150ae2e7&oauth_nonce=2e5974da2f274ee84f814cd5ad527ac57e7af225&oauth_signature=1eno9jsbfv57KwsH1mZJCml0OhboIbPzXw0l3booqmM%3D&oauth_signature_method=HMAC-SHA256&oauth_timestamp=1774088734&per_page=1&search=%D8%AC%D8%A7%D9%83%D9%8A%D8%AA
[Sat Mar 21 10:25:35 2026] [::1]:55721 Closing
[Sat Mar 21 10:25:35 2026] [::1]:55723 Accepted
[Sat Mar 21 10:25:35 2026] [::1]:55723 [302]: GET /wp-json/wc/v3/products/categories?oauth_consumer_key=ck_3df78f67936a715de1ad0b89a7cb0300150ae2e7&oauth_nonce=249134c3717cd971dcaa0cbeca60cc7919b48240&oauth_signature=3CDgtFhRVRCJgTR07tuzZnbQug%2F8G8v4RYVCXJYMQ%2Fk%3D&oauth_signature_method=HMAC-SHA256&oauth_timestamp=1774088735&per_page=1&search=%D8%AC%D8%A7%D9%83%D9%8A%D8%AA%D8%A7%D8%AA
[Sat Mar 21 10:25:35 2026] [::1]:55723 Closing
[Sat Mar 21 10:25:35 2026] [::1]:55725 Accepted
[Sat Mar 21 10:25:35 2026] [::1]:55725 [302]: GET /wp-json/wc/v3/products/categories?oauth_consumer_key=ck_3df78f67936a715de1ad0b89a7cb0300150ae2e7&oauth_nonce=fed11ab823c3921813ff9ccfe3ffdb4c4f24f311&oauth_signature=H4qckjxhEYdDrfUVuegV5%2BD66rtaS1QdXjYVf5gpQPs%3D&oauth_signature_method=HMAC-SHA256&oauth_timestamp=1774088735&per_page=1&search=%D9%85%D9%84%D8%A7%D8%A8%D8%B3+%D8%B5%D9%8A%D9%81%D9%8A%D8%A9
[Sat Mar 21 10:25:35 2026] [::1]:55725 Closing
[Sat Mar 21 10:25:35 2026] [::1]:64056 Accepted
[Sat Mar 21 10:25:35 2026] [::1]:64056 [302]: GET /wp-json/wc/v3/products/categories?oauth_consumer_key=ck_3df78f67936a715de1ad0b89a7cb0300150ae2e7&oauth_nonce=8c8693966db27ac6b09005fc3b6654041afd4104&oauth_signature=5xaOTQeIEQTc4N1%2BEEAg4GXXEhIIFB8NfHKnLD2n1AA%3D&oauth_signature_method=HMAC-SHA256&oauth_timestamp=1774088735&per_page=1&search=%D9%82%D9%85%D8%B5%D8%A7%D9%86
[Sat Mar 21 10:25:35 2026] [::1]:64056 Closing
[Sat Mar 21 10:25:35 2026] [::1]:64058 Accepted
[Sat Mar 21 10:25:35 2026] [::1]:64058 [302]: GET /wp-json/wc/v3/products?featured=1&oauth_consumer_key=ck_3df78f67936a715de1ad0b89a7cb0300150ae2e7&oauth_nonce=2943d860cd9f2d5ab60728a4799568e538f7a03d&oauth_signature=8eMZh%2BUaJiQNSjukPAN7sgFz4qfro%2FOWiqwP1yFYbhg%3D&oauth_signature_method=HMAC-SHA256&oauth_timestamp=1774088735&order=desc&orderby=date&per_page=8&status=publish
[Sat Mar 21 10:25:35 2026] [::1]:64058 Closing
[Sat Mar 21 10:25:40 2026] [::1]:61953 Accepted
[Sat Mar 21 10:25:40 2026] [::1]:61953 [302]: GET /wp-json/wc/v3/products/categories?oauth_consumer_key=ck_3df78f67936a715de1ad0b89a7cb0300150ae2e7&oauth_nonce=e11b0e126a60a962123e2ccaf4f41576662c8a54&oauth_signature=x%2BHQC%2FtV7VDl%2BWWyNuH1gheNKrPno%2FPtsEgooCxnTb4%3D&oauth_signature_method=HMAC-SHA256&oauth_timestamp=1774088740&per_page=1&search=%D8%AC%D8%A7%D9%83%D9%8A%D8%AA
[Sat Mar 21 10:25:40 2026] [::1]:61953 Closing
[Sat Mar 21 10:25:40 2026] [::1]:61956 Accepted
[Sat Mar 21 10:25:40 2026] [::1]:61956 [302]: GET /wp-json/wc/v3/products/categories?oauth_consumer_key=ck_3df78f67936a715de1ad0b89a7cb0300150ae2e7&oauth_nonce=38e0c46c4a555b2e8cbb3917d67142690682e949&oauth_signature=%2FV2TorWVQPEZaMMVSow3XRJMVqk5Imfo%2FOWanb6E6ig%3D&oauth_signature_method=HMAC-SHA256&oauth_timestamp=1774088740&per_page=1&search=%D8%AC%D8%A7%D9%83%D9%8A%D8%AA%D8%A7%D8%AA
[Sat Mar 21 10:25:40 2026] [::1]:61956 Closing
[Sat Mar 21 10:25:40 2026] [::1]:63359 Accepted
[Sat Mar 21 10:25:41 2026] [::1]:63359 [302]: GET /wp-json/wc/v3/products/categories?oauth_consumer_key=ck_3df78f67936a715de1ad0b89a7cb0300150ae2e7&oauth_nonce=2cf007a81025af114aa1c869c3744d16a2467da0&oauth_signature=JevtSF0ly2w6c9d1wkUr6kIIraNEmGWE6DyOEU1uuoE%3D&oauth_signature_method=HMAC-SHA256&oauth_timestamp=1774088740&per_page=1&search=%D9%85%D9%84%D8%A7%D8%A8%D8%B3+%D8%B5%D9%8A%D9%81%D9%8A%D8%A9
[Sat Mar 21 10:25:41 2026] [::1]:63359 Closing
[Sat Mar 21 10:25:41 2026] [::1]:63361 Accepted
[Sat Mar 21 10:25:41 2026] [::1]:63361 [302]: GET /wp-json/wc/v3/products/categories?oauth_consumer_key=ck_3df78f67936a715de1ad0b89a7cb0300150ae2e7&oauth_nonce=7b73baf53736f8a0b527d783425855609de593f5&oauth_signature=Ryok%2B0R7%2Ff4YXSPySwKrblXkcHXR8OugjW0LrWAj0YY%3D&oauth_signature_method=HMAC-SHA256&oauth_timestamp=1774088741&per_page=1&search=%D9%82%D9%85%D8%B5%D8%A7%D9%86
[Sat Mar 21 10:25:41 2026] [::1]:63361 Closing
[Sat Mar 21 10:25:41 2026] [::1]:63363 Accepted
[Sat Mar 21 10:25:41 2026] [::1]:63363 [302]: GET /wp-json/wc/v3/products?featured=1&oauth_consumer_key=ck_3df78f67936a715de1ad0b89a7cb0300150ae2e7&oauth_nonce=92ae548ea5659ff96bf84d9e22de4915ac2cfb30&oauth_signature=GSTznYfG%2Fr2nfPl7tUxObDdVqdzUx4vdRiTYP%2BN4G%2Fs%3D&oauth_signature_method=HMAC-SHA256&oauth_timestamp=1774088741&order=desc&orderby=date&per_page=8&status=publish
[Sat Mar 21 10:25:41 2026] [::1]:63363 Closing
[Sat Mar 21 10:25:56 2026] [::1]:58862 Accepted
[Sat Mar 21 10:25:56 2026] [::1]:58862 [302]: GET /wp-json/wc/v3/products/categories?oauth_consumer_key=ck_3df78f67936a715de1ad0b89a7cb0300150ae2e7&oauth_nonce=aca57239a6bf368ef9cfceacebf575601627e715&oauth_signature=OhgFfW6mQOnDC%2BCrZ3%2FGON2dPRl8V08kOSA60Xx7SFQ%3D&oauth_signature_method=HMAC-SHA256&oauth_timestamp=1774088756&per_page=1&search=%D8%AC%D8%A7%D9%83%D9%8A%D8%AA
[Sat Mar 21 10:25:56 2026] [::1]:58862 Closing
[Sat Mar 21 10:25:56 2026] [::1]:58864 Accepted
[Sat Mar 21 10:25:56 2026] [::1]:58864 [302]: GET /wp-json/wc/v3/products/categories?oauth_consumer_key=ck_3df78f67936a715de1ad0b89a7cb0300150ae2e7&oauth_nonce=cf2e746c28c08b9c3fb4c545d85908b71b449e4d&oauth_signature=OQvaHdGqGEBHVXMaVbPCLN2haAq9Gp9Sf3VMgZQ%2BPfM%3D&oauth_signature_method=HMAC-SHA256&oauth_timestamp=1774088756&per_page=1&search=%D8%AC%D8%A7%D9%83%D9%8A%D8%AA%D8%A7%D8%AA
[Sat Mar 21 10:25:56 2026] [::1]:58864 Closing
[Sat Mar 21 10:25:56 2026] [::1]:58866 Accepted
[Sat Mar 21 10:25:57 2026] [::1]:58866 [302]: GET /wp-json/wc/v3/products/categories?oauth_consumer_key=ck_3df78f67936a715de1ad0b89a7cb0300150ae2e7&oauth_nonce=9d8a121160a0060b0f51204ab291c5d5113cabd2&oauth_signature=vZ%2BAgQfxOvny1BR%2FqOujJfzG20HJrT3Ya6qfXyd706I%3D&oauth_signature_method=HMAC-SHA256&oauth_timestamp=1774088756&per_page=1&search=%D9%85%D9%84%D8%A7%D8%A8%D8%B3+%D8%B5%D9%8A%D9%81%D9%8A%D8%A9
[Sat Mar 21 10:25:57 2026] [::1]:58866 Closing
[Sat Mar 21 10:25:57 2026] [::1]:58868 Accepted
[Sat Mar 21 10:25:57 2026] [::1]:58868 [302]: GET /wp-json/wc/v3/products/categories?oauth_consumer_key=ck_3df78f67936a715de1ad0b89a7cb0300150ae2e7&oauth_nonce=dd9c16918ba9a12490a19dc8d064cb863339c6e3&oauth_signature=QTEJteebrPETl4hEKT%2Bs%2By3RcaUBfKhkwTA6lwaGwpI%3D&oauth_signature_method=HMAC-SHA256&oauth_timestamp=1774088757&per_page=1&search=%D9%82%D9%85%D8%B5%D8%A7%D9%86
[Sat Mar 21 10:25:57 2026] [::1]:58868 Closing
[Sat Mar 21 10:25:57 2026] [::1]:58871 Accepted
[Sat Mar 21 10:25:57 2026] [::1]:58871 [302]: GET /wp-json/wc/v3/products?featured=1&oauth_consumer_key=ck_3df78f67936a715de1ad0b89a7cb0300150ae2e7&oauth_nonce=3b14070734c3ddc519697e3546953843c33fad8a&oauth_signature=RdQpwc69VI1HZYc525a%2FYwMfHzAd5r4UKgFkn%2BWllVU%3D&oauth_signature_method=HMAC-SHA256&oauth_timestamp=1774088757&order=desc&orderby=date&per_page=8&status=publish
[Sat Mar 21 10:25:57 2026] [::1]:58871 Closing
[Sat Mar 21 10:26:01 2026] [::1]:50106 Accepted
[Sat Mar 21 10:26:01 2026] [::1]:50106 [302]: GET /wp-json/wc/v3/products/categories?oauth_consumer_key=ck_3df78f67936a715de1ad0b89a7cb0300150ae2e7&oauth_nonce=d815e421c8f623a399cb5388bd563a6a8a5fe892&oauth_signature=8Q85wfpa9wmvV5%2FySUQK0kMnXqdXU1ZjkbK8ABnX%2FRg%3D&oauth_signature_method=HMAC-SHA256&oauth_timestamp=1774088761&per_page=1&search=%D8%AC%D8%A7%D9%83%D9%8A%D8%AA
[Sat Mar 21 10:26:01 2026] [::1]:50106 Closing
[Sat Mar 21 10:26:01 2026] [::1]:50108 Accepted
[Sat Mar 21 10:26:01 2026] [::1]:50108 [302]: GET /wp-json/wc/v3/products/categories?oauth_consumer_key=ck_3df78f67936a715de1ad0b89a7cb0300150ae2e7&oauth_nonce=5affc5c306872a9d62d7a5320934a1ea31671156&oauth_signature=6IhRluJaBCYwK35BanfMjJaNaErGSRf6JtKpDuvK68w%3D&oauth_signature_method=HMAC-SHA256&oauth_timestamp=1774088761&per_page=1&search=%D8%AC%D8%A7%D9%83%D9%8A%D8%AA%D8%A7%D8%AA
[Sat Mar 21 10:26:01 2026] [::1]:50108 Closing
[Sat Mar 21 10:26:01 2026] [::1]:50110 Accepted
[Sat Mar 21 10:26:01 2026] [::1]:50110 [302]: GET /wp-json/wc/v3/products/categories?oauth_consumer_key=ck_3df78f67936a715de1ad0b89a7cb0300150ae2e7&oauth_nonce=d8bf0cdf7fa0d3ad192b7cb821657784c855c35b&oauth_signature=zoX3PaWfkmXZuIxWbltAHDGZLryqOCsXYhD9JTxM%2Bm0%3D&oauth_signature_method=HMAC-SHA256&oauth_timestamp=1774088761&per_page=1&search=%D9%85%D9%84%D8%A7%D8%A8%D8%B3+%D8%B5%D9%8A%D9%81%D9%8A%D8%A9
[Sat Mar 21 10:26:01 2026] [::1]:50110 Closing
[Sat Mar 21 10:26:01 2026] [::1]:50112 Accepted
[Sat Mar 21 10:26:02 2026] [::1]:50112 [302]: GET /wp-json/wc/v3/products/categories?oauth_consumer_key=ck_3df78f67936a715de1ad0b89a7cb0300150ae2e7&oauth_nonce=2d578e2c963879dd07c73c6d6ad81a75de384c4d&oauth_signature=IqYDSccVO3l5qfJgQ4r2OZ6Zgiu77d1xVqYR0HR%2Bamg%3D&oauth_signature_method=HMAC-SHA256&oauth_timestamp=1774088761&per_page=1&search=%D9%82%D9%85%D8%B5%D8%A7%D9%86
[Sat Mar 21 10:26:02 2026] [::1]:50112 Closing
[Sat Mar 21 10:26:02 2026] [::1]:50114 Accepted
[Sat Mar 21 10:26:02 2026] [::1]:50114 [302]: GET /wp-json/wc/v3/products?featured=1&oauth_consumer_key=ck_3df78f67936a715de1ad0b89a7cb0300150ae2e7&oauth_nonce=6e3b7a447c71cafe45cfac0baebf496e826c803d&oauth_signature=XLlF5No0ykwMooxu%2FdEWtRL%2FX4aQojqhwM63NdrcLqw%3D&oauth_signature_method=HMAC-SHA256&oauth_timestamp=1774088762&order=desc&orderby=date&per_page=8&status=publish
[Sat Mar 21 10:26:02 2026] [::1]:50114 Closing
[Sat Mar 21 10:26:05 2026] [::1]:59846 Accepted
[Sat Mar 21 10:26:05 2026] [::1]:59846 [302]: GET /wp-json/wc/v3/products/categories?oauth_consumer_key=ck_3df78f67936a715de1ad0b89a7cb0300150ae2e7&oauth_nonce=f53217a20e2cbf1b12bf94c8a6ac2f6367dc3c67&oauth_signature=h3SUZLwFTmfBF7pdkQqy5NH5hcs84kYYA2iqZt2CxLk%3D&oauth_signature_method=HMAC-SHA256&oauth_timestamp=1774088765&per_page=1&search=%D8%AC%D8%A7%D9%83%D9%8A%D8%AA
[Sat Mar 21 10:26:05 2026] [::1]:59846 Closing
[Sat Mar 21 10:26:05 2026] [::1]:59848 Accepted
[Sat Mar 21 10:26:05 2026] [::1]:59848 [302]: GET /wp-json/wc/v3/products/categories?oauth_consumer_key=ck_3df78f67936a715de1ad0b89a7cb0300150ae2e7&oauth_nonce=9b5696c1b8d0fc6b6b7c6fb8fe60c039f5854425&oauth_signature=tZz2R657jjxw%2Fhaj%2F0SoXfUYTX2axFf0TrrDo8jSmdg%3D&oauth_signature_method=HMAC-SHA256&oauth_timestamp=1774088765&per_page=1&search=%D8%AC%D8%A7%D9%83%D9%8A%D8%AA%D8%A7%D8%AA
[Sat Mar 21 10:26:05 2026] [::1]:59848 Closing
[Sat Mar 21 10:26:05 2026] [::1]:59850 Accepted
[Sat Mar 21 10:26:05 2026] [::1]:59850 [302]: GET /wp-json/wc/v3/products/categories?oauth_consumer_key=ck_3df78f67936a715de1ad0b89a7cb0300150ae2e7&oauth_nonce=53d9f3106f3b462263c44601c53d40c9ae0abf72&oauth_signature=s%2FENfick3OPacQUwGur1VDZRv4lekkaYNUBQw2ny2y8%3D&oauth_signature_method=HMAC-SHA256&oauth_timestamp=1774088765&per_page=1&search=%D9%85%D9%84%D8%A7%D8%A8%D8%B3+%D8%B5%D9%8A%D9%81%D9%8A%D8%A9
[Sat Mar 21 10:26:05 2026] [::1]:59850 Closing
[Sat Mar 21 10:26:05 2026] [::1]:59852 Accepted
[Sat Mar 21 10:26:06 2026] [::1]:59852 [302]: GET /wp-json/wc/v3/products/categories?oauth_consumer_key=ck_3df78f67936a715de1ad0b89a7cb0300150ae2e7&oauth_nonce=f79402440382b5d1e114f841959baf396065b384&oauth_signature=qFG%2B5zYceViFU5asOq8ACJluUb9XataW9i2gWhgJgSw%3D&oauth_signature_method=HMAC-SHA256&oauth_timestamp=1774088765&per_page=1&search=%D9%82%D9%85%D8%B5%D8%A7%D9%86
[Sat Mar 21 10:26:06 2026] [::1]:59852 Closing
[Sat Mar 21 10:26:06 2026] [::1]:59854 Accepted
[Sat Mar 21 10:26:06 2026] [::1]:59854 [302]: GET /wp-json/wc/v3/products?featured=1&oauth_consumer_key=ck_3df78f67936a715de1ad0b89a7cb0300150ae2e7&oauth_nonce=421ba6e3a1968e4672c6a7081883da9f10e11016&oauth_signature=08WUt57I9%2BdiV9zHcMi%2F3uYHlxIaLmBaikO8cMr%2Fd9s%3D&oauth_signature_method=HMAC-SHA256&oauth_timestamp=1774088766&order=desc&orderby=date&per_page=8&status=publish
[Sat Mar 21 10:26:06 2026] [::1]:59854 Closing
[Sat Mar 21 10:26:09 2026] [::1]:60308 Accepted
[Sat Mar 21 10:26:10 2026] [::1]:60308 [302]: GET /wp-json/wc/v3/products/categories?oauth_consumer_key=ck_3df78f67936a715de1ad0b89a7cb0300150ae2e7&oauth_nonce=e704371ea3fb9054d0e62c3422d1e43afda79192&oauth_signature=1fzJ1udG59R486q0f6i1RAOIzqx2LVHg%2Bfw9%2FgzFPi8%3D&oauth_signature_method=HMAC-SHA256&oauth_timestamp=1774088769&per_page=1&search=%D8%AC%D8%A7%D9%83%D9%8A%D8%AA
[Sat Mar 21 10:26:10 2026] [::1]:60308 Closing
[Sat Mar 21 10:26:10 2026] [::1]:60310 Accepted
[Sat Mar 21 10:26:10 2026] [::1]:60310 [302]: GET /wp-json/wc/v3/products/categories?oauth_consumer_key=ck_3df78f67936a715de1ad0b89a7cb0300150ae2e7&oauth_nonce=a9bd7ab9d4c1f3f07acfbddc8c1ee7e3c8ef36aa&oauth_signature=uuf4bLUOiwjd%2FVF%2BU97iIU7tMyZWbgS2W0MwM4oTIsM%3D&oauth_signature_method=HMAC-SHA256&oauth_timestamp=1774088770&per_page=1&search=%D8%AC%D8%A7%D9%83%D9%8A%D8%AA%D8%A7%D8%AA
[Sat Mar 21 10:26:10 2026] [::1]:60310 Closing
[Sat Mar 21 10:26:10 2026] [::1]:52690 Accepted
[Sat Mar 21 10:26:10 2026] [::1]:52690 [302]: GET /wp-json/wc/v3/products/categories?oauth_consumer_key=ck_3df78f67936a715de1ad0b89a7cb0300150ae2e7&oauth_nonce=c0ad8705beb8d9a50e1820ab77456d0070aee271&oauth_signature=n94qrZdU%2BQE4WQ9dkiTxGynnsDylW4ThhuIx3XOHO44%3D&oauth_signature_method=HMAC-SHA256&oauth_timestamp=1774088770&per_page=1&search=%D9%85%D9%84%D8%A7%D8%A8%D8%B3+%D8%B5%D9%8A%D9%81%D9%8A%D8%A9
[Sat Mar 21 10:26:10 2026] [::1]:52690 Closing
[Sat Mar 21 10:26:10 2026] [::1]:52692 Accepted
[Sat Mar 21 10:26:10 2026] [::1]:52692 [302]: GET /wp-json/wc/v3/products/categories?oauth_consumer_key=ck_3df78f67936a715de1ad0b89a7cb0300150ae2e7&oauth_nonce=be5e5ac8bd7481676e36f5086aff810ee8dc844a&oauth_signature=HeNhXtJQK1JgEKKflY1osRF7PBWsha5BSVv320zrwv8%3D&oauth_signature_method=HMAC-SHA256&oauth_timestamp=1774088770&per_page=1&search=%D9%82%D9%85%D8%B5%D8%A7%D9%86
[Sat Mar 21 10:26:10 2026] [::1]:52692 Closing
[Sat Mar 21 10:26:10 2026] [::1]:52694 Accepted
[Sat Mar 21 10:26:10 2026] [::1]:52694 [302]: GET /wp-json/wc/v3/products?featured=1&oauth_consumer_key=ck_3df78f67936a715de1ad0b89a7cb0300150ae2e7&oauth_nonce=abd3ff1ad166e7f8187a3846f2a6b74cfb5783d6&oauth_signature=NFbfIIqNa2Tuvp0rnBY7vi7b9rV%2FiQRB2hoa%2BLJ%2BKpE%3D&oauth_signature_method=HMAC-SHA256&oauth_timestamp=1774088770&order=desc&orderby=date&per_page=8&status=publish
[Sat Mar 21 10:26:10 2026] [::1]:52694 Closing
[Sat Mar 21 10:32:43 2026] [::1]:55123 Accepted
[Sat Mar 21 10:32:43 2026] [::1]:55123 [302]: GET /wp-json/wc/v3/products/categories?oauth_consumer_key=ck_3df78f67936a715de1ad0b89a7cb0300150ae2e7&oauth_nonce=761070d98b30b13a1155d1cfb4974890e9a7a5aa&oauth_signature=GqRyRKlQthCxFcIF5oh93vhzgRyDGzEa4%2BKkWUDoZ%2B8%3D&oauth_signature_method=HMAC-SHA256&oauth_timestamp=1774089163&per_page=1&search=%D8%AC%D8%A7%D9%83%D9%8A%D8%AA
[Sat Mar 21 10:32:43 2026] [::1]:55123 Closing
[Sat Mar 21 10:32:44 2026] [::1]:55125 Accepted
[Sat Mar 21 10:32:44 2026] [::1]:55125 [302]: GET /wp-json/wc/v3/products/categories?oauth_consumer_key=ck_3df78f67936a715de1ad0b89a7cb0300150ae2e7&oauth_nonce=9674e21b75ecbd7a316a22a9e23a4eb2261953ed&oauth_signature=bvPUoTG19Ulpy%2F4cu%2FaMnl3tJ1KGarhe2H46Pd%2BbSIY%3D&oauth_signature_method=HMAC-SHA256&oauth_timestamp=1774089164&per_page=1&search=%D8%AC%D8%A7%D9%83%D9%8A%D8%AA%D8%A7%D8%AA
[Sat Mar 21 10:32:44 2026] [::1]:55125 Closing
[Sat Mar 21 10:32:44 2026] [::1]:55127 Accepted
[Sat Mar 21 10:32:44 2026] [::1]:55127 [302]: GET /wp-json/wc/v3/products/categories?oauth_consumer_key=ck_3df78f67936a715de1ad0b89a7cb0300150ae2e7&oauth_nonce=18bdebab175369347c62d2e561cf674bfecafed5&oauth_signature=2SxDPUPfq9eucLoPz6DcwoGSFZ%2B9pfNxACCao9GkctY%3D&oauth_signature_method=HMAC-SHA256&oauth_timestamp=1774089164&per_page=1&search=%D9%85%D9%84%D8%A7%D8%A8%D8%B3+%D8%B5%D9%8A%D9%81%D9%8A%D8%A9
[Sat Mar 21 10:32:44 2026] [::1]:55127 Closing
[Sat Mar 21 10:32:44 2026] [::1]:53315 Accepted
[Sat Mar 21 10:32:44 2026] [::1]:53315 [302]: GET /wp-json/wc/v3/products/categories?oauth_consumer_key=ck_3df78f67936a715de1ad0b89a7cb0300150ae2e7&oauth_nonce=a594d986f37e20765efdb253dac5b5e147fa35fb&oauth_signature=4XSYBWeCKEBbwOyPCLZi41bBhN5J8Pq7YIyAtYukL5A%3D&oauth_signature_method=HMAC-SHA256&oauth_timestamp=1774089164&per_page=1&search=%D9%82%D9%85%D8%B5%D8%A7%D9%86
[Sat Mar 21 10:32:44 2026] [::1]:53315 Closing
[Sat Mar 21 10:32:44 2026] [::1]:53317 Accepted
[Sat Mar 21 10:32:44 2026] [::1]:53317 [302]: GET /wp-json/wc/v3/products?featured=1&oauth_consumer_key=ck_3df78f67936a715de1ad0b89a7cb0300150ae2e7&oauth_nonce=875447baab4e1ca870c23692b7fd9d78d31f5314&oauth_signature=U0tOcJOs3kmzmFf8kaqotih%2F7SRvK8qv6WNktVE4hvQ%3D&oauth_signature_method=HMAC-SHA256&oauth_timestamp=1774089164&order=desc&orderby=date&per_page=8&status=publish
[Sat Mar 21 10:32:44 2026] [::1]:53317 Closing
[Sat Mar 21 10:32:49 2026] [::1]:53828 Accepted
[Sat Mar 21 10:32:50 2026] [::1]:53828 [302]: GET /wp-json/wc/v3/products/categories?oauth_consumer_key=ck_3df78f67936a715de1ad0b89a7cb0300150ae2e7&oauth_nonce=19ee36f3e7841c0d2c8ce4a634b47cd27189190b&oauth_signature=mnWpLvU3%2B8GXvBQ6bCBC5grVr8r56FX9O05G9UWP1uw%3D&oauth_signature_method=HMAC-SHA256&oauth_timestamp=1774089169&per_page=1&search=%D8%AC%D8%A7%D9%83%D9%8A%D8%AA
[Sat Mar 21 10:32:50 2026] [::1]:53828 Closing
[Sat Mar 21 10:32:50 2026] [::1]:53830 Accepted
[Sat Mar 21 10:32:50 2026] [::1]:53830 [302]: GET /wp-json/wc/v3/products/categories?oauth_consumer_key=ck_3df78f67936a715de1ad0b89a7cb0300150ae2e7&oauth_nonce=2c445751a4d5b0aaff72640716fbd724b153dd3d&oauth_signature=yzNMg1xlJaQ5dY4T%2B1CMxPukJwqBMRRD2F%2FDnGZlL7U%3D&oauth_signature_method=HMAC-SHA256&oauth_timestamp=1774089170&per_page=1&search=%D8%AC%D8%A7%D9%83%D9%8A%D8%AA%D8%A7%D8%AA
[Sat Mar 21 10:32:50 2026] [::1]:53830 Closing
[Sat Mar 21 10:32:50 2026] [::1]:53832 Accepted
[Sat Mar 21 10:32:50 2026] [::1]:53832 [302]: GET /wp-json/wc/v3/products/categories?oauth_consumer_key=ck_3df78f67936a715de1ad0b89a7cb0300150ae2e7&oauth_nonce=cdd6e921b8c86d8b3f0d655a307c8849ee41a0c4&oauth_signature=Kv2q1yOr6lOq2Rai%2FkNWIQzP3gYHi0mzivC9HAOGHQ0%3D&oauth_signature_method=HMAC-SHA256&oauth_timestamp=1774089170&per_page=1&search=%D9%85%D9%84%D8%A7%D8%A8%D8%B3+%D8%B5%D9%8A%D9%81%D9%8A%D8%A9
[Sat Mar 21 10:32:50 2026] [::1]:53832 Closing
[Sat Mar 21 10:32:50 2026] [::1]:53834 Accepted
[Sat Mar 21 10:32:50 2026] [::1]:53834 [302]: GET /wp-json/wc/v3/products/categories?oauth_consumer_key=ck_3df78f67936a715de1ad0b89a7cb0300150ae2e7&oauth_nonce=e14573a9a36990e00490b331208b3e5b0be4a6d3&oauth_signature=3Az6jj24yLMlFkvKPzJzComvyfn9iDnIh0mU%2Fw5ZEWc%3D&oauth_signature_method=HMAC-SHA256&oauth_timestamp=1774089170&per_page=1&search=%D9%82%D9%85%D8%B5%D8%A7%D9%86
[Sat Mar 21 10:32:50 2026] [::1]:53834 Closing
[Sat Mar 21 10:32:50 2026] [::1]:53836 Accepted
[Sat Mar 21 10:32:51 2026] [::1]:53836 [302]: GET /wp-json/wc/v3/products?featured=1&oauth_consumer_key=ck_3df78f67936a715de1ad0b89a7cb0300150ae2e7&oauth_nonce=ad5b0aa89f365c719ba41dd72e272908f1291236&oauth_signature=fOJaLUeyeTdAJz5B%2BXfgbq95fkqhI94COHI6C9OshRU%3D&oauth_signature_method=HMAC-SHA256&oauth_timestamp=1774089170&order=desc&orderby=date&per_page=8&status=publish
[Sat Mar 21 10:32:51 2026] [::1]:53836 Closing
[Sat Mar 21 10:32:51 2026] [::1]:63437 Accepted
[Sat Mar 21 10:32:51 2026] [::1]:63437 [302]: GET /wp-json/wc/v3/products/categories?oauth_consumer_key=ck_3df78f67936a715de1ad0b89a7cb0300150ae2e7&oauth_nonce=bcc15ec252df6464df1be41e6e64ac8bd51a3d01&oauth_signature=FkHw7kDWFk3RtCDLZl0JlJfiGx5tisR0p%2BriwfFEI60%3D&oauth_signature_method=HMAC-SHA256&oauth_timestamp=1774089171&per_page=1&search=%D8%AC%D8%A7%D9%83%D9%8A%D8%AA
[Sat Mar 21 10:32:51 2026] [::1]:63437 Closing
[Sat Mar 21 10:32:51 2026] [::1]:63439 Accepted
[Sat Mar 21 10:32:51 2026] [::1]:63439 [302]: GET /wp-json/wc/v3/products/categories?oauth_consumer_key=ck_3df78f67936a715de1ad0b89a7cb0300150ae2e7&oauth_nonce=536421f5fca69b29308598b1e31f75d7ed46aa53&oauth_signature=Uu%2Bm3xylcGSQwdSnS7qO2dh%2BWsVfVg99h4o6kyV5010%3D&oauth_signature_method=HMAC-SHA256&oauth_timestamp=1774089171&per_page=1&search=%D8%AC%D8%A7%D9%83%D9%8A%D8%AA%D8%A7%D8%AA
[Sat Mar 21 10:32:51 2026] [::1]:63439 Closing
[Sat Mar 21 10:32:51 2026] [::1]:63441 Accepted
[Sat Mar 21 10:32:52 2026] [::1]:63441 [302]: GET /wp-json/wc/v3/products/categories?oauth_consumer_key=ck_3df78f67936a715de1ad0b89a7cb0300150ae2e7&oauth_nonce=e2f18983590dc914df15eba0ddfa9400e1121f4d&oauth_signature=WG2nWY3QOX5%2Fo8TCxDNwrFE2g6Nk9KqoZFw%2BGaUh0R4%3D&oauth_signature_method=HMAC-SHA256&oauth_timestamp=1774089171&per_page=1&search=%D9%85%D9%84%D8%A7%D8%A8%D8%B3+%D8%B5%D9%8A%D9%81%D9%8A%D8%A9
[Sat Mar 21 10:32:52 2026] [::1]:63441 Closing
[Sat Mar 21 10:32:52 2026] [::1]:63443 Accepted
[Sat Mar 21 10:32:52 2026] [::1]:63443 [302]: GET /wp-json/wc/v3/products/categories?oauth_consumer_key=ck_3df78f67936a715de1ad0b89a7cb0300150ae2e7&oauth_nonce=70075ed0e37ec080766895f0df1af0f715a71222&oauth_signature=So5CW%2FZhc%2BgP%2FSeQtFZOervAvbYDgTFJDFYMSaqEGvU%3D&oauth_signature_method=HMAC-SHA256&oauth_timestamp=1774089172&per_page=1&search=%D9%82%D9%85%D8%B5%D8%A7%D9%86
[Sat Mar 21 10:32:52 2026] [::1]:63443 Closing
[Sat Mar 21 10:32:52 2026] [::1]:63445 Accepted
[Sat Mar 21 10:32:52 2026] [::1]:63445 [302]: GET /wp-json/wc/v3/products?featured=1&oauth_consumer_key=ck_3df78f67936a715de1ad0b89a7cb0300150ae2e7&oauth_nonce=39259ad8afb8e383c661a26429757a99f2ab7cc4&oauth_signature=xH6apDZw2HIb9RDfU7CvU%2B0rUkQGwzq28AzH%2FV%2B5edo%3D&oauth_signature_method=HMAC-SHA256&oauth_timestamp=1774089172&order=desc&orderby=date&per_page=8&status=publish
[Sat Mar 21 10:32:53 2026] [::1]:63445 Closing
[Sat Mar 21 10:42:48 2026] [::1]:60528 Accepted
[Sat Mar 21 10:42:48 2026] [::1]:60528 [302]: GET /wp-json/wc/v3/products/categories?oauth_consumer_key=ck_3df78f67936a715de1ad0b89a7cb0300150ae2e7&oauth_nonce=c1525678c5a0428c0e57dba3932ae71626f04a21&oauth_signature=hmXlLyfOipNiRNVWVI9PvJcIUCdN5I1FSQm7kqRAV4U%3D&oauth_signature_method=HMAC-SHA256&oauth_timestamp=1774089768&per_page=1&search=%D8%AC%D8%A7%D9%83%D9%8A%D8%AA
[Sat Mar 21 10:42:48 2026] [::1]:60528 Closing
[Sat Mar 21 10:42:48 2026] [::1]:60530 Accepted
[Sat Mar 21 10:42:49 2026] [::1]:60530 [302]: GET /wp-json/wc/v3/products/categories?oauth_consumer_key=ck_3df78f67936a715de1ad0b89a7cb0300150ae2e7&oauth_nonce=a6c9995b59e854986a675d33a9334fdb06b300d8&oauth_signature=0TVlLKTdkeLsv%2B6z%2BF06Mpe6CZ8BJuAww9jfROXDtHM%3D&oauth_signature_method=HMAC-SHA256&oauth_timestamp=1774089768&per_page=1&search=%D8%AC%D8%A7%D9%83%D9%8A%D8%AA%D8%A7%D8%AA
[Sat Mar 21 10:42:49 2026] [::1]:60530 Closing
[Sat Mar 21 10:42:49 2026] [::1]:60532 Accepted
[Sat Mar 21 10:42:49 2026] [::1]:60532 [302]: GET /wp-json/wc/v3/products/categories?oauth_consumer_key=ck_3df78f67936a715de1ad0b89a7cb0300150ae2e7&oauth_nonce=05e082cbda889109aa8086e57b9aa4072096903c&oauth_signature=QhOYvFCrdJ5YrdVii4mrJ03pnQeYfUZa10H0QwjLgFA%3D&oauth_signature_method=HMAC-SHA256&oauth_timestamp=1774089769&per_page=1&search=%D9%85%D9%84%D8%A7%D8%A8%D8%B3+%D8%B5%D9%8A%D9%81%D9%8A%D8%A9
[Sat Mar 21 10:42:49 2026] [::1]:60532 Closing
[Sat Mar 21 10:42:49 2026] [::1]:60534 Accepted
[Sat Mar 21 10:42:49 2026] [::1]:60534 [302]: GET /wp-json/wc/v3/products/categories?oauth_consumer_key=ck_3df78f67936a715de1ad0b89a7cb0300150ae2e7&oauth_nonce=d409e73b35a94a6a5094f79b60323e8016ee172e&oauth_signature=mSRXd8Yl8s45lNGOc4mw9PrlJeozoWQL04EL7umywPk%3D&oauth_signature_method=HMAC-SHA256&oauth_timestamp=1774089769&per_page=1&search=%D9%82%D9%85%D8%B5%D8%A7%D9%86
[Sat Mar 21 10:42:49 2026] [::1]:60534 Closing
[Sat Mar 21 10:42:49 2026] [::1]:60536 Accepted
[Sat Mar 21 10:42:49 2026] [::1]:60536 [302]: GET /wp-json/wc/v3/products?featured=1&oauth_consumer_key=ck_3df78f67936a715de1ad0b89a7cb0300150ae2e7&oauth_nonce=d599c8e26f333d272f8becd7d586914a160011d5&oauth_signature=Kv%2FtbdWsIhohDC5HpZrmwV01bRHg4RzI%2BGvYpvlKvg4%3D&oauth_signature_method=HMAC-SHA256&oauth_timestamp=1774089769&order=desc&orderby=date&per_page=8&status=publish
[Sat Mar 21 10:42:49 2026] [::1]:60536 Closing
[Sat Mar 21 10:42:54 2026] [::1]:60056 Accepted
[Sat Mar 21 10:42:54 2026] [::1]:60056 [302]: GET /wp-json/wc/v3/products/categories?oauth_consumer_key=ck_3df78f67936a715de1ad0b89a7cb0300150ae2e7&oauth_nonce=21a65a4f50069ecb1183753f20261cab76f140a5&oauth_signature=bUUkzICnKYUFUWqo2ihiFmnTUnc5uhY162XOpZAHr%2FE%3D&oauth_signature_method=HMAC-SHA256&oauth_timestamp=1774089774&per_page=1&search=%D8%AC%D8%A7%D9%83%D9%8A%D8%AA
[Sat Mar 21 10:42:54 2026] [::1]:60056 Closing
[Sat Mar 21 10:42:54 2026] [::1]:60058 Accepted
[Sat Mar 21 10:42:55 2026] [::1]:60058 [302]: GET /wp-json/wc/v3/products/categories?oauth_consumer_key=ck_3df78f67936a715de1ad0b89a7cb0300150ae2e7&oauth_nonce=4839ed0c497bcc8bcf5948483587d1272479352f&oauth_signature=UyBiT4azmHxU8xFz%2FUq3aBeE5TcqvTaV%2FbJMpx%2B5fVs%3D&oauth_signature_method=HMAC-SHA256&oauth_timestamp=1774089774&per_page=1&search=%D8%AC%D8%A7%D9%83%D9%8A%D8%AA%D8%A7%D8%AA
[Sat Mar 21 10:42:55 2026] [::1]:60058 Closing
[Sat Mar 21 10:42:55 2026] [::1]:58866 Accepted
[Sat Mar 21 10:42:55 2026] [::1]:58866 [302]: GET /wp-json/wc/v3/products/categories?oauth_consumer_key=ck_3df78f67936a715de1ad0b89a7cb0300150ae2e7&oauth_nonce=58eec4012e1074f910a9c83494454f5b6692ad60&oauth_signature=hwAGibX7l9SZREx%2B%2FGpSQl34jNR3u1pHpztUyL4CW9o%3D&oauth_signature_method=HMAC-SHA256&oauth_timestamp=1774089775&per_page=1&search=%D9%85%D9%84%D8%A7%D8%A8%D8%B3+%D8%B5%D9%8A%D9%81%D9%8A%D8%A9
[Sat Mar 21 10:42:55 2026] [::1]:58866 Closing
[Sat Mar 21 10:42:55 2026] [::1]:58868 Accepted
[Sat Mar 21 10:42:55 2026] [::1]:58868 [302]: GET /wp-json/wc/v3/products/categories?oauth_consumer_key=ck_3df78f67936a715de1ad0b89a7cb0300150ae2e7&oauth_nonce=9a4bcdcb1122d8e0afff13bfb718b63c4806ddb1&oauth_signature=JyzjNWUpqGeNm3iL8UmPDGtLt3PtmznxydqyZG2SM6Q%3D&oauth_signature_method=HMAC-SHA256&oauth_timestamp=1774089775&per_page=1&search=%D9%82%D9%85%D8%B5%D8%A7%D9%86
[Sat Mar 21 10:42:55 2026] [::1]:58868 Closing
[Sat Mar 21 10:42:55 2026] [::1]:58870 Accepted
[Sat Mar 21 10:42:56 2026] [::1]:58870 [302]: GET /wp-json/wc/v3/products?featured=1&oauth_consumer_key=ck_3df78f67936a715de1ad0b89a7cb0300150ae2e7&oauth_nonce=48cd1e15e22287680eb6e951c8ca15ad16a3f06a&oauth_signature=y26%2Bjcg0XVHPGIZGyG4J4UUbU3UOzfJQeZaAWF4M7Wg%3D&oauth_signature_method=HMAC-SHA256&oauth_timestamp=1774089775&order=desc&orderby=date&per_page=8&status=publish
[Sat Mar 21 10:42:56 2026] [::1]:58870 Closing
[Sat Mar 21 10:43:24 2026] [::1]:59246 Accepted
[Sat Mar 21 10:43:24 2026] [::1]:59246 [302]: GET /wp-json/wc/v3/products/categories?oauth_consumer_key=ck_3df78f67936a715de1ad0b89a7cb0300150ae2e7&oauth_nonce=79b584bca8c160223990c276d392e1eb188596ad&oauth_signature=Rt5NcGuqxIyU8L6OXnC1bIR94DH49L1VhKv90NNk5YE%3D&oauth_signature_method=HMAC-SHA256&oauth_timestamp=1774089804&per_page=1&search=%D8%AC%D8%A7%D9%83%D9%8A%D8%AA
[Sat Mar 21 10:43:24 2026] [::1]:59246 Closing
[Sat Mar 21 10:43:24 2026] [::1]:59248 Accepted
[Sat Mar 21 10:43:24 2026] [::1]:59248 [302]: GET /wp-json/wc/v3/products/categories?oauth_consumer_key=ck_3df78f67936a715de1ad0b89a7cb0300150ae2e7&oauth_nonce=787c49ddd58b76320deb1d06b1cff75bb83d0862&oauth_signature=URVspZRU5DzERYHg9L4bBakF0BM4NFHUCblTcs%2FbJos%3D&oauth_signature_method=HMAC-SHA256&oauth_timestamp=1774089804&per_page=1&search=%D8%AC%D8%A7%D9%83%D9%8A%D8%AA%D8%A7%D8%AA
[Sat Mar 21 10:43:24 2026] [::1]:59248 Closing
[Sat Mar 21 10:43:24 2026] [::1]:52840 Accepted
[Sat Mar 21 10:43:24 2026] [::1]:52840 [302]: GET /wp-json/wc/v3/products/categories?oauth_consumer_key=ck_3df78f67936a715de1ad0b89a7cb0300150ae2e7&oauth_nonce=7edb6864516be988eff94bee67ccbfd0958ad424&oauth_signature=RsTcwW%2FL9lcA3XtUmG0ykORCDaygyFMKKukhXigk2lo%3D&oauth_signature_method=HMAC-SHA256&oauth_timestamp=1774089804&per_page=1&search=%D9%85%D9%84%D8%A7%D8%A8%D8%B3+%D8%B5%D9%8A%D9%81%D9%8A%D8%A9
[Sat Mar 21 10:43:24 2026] [::1]:52840 Closing
[Sat Mar 21 10:43:24 2026] [::1]:52842 Accepted
[Sat Mar 21 10:43:25 2026] [::1]:52842 [302]: GET /wp-json/wc/v3/products/categories?oauth_consumer_key=ck_3df78f67936a715de1ad0b89a7cb0300150ae2e7&oauth_nonce=46ea9f2979af1523abb8d61c1e1ad8d2498b34cf&oauth_signature=idOl6jt%2FaFp8zcWnGMcdyAyF1sHBoripZQVgECMe5zk%3D&oauth_signature_method=HMAC-SHA256&oauth_timestamp=1774089804&per_page=1&search=%D9%82%D9%85%D8%B5%D8%A7%D9%86
[Sat Mar 21 10:43:25 2026] [::1]:52842 Closing
[Sat Mar 21 10:43:25 2026] [::1]:52844 Accepted
[Sat Mar 21 10:43:25 2026] [::1]:52844 [302]: GET /wp-json/wc/v3/products?featured=1&oauth_consumer_key=ck_3df78f67936a715de1ad0b89a7cb0300150ae2e7&oauth_nonce=5d336826fd9663927115ce902fbae64f4796546f&oauth_signature=WeknVs2bToKa2jjxvbT%2B0Pua1sGAvDBNiTaBtwE8%2BG4%3D&oauth_signature_method=HMAC-SHA256&oauth_timestamp=1774089805&order=desc&orderby=date&per_page=8&status=publish
[Sat Mar 21 10:43:25 2026] [::1]:52844 Closing
[Sat Mar 21 10:43:25 2026] [::1]:56265 Accepted
[Sat Mar 21 10:43:25 2026] [::1]:56265 [302]: GET /wp-json/wc/v3/products/categories?oauth_consumer_key=ck_3df78f67936a715de1ad0b89a7cb0300150ae2e7&oauth_nonce=9fa2b7f5429e58ebe738cd79299d4489869a3f12&oauth_signature=QSdSmEJKAfRg2IhaGXjvoYMxWCKL35vwrdh9MmnkCA8%3D&oauth_signature_method=HMAC-SHA256&oauth_timestamp=1774089805&per_page=1&search=%D8%AC%D8%A7%D9%83%D9%8A%D8%AA
[Sat Mar 21 10:43:25 2026] [::1]:56265 Closing
[Sat Mar 21 10:43:25 2026] [::1]:58494 Accepted
[Sat Mar 21 10:43:25 2026] [::1]:58494 [302]: GET /wp-json/wc/v3/products/categories?oauth_consumer_key=ck_3df78f67936a715de1ad0b89a7cb0300150ae2e7&oauth_nonce=02a99c9e2f6b1923ab78d1f6c26aac45196c7bec&oauth_signature=e2DpUB6X56tvTNN1iZCili8L2QsR%2BfchZ3IKh6v7TtU%3D&oauth_signature_method=HMAC-SHA256&oauth_timestamp=1774089805&per_page=1&search=%D8%AC%D8%A7%D9%83%D9%8A%D8%AA%D8%A7%D8%AA
[Sat Mar 21 10:43:25 2026] [::1]:58494 Closing
[Sat Mar 21 10:43:25 2026] [::1]:58496 Accepted
[Sat Mar 21 10:43:26 2026] [::1]:58496 [302]: GET /wp-json/wc/v3/products/categories?oauth_consumer_key=ck_3df78f67936a715de1ad0b89a7cb0300150ae2e7&oauth_nonce=548c092a2e35c8e8cdd9fdcc3c42127f01247748&oauth_signature=JHQxYxC%2BjDIB%2BHneOkugNlhdl2lt5Vfnbg9k%2Btztxro%3D&oauth_signature_method=HMAC-SHA256&oauth_timestamp=1774089805&per_page=1&search=%D9%85%D9%84%D8%A7%D8%A8%D8%B3+%D8%B5%D9%8A%D9%81%D9%8A%D8%A9
[Sat Mar 21 10:43:26 2026] [::1]:58496 Closing
[Sat Mar 21 10:43:26 2026] [::1]:62426 Accepted
[Sat Mar 21 10:43:26 2026] [::1]:62426 [302]: GET /wp-json/wc/v3/products/categories?oauth_consumer_key=ck_3df78f67936a715de1ad0b89a7cb0300150ae2e7&oauth_nonce=1acf40743a5719321450d4382df10f080a2bcc5b&oauth_signature=UyuDpIN2Lje9WNtVuBFniE4ibAFtJutjLWOTfM109cI%3D&oauth_signature_method=HMAC-SHA256&oauth_timestamp=1774089806&per_page=1&search=%D9%82%D9%85%D8%B5%D8%A7%D9%86
[Sat Mar 21 10:43:26 2026] [::1]:62426 Closing
[Sat Mar 21 10:43:26 2026] [::1]:62428 Accepted
[Sat Mar 21 10:43:26 2026] [::1]:62428 [302]: GET /wp-json/wc/v3/products?featured=1&oauth_consumer_key=ck_3df78f67936a715de1ad0b89a7cb0300150ae2e7&oauth_nonce=97e9611b9308bb4cea7104d6a5b7db3dc787a94c&oauth_signature=I5QmUtkgWDhYxPhQ4DoZ4HwrZ3aNY8mSnu1YH7Jf9xQ%3D&oauth_signature_method=HMAC-SHA256&oauth_timestamp=1774089806&order=desc&orderby=date&per_page=8&status=publish
[Sat Mar 21 10:43:26 2026] [::1]:62428 Closing
[Sat Mar 21 10:48:40 2026] [::1]:62274 Accepted
[Sat Mar 21 10:48:41 2026] [::1]:62274 [302]: GET /wp-json/wc/v3/products/categories?oauth_consumer_key=ck_3df78f67936a715de1ad0b89a7cb0300150ae2e7&oauth_nonce=a8ae994c4b879717e57517cb707b544975fbf6d3&oauth_signature=UoSV7j67d6OeLFKdGoPuMTOBblmEthPAsr%2BFuX2LN7o%3D&oauth_signature_method=HMAC-SHA256&oauth_timestamp=1774090120&per_page=1&search=%D8%AC%D8%A7%D9%83%D9%8A%D8%AA
[Sat Mar 21 10:48:41 2026] [::1]:62274 Closing
[Sat Mar 21 10:48:41 2026] [::1]:62276 Accepted
[Sat Mar 21 10:48:41 2026] [::1]:62276 [302]: GET /wp-json/wc/v3/products/categories?oauth_consumer_key=ck_3df78f67936a715de1ad0b89a7cb0300150ae2e7&oauth_nonce=d65d3b1d2fc377652a995122531f0d2fa0e2ea0c&oauth_signature=Z66OyAHYcw%2Bx3bnFI6hNOb0mIQQ5lNY5ErdDkX21vec%3D&oauth_signature_method=HMAC-SHA256&oauth_timestamp=1774090121&per_page=1&search=%D8%AC%D8%A7%D9%83%D9%8A%D8%AA%D8%A7%D8%AA
[Sat Mar 21 10:48:41 2026] [::1]:62276 Closing
[Sat Mar 21 10:48:41 2026] [::1]:62278 Accepted
[Sat Mar 21 10:48:41 2026] [::1]:62278 [302]: GET /wp-json/wc/v3/products/categories?oauth_consumer_key=ck_3df78f67936a715de1ad0b89a7cb0300150ae2e7&oauth_nonce=475741d50ed04cfeafe7eb55f504f0612dfdc6e3&oauth_signature=rCfAcKCUFbzngjBjv07qU%2F9DRsqprRXGHzWe2ZkAn0A%3D&oauth_signature_method=HMAC-SHA256&oauth_timestamp=1774090121&per_page=1&search=%D9%85%D9%84%D8%A7%D8%A8%D8%B3+%D8%B5%D9%8A%D9%81%D9%8A%D8%A9
[Sat Mar 21 10:48:41 2026] [::1]:62278 Closing
[Sat Mar 21 10:48:41 2026] [::1]:62281 Accepted
[Sat Mar 21 10:48:41 2026] [::1]:62281 [302]: GET /wp-json/wc/v3/products/categories?oauth_consumer_key=ck_3df78f67936a715de1ad0b89a7cb0300150ae2e7&oauth_nonce=f13f73c4ba8d8d891b9636889d572abfb55cc727&oauth_signature=O4w7l7Is1Kqbp0wE8J8bhbgik89lDnGDUafbXNiHszM%3D&oauth_signature_method=HMAC-SHA256&oauth_timestamp=1774090121&per_page=1&search=%D9%82%D9%85%D8%B5%D8%A7%D9%86
[Sat Mar 21 10:48:41 2026] [::1]:62281 Closing
[Sat Mar 21 10:48:41 2026] [::1]:62283 Accepted
[Sat Mar 21 10:48:42 2026] [::1]:62283 [302]: GET /wp-json/wc/v3/products?featured=1&oauth_consumer_key=ck_3df78f67936a715de1ad0b89a7cb0300150ae2e7&oauth_nonce=266b40afe952c5f27d1314e6b155a6210190fc52&oauth_signature=eYeSYEgG94blZFVFgJO7X4eTdghVTUE5IckKjft%2BXiY%3D&oauth_signature_method=HMAC-SHA256&oauth_timestamp=1774090121&order=desc&orderby=date&per_page=8&status=publish
[Sat Mar 21 10:48:42 2026] [::1]:62283 Closing
[Sat Mar 21 10:48:48 2026] [::1]:52406 Accepted
[Sat Mar 21 10:48:48 2026] [::1]:52406 [302]: GET /wp-json/wc/v3/products/categories?oauth_consumer_key=ck_3df78f67936a715de1ad0b89a7cb0300150ae2e7&oauth_nonce=51d6fbde1da15f860cdba2cb9c2e75a8b24bb4b4&oauth_signature=%2Bg81UiuledLe8JKB%2BoG02eo4VR3rr%2Bx2AEpJvS0eK4k%3D&oauth_signature_method=HMAC-SHA256&oauth_timestamp=1774090128&per_page=1&search=%D8%AC%D8%A7%D9%83%D9%8A%D8%AA
[Sat Mar 21 10:48:48 2026] [::1]:52406 Closing
[Sat Mar 21 10:48:48 2026] [::1]:52408 Accepted
[Sat Mar 21 10:48:48 2026] [::1]:52408 [302]: GET /wp-json/wc/v3/products/categories?oauth_consumer_key=ck_3df78f67936a715de1ad0b89a7cb0300150ae2e7&oauth_nonce=f0a4d3b48af606250a2be01fea1f08b57fa0a2ab&oauth_signature=%2FgoaxMoccXPm84%2B4tLqstUQPeXrAJi4o64xuHa0io1w%3D&oauth_signature_method=HMAC-SHA256&oauth_timestamp=1774090128&per_page=1&search=%D8%AC%D8%A7%D9%83%D9%8A%D8%AA%D8%A7%D8%AA
[Sat Mar 21 10:48:48 2026] [::1]:52408 Closing
[Sat Mar 21 10:48:48 2026] [::1]:52410 Accepted
[Sat Mar 21 10:48:49 2026] [::1]:52410 [302]: GET /wp-json/wc/v3/products/categories?oauth_consumer_key=ck_3df78f67936a715de1ad0b89a7cb0300150ae2e7&oauth_nonce=a628f9658641c5c3b8272850478a5aac6b7222a0&oauth_signature=UqIX5ugAWh1n5Mc%2BQ%2FApG6SBhv42qX4H5Lfj7DH421c%3D&oauth_signature_method=HMAC-SHA256&oauth_timestamp=1774090128&per_page=1&search=%D9%85%D9%84%D8%A7%D8%A8%D8%B3+%D8%B5%D9%8A%D9%81%D9%8A%D8%A9
[Sat Mar 21 10:48:49 2026] [::1]:52410 Closing
[Sat Mar 21 10:48:49 2026] [::1]:52412 Accepted
[Sat Mar 21 10:48:49 2026] [::1]:52412 [302]: GET /wp-json/wc/v3/products/categories?oauth_consumer_key=ck_3df78f67936a715de1ad0b89a7cb0300150ae2e7&oauth_nonce=884c71322d6cb55cd72142410b1b7e8133cde0b4&oauth_signature=3HglWGjcIDwo7Wgq%2FZtbegSPD3sOPbP59Djpae0rKtQ%3D&oauth_signature_method=HMAC-SHA256&oauth_timestamp=1774090129&per_page=1&search=%D9%82%D9%85%D8%B5%D8%A7%D9%86
[Sat Mar 21 10:48:49 2026] [::1]:52412 Closing
[Sat Mar 21 10:48:49 2026] [::1]:52414 Accepted
[Sat Mar 21 10:48:49 2026] [::1]:52414 [302]: GET /wp-json/wc/v3/products?featured=1&oauth_consumer_key=ck_3df78f67936a715de1ad0b89a7cb0300150ae2e7&oauth_nonce=c210aaed49f150df681f4db3a4e043ded3d29b66&oauth_signature=fC6YtoKkh63aDkgRzZikFJRWhy%2FNS4AuzAH3d92P5qQ%3D&oauth_signature_method=HMAC-SHA256&oauth_timestamp=1774090129&order=desc&orderby=date&per_page=8&status=publish
[Sat Mar 21 10:48:49 2026] [::1]:52414 Closing
[Sat Mar 21 10:48:50 2026] [::1]:60807 Accepted
[Sat Mar 21 10:48:50 2026] [::1]:60807 [302]: GET /wp-json/wc/v3/products/categories?oauth_consumer_key=ck_3df78f67936a715de1ad0b89a7cb0300150ae2e7&oauth_nonce=b1798309067cd5b19f37ce98164206a8ebf84b9f&oauth_signature=NSWQ0JOdCffIAZI4ZAzjj8TAggbW5tJB2D%2BQ0zzeK38%3D&oauth_signature_method=HMAC-SHA256&oauth_timestamp=1774090130&per_page=1&search=%D8%AC%D8%A7%D9%83%D9%8A%D8%AA
[Sat Mar 21 10:48:50 2026] [::1]:60807 Closing
[Sat Mar 21 10:48:50 2026] [::1]:60809 Accepted
[Sat Mar 21 10:48:50 2026] [::1]:60809 [302]: GET /wp-json/wc/v3/products/categories?oauth_consumer_key=ck_3df78f67936a715de1ad0b89a7cb0300150ae2e7&oauth_nonce=40fcd409debef42251a28a62b47d27aea584b5c7&oauth_signature=AUKnN5hG1UDp2%2BCUVyupz5XgtaU3QZlvyQzOqn2AqGg%3D&oauth_signature_method=HMAC-SHA256&oauth_timestamp=1774090130&per_page=1&search=%D8%AC%D8%A7%D9%83%D9%8A%D8%AA%D8%A7%D8%AA
[Sat Mar 21 10:48:50 2026] [::1]:60809 Closing
[Sat Mar 21 10:48:50 2026] [::1]:60811 Accepted
[Sat Mar 21 10:48:50 2026] [::1]:60811 [302]: GET /wp-json/wc/v3/products/categories?oauth_consumer_key=ck_3df78f67936a715de1ad0b89a7cb0300150ae2e7&oauth_nonce=fe349400ebb6333505fa80732ef65528011ce798&oauth_signature=L1QFsEiVM4LS07L2pbgP2IabVqZX6FSBZUlkkuOhfn8%3D&oauth_signature_method=HMAC-SHA256&oauth_timestamp=1774090130&per_page=1&search=%D9%85%D9%84%D8%A7%D8%A8%D8%B3+%D8%B5%D9%8A%D9%81%D9%8A%D8%A9
[Sat Mar 21 10:48:50 2026] [::1]:60811 Closing
[Sat Mar 21 10:48:50 2026] [::1]:60813 Accepted
[Sat Mar 21 10:48:51 2026] [::1]:60813 [302]: GET /wp-json/wc/v3/products/categories?oauth_consumer_key=ck_3df78f67936a715de1ad0b89a7cb0300150ae2e7&oauth_nonce=5c02577cafc08733db30007ab66056d16c45ce65&oauth_signature=%2FtrImWm%2BHLQvoSD%2BECpcPMgTFN1eb3Z8g%2FJWy3o%2BtaA%3D&oauth_signature_method=HMAC-SHA256&oauth_timestamp=1774090130&per_page=1&search=%D9%82%D9%85%D8%B5%D8%A7%D9%86
[Sat Mar 21 10:48:51 2026] [::1]:60813 Closing
[Sat Mar 21 10:48:51 2026] [::1]:60815 Accepted
[Sat Mar 21 10:48:51 2026] [::1]:60815 [302]: GET /wp-json/wc/v3/products?featured=1&oauth_consumer_key=ck_3df78f67936a715de1ad0b89a7cb0300150ae2e7&oauth_nonce=fbc37d9ef2c8a74c25cae0da9ee2ef2c0267f702&oauth_signature=O9TKJrTc8tONmfn2fhJAkD%2Fm4VzBG29xCqPqH3VIpSs%3D&oauth_signature_method=HMAC-SHA256&oauth_timestamp=1774090131&order=desc&orderby=date&per_page=8&status=publish
[Sat Mar 21 10:48:51 2026] [::1]:60815 Closing
[Sat Mar 21 10:58:30 2026] [::1]:60050 Accepted
[Sat Mar 21 10:58:30 2026] [::1]:60050 [302]: GET /wp-json/wc/v3/products/categories?oauth_consumer_key=ck_3df78f67936a715de1ad0b89a7cb0300150ae2e7&oauth_nonce=4e07aee32c771b883c5305c027c6db649d4138e8&oauth_signature=%2FTQVlAFrhDoujJymNBMdXzq63I9Da9HtWWGieMP%2FkUo%3D&oauth_signature_method=HMAC-SHA256&oauth_timestamp=1774090710&per_page=1&search=%D8%AC%D8%A7%D9%83%D9%8A%D8%AA
[Sat Mar 21 10:58:30 2026] [::1]:60050 Closing
[Sat Mar 21 10:58:30 2026] [::1]:60052 Accepted
[Sat Mar 21 10:58:30 2026] [::1]:60052 [302]: GET /wp-json/wc/v3/products/categories?oauth_consumer_key=ck_3df78f67936a715de1ad0b89a7cb0300150ae2e7&oauth_nonce=dd1224e99f087db97466201f0992328f16ee05ca&oauth_signature=2N1D92PpayPRO41LepbDj%2BYdqzn7Iw7uYr5hLOTwsqA%3D&oauth_signature_method=HMAC-SHA256&oauth_timestamp=1774090710&per_page=1&search=%D8%AC%D8%A7%D9%83%D9%8A%D8%AA%D8%A7%D8%AA
[Sat Mar 21 10:58:30 2026] [::1]:60052 Closing
[Sat Mar 21 10:58:30 2026] [::1]:60054 Accepted
[Sat Mar 21 10:58:31 2026] [::1]:60054 [302]: GET /wp-json/wc/v3/products/categories?oauth_consumer_key=ck_3df78f67936a715de1ad0b89a7cb0300150ae2e7&oauth_nonce=3034a04a05c8f86595f42952f2adc32a2b164ff4&oauth_signature=esQe9fQ47LQ9f0msKnBUs3ivEuN79zXmDqq7H9ClQGo%3D&oauth_signature_method=HMAC-SHA256&oauth_timestamp=1774090710&per_page=1&search=%D9%85%D9%84%D8%A7%D8%A8%D8%B3+%D8%B5%D9%8A%D9%81%D9%8A%D8%A9
[Sat Mar 21 10:58:31 2026] [::1]:60054 Closing
[Sat Mar 21 10:58:31 2026] [::1]:60056 Accepted
[Sat Mar 21 10:58:31 2026] [::1]:60056 [302]: GET /wp-json/wc/v3/products/categories?oauth_consumer_key=ck_3df78f67936a715de1ad0b89a7cb0300150ae2e7&oauth_nonce=fc497f23a0236a316c31038d301414a018b27920&oauth_signature=zrDMtOQb2CyMhgm%2BcZk6%2F4vlmSvrxJ4nSc5yVkF2Auc%3D&oauth_signature_method=HMAC-SHA256&oauth_timestamp=1774090711&per_page=1&search=%D9%82%D9%85%D8%B5%D8%A7%D9%86
[Sat Mar 21 10:58:31 2026] [::1]:60056 Closing
[Sat Mar 21 10:58:31 2026] [::1]:60058 Accepted
[Sat Mar 21 10:58:31 2026] [::1]:60058 [302]: GET /wp-json/wc/v3/products?featured=1&oauth_consumer_key=ck_3df78f67936a715de1ad0b89a7cb0300150ae2e7&oauth_nonce=61d428de471a2f410b2e7cca6c2357d0cfca28bd&oauth_signature=rYBDXMDe4GovdBRj8fR3y6wOPtqIbOo73qW0rFhnYPo%3D&oauth_signature_method=HMAC-SHA256&oauth_timestamp=1774090711&order=desc&orderby=date&per_page=8&status=publish
[Sat Mar 21 10:58:31 2026] [::1]:60058 Closing
[Sat Mar 21 10:58:35 2026] [::1]:53225 Accepted
[Sat Mar 21 10:58:35 2026] [::1]:53225 [302]: GET /wp-json/wc/v3/products/categories?oauth_consumer_key=ck_3df78f67936a715de1ad0b89a7cb0300150ae2e7&oauth_nonce=493d0e2d253c96550fbd42d548e70cda4305cf0b&oauth_signature=DZuvrBaxigjTkdrcFSqBi3vDDdGOj7ODuN7PPKGve3g%3D&oauth_signature_method=HMAC-SHA256&oauth_timestamp=1774090715&per_page=1&search=%D8%AC%D8%A7%D9%83%D9%8A%D8%AA
[Sat Mar 21 10:58:35 2026] [::1]:53225 Closing
[Sat Mar 21 10:58:35 2026] [::1]:53227 Accepted
[Sat Mar 21 10:58:36 2026] [::1]:53227 [302]: GET /wp-json/wc/v3/products/categories?oauth_consumer_key=ck_3df78f67936a715de1ad0b89a7cb0300150ae2e7&oauth_nonce=5e3a044e974889847ae88868c0967fecdc1e68f1&oauth_signature=BGKEk8Fiag2%2BQS66yxSaCeudToY8We6TqggwL8k%2BkoU%3D&oauth_signature_method=HMAC-SHA256&oauth_timestamp=1774090715&per_page=1&search=%D8%AC%D8%A7%D9%83%D9%8A%D8%AA%D8%A7%D8%AA
[Sat Mar 21 10:58:36 2026] [::1]:53227 Closing
[Sat Mar 21 10:58:36 2026] [::1]:53229 Accepted
[Sat Mar 21 10:58:36 2026] [::1]:53229 [302]: GET /wp-json/wc/v3/products/categories?oauth_consumer_key=ck_3df78f67936a715de1ad0b89a7cb0300150ae2e7&oauth_nonce=a9d0609bab54f41da91a6ddb1ffcb543f0bea4f8&oauth_signature=Ni73VT3bzH8KqwuFKYHSDzvZYL8vse9eyECOLmwkwUo%3D&oauth_signature_method=HMAC-SHA256&oauth_timestamp=1774090716&per_page=1&search=%D9%85%D9%84%D8%A7%D8%A8%D8%B3+%D8%B5%D9%8A%D9%81%D9%8A%D8%A9
[Sat Mar 21 10:58:36 2026] [::1]:53229 Closing
[Sat Mar 21 10:58:36 2026] [::1]:53231 Accepted
[Sat Mar 21 10:58:36 2026] [::1]:53231 [302]: GET /wp-json/wc/v3/products/categories?oauth_consumer_key=ck_3df78f67936a715de1ad0b89a7cb0300150ae2e7&oauth_nonce=f37347fe47f8a7b2c326823a04ce7eee0adfae96&oauth_signature=dsL9fWARxOZqy7URISQJCHajPV8hKZQa7QwIx1hBBGU%3D&oauth_signature_method=HMAC-SHA256&oauth_timestamp=1774090716&per_page=1&search=%D9%82%D9%85%D8%B5%D8%A7%D9%86
[Sat Mar 21 10:58:36 2026] [::1]:53231 Closing
[Sat Mar 21 10:58:36 2026] [::1]:53233 Accepted
[Sat Mar 21 10:58:37 2026] [::1]:53233 [302]: GET /wp-json/wc/v3/products?featured=1&oauth_consumer_key=ck_3df78f67936a715de1ad0b89a7cb0300150ae2e7&oauth_nonce=6451fc74fec54b2334b55b99a0e92e15b22ce5ca&oauth_signature=ofbXEu%2BK%2FGFDwZh4KXh%2FqGU3wwJu9CgHat5mvKQ8OeY%3D&oauth_signature_method=HMAC-SHA256&oauth_timestamp=1774090716&order=desc&orderby=date&per_page=8&status=publish
[Sat Mar 21 10:58:37 2026] [::1]:53233 Closing
[Sat Mar 21 11:07:39 2026] [::1]:51385 Accepted
[Sat Mar 21 11:07:40 2026] [::1]:51385 [302]: GET /wp-json/wc/v3/products/categories?oauth_consumer_key=ck_3df78f67936a715de1ad0b89a7cb0300150ae2e7&oauth_nonce=289e27cb669cc630a2f3a110ed10f51c49b544b6&oauth_signature=13BazD0nnq7hOvE7S8YkJNpkedEDNl8zvL%2FiUS3%2F8Qg%3D&oauth_signature_method=HMAC-SHA256&oauth_timestamp=1774091259&per_page=1&search=%D8%AC%D8%A7%D9%83%D9%8A%D8%AA
[Sat Mar 21 11:07:40 2026] [::1]:51385 Closing
[Sat Mar 21 11:07:40 2026] [::1]:51388 Accepted
[Sat Mar 21 11:07:40 2026] [::1]:51388 [302]: GET /wp-json/wc/v3/products/categories?oauth_consumer_key=ck_3df78f67936a715de1ad0b89a7cb0300150ae2e7&oauth_nonce=e516752c577433b04332e7f8a0fc56e18c7a2e26&oauth_signature=%2Bal1xi2QWcycgGe1kv4ChrdaxHyIGFnZMSEBsuuShxI%3D&oauth_signature_method=HMAC-SHA256&oauth_timestamp=1774091260&per_page=1&search=%D8%AC%D8%A7%D9%83%D9%8A%D8%AA%D8%A7%D8%AA
[Sat Mar 21 11:07:40 2026] [::1]:51388 Closing
[Sat Mar 21 11:07:40 2026] [::1]:51390 Accepted
[Sat Mar 21 11:07:40 2026] [::1]:51390 [302]: GET /wp-json/wc/v3/products/categories?oauth_consumer_key=ck_3df78f67936a715de1ad0b89a7cb0300150ae2e7&oauth_nonce=0a1f02f3f656584f6e15f95be0f6f90eb485c9d2&oauth_signature=dqY3IXFHHE3oHYHIM%2FjHDxg8cw6DoC1YKcnVe1cpS74%3D&oauth_signature_method=HMAC-SHA256&oauth_timestamp=1774091260&per_page=1&search=%D9%85%D9%84%D8%A7%D8%A8%D8%B3+%D8%B5%D9%8A%D9%81%D9%8A%D8%A9
[Sat Mar 21 11:07:40 2026] [::1]:51390 Closing
[Sat Mar 21 11:07:40 2026] [::1]:51392 Accepted
[Sat Mar 21 11:07:40 2026] [::1]:51392 [302]: GET /wp-json/wc/v3/products/categories?oauth_consumer_key=ck_3df78f67936a715de1ad0b89a7cb0300150ae2e7&oauth_nonce=4fe46c7a9ae2ff90abc8c0fa2a2de321a9dbbd8b&oauth_signature=8wBpJ33oPdUBl90GA84BcYf%2FNK%2FL0rXn43xxTyhzmu4%3D&oauth_signature_method=HMAC-SHA256&oauth_timestamp=1774091260&per_page=1&search=%D9%82%D9%85%D8%B5%D8%A7%D9%86
[Sat Mar 21 11:07:40 2026] [::1]:51392 Closing
[Sat Mar 21 11:07:40 2026] [::1]:51394 Accepted
[Sat Mar 21 11:07:40 2026] [::1]:51394 [302]: GET /wp-json/wc/v3/products?featured=1&oauth_consumer_key=ck_3df78f67936a715de1ad0b89a7cb0300150ae2e7&oauth_nonce=19cbae2179c70fb441429b998d4b3930bbe1dc3e&oauth_signature=9DrFgPE51tEUYkE0dQhARMpAKLueMO5b1shmWJ5nrE4%3D&oauth_signature_method=HMAC-SHA256&oauth_timestamp=1774091260&order=desc&orderby=date&per_page=8&status=publish
[Sat Mar 21 11:07:40 2026] [::1]:51394 Closing
[Sat Mar 21 11:07:45 2026] [::1]:52445 Accepted
[Sat Mar 21 11:07:46 2026] [::1]:52445 [302]: GET /wp-json/wc/v3/products/categories?oauth_consumer_key=ck_3df78f67936a715de1ad0b89a7cb0300150ae2e7&oauth_nonce=f28c94f1ceaf3587b7ee6ce9c760aae1cb2e307e&oauth_signature=A77itYgOmLx%2BcEvhk5xr6%2FGHpC8qMEHkXGczTE94lFA%3D&oauth_signature_method=HMAC-SHA256&oauth_timestamp=1774091265&per_page=1&search=%D8%AC%D8%A7%D9%83%D9%8A%D8%AA
[Sat Mar 21 11:07:46 2026] [::1]:52445 Closing
[Sat Mar 21 11:07:46 2026] [::1]:52447 Accepted
[Sat Mar 21 11:07:46 2026] [::1]:52447 [302]: GET /wp-json/wc/v3/products/categories?oauth_consumer_key=ck_3df78f67936a715de1ad0b89a7cb0300150ae2e7&oauth_nonce=9290754b0ffb60aa337849352dfb0371218855ba&oauth_signature=xF%2FdxKzg2wtoaY3mlROwExJqA33A7XslhE70wMZllYc%3D&oauth_signature_method=HMAC-SHA256&oauth_timestamp=1774091266&per_page=1&search=%D8%AC%D8%A7%D9%83%D9%8A%D8%AA%D8%A7%D8%AA
[Sat Mar 21 11:07:46 2026] [::1]:52447 Closing
[Sat Mar 21 11:07:46 2026] [::1]:52449 Accepted
[Sat Mar 21 11:07:46 2026] [::1]:52449 [302]: GET /wp-json/wc/v3/products/categories?oauth_consumer_key=ck_3df78f67936a715de1ad0b89a7cb0300150ae2e7&oauth_nonce=53dc5c9cd77530e4acce27dfd5f91b98f7a36630&oauth_signature=Wi82TkJfktwgEcsQYkCc%2BDBUBs3xQN1ZjKbVWmad8sM%3D&oauth_signature_method=HMAC-SHA256&oauth_timestamp=1774091266&per_page=1&search=%D9%85%D9%84%D8%A7%D8%A8%D8%B3+%D8%B5%D9%8A%D9%81%D9%8A%D8%A9
[Sat Mar 21 11:07:46 2026] [::1]:52449 Closing
[Sat Mar 21 11:07:46 2026] [::1]:63814 Accepted
[Sat Mar 21 11:07:46 2026] [::1]:63814 [302]: GET /wp-json/wc/v3/products/categories?oauth_consumer_key=ck_3df78f67936a715de1ad0b89a7cb0300150ae2e7&oauth_nonce=52ac1856da0bb19fc5b35879cd8e9899ce442f59&oauth_signature=KGXdK1MH9gpSfdHhr59ylVfRf7dktr%2Bs4npKFPKfuig%3D&oauth_signature_method=HMAC-SHA256&oauth_timestamp=1774091266&per_page=1&search=%D9%82%D9%85%D8%B5%D8%A7%D9%86
[Sat Mar 21 11:07:46 2026] [::1]:63814 Closing
[Sat Mar 21 11:07:46 2026] [::1]:63816 Accepted
[Sat Mar 21 11:07:46 2026] [::1]:63816 [302]: GET /wp-json/wc/v3/products?featured=1&oauth_consumer_key=ck_3df78f67936a715de1ad0b89a7cb0300150ae2e7&oauth_nonce=72575887379cbb7d151ea69d4805a610234741de&oauth_signature=FmEffS97yQOMvo7cgGtKQcabNKkt7CmFvQWKFChAyTs%3D&oauth_signature_method=HMAC-SHA256&oauth_timestamp=1774091266&order=desc&orderby=date&per_page=8&status=publish
[Sat Mar 21 11:07:46 2026] [::1]:63816 Closing
[Sat Mar 21 11:08:02 2026] [::1]:55976 Accepted
[Sat Mar 21 11:08:02 2026] [::1]:55976 [302]: GET /wp-json/wc/v3/products/categories?oauth_consumer_key=ck_3df78f67936a715de1ad0b89a7cb0300150ae2e7&oauth_nonce=df853f91953de185be994e2159d6c30dd7a88472&oauth_signature=ZtXatxiOkVRmH5UN4DwrPcQHPLzlhd1pZs7mDCKVD9g%3D&oauth_signature_method=HMAC-SHA256&oauth_timestamp=1774091282&per_page=1&search=%D8%AC%D8%A7%D9%83%D9%8A%D8%AA
[Sat Mar 21 11:08:02 2026] [::1]:55976 Closing
[Sat Mar 21 11:08:02 2026] [::1]:58649 Accepted
[Sat Mar 21 11:08:02 2026] [::1]:58649 [302]: GET /wp-json/wc/v3/products/categories?oauth_consumer_key=ck_3df78f67936a715de1ad0b89a7cb0300150ae2e7&oauth_nonce=4caa03746e7e5a1602c3f249bca4d8622dbb8d65&oauth_signature=0pjXrxc4dTnCXGLmKVTyLivkm13zBfAoMPO4m0Ljzfo%3D&oauth_signature_method=HMAC-SHA256&oauth_timestamp=1774091282&per_page=1&search=%D8%AC%D8%A7%D9%83%D9%8A%D8%AA%D8%A7%D8%AA
[Sat Mar 21 11:08:02 2026] [::1]:58649 Closing
[Sat Mar 21 11:08:02 2026] [::1]:58651 Accepted
[Sat Mar 21 11:08:03 2026] [::1]:58651 [302]: GET /wp-json/wc/v3/products/categories?oauth_consumer_key=ck_3df78f67936a715de1ad0b89a7cb0300150ae2e7&oauth_nonce=280ee93a707e9f51fb38d824fc19b450aa345000&oauth_signature=Vlm7zcbxBqMfOQPvlNX4xsrd2N%2BNcP2Ea%2FyjiIhI%2Bs4%3D&oauth_signature_method=HMAC-SHA256&oauth_timestamp=1774091282&per_page=1&search=%D9%85%D9%84%D8%A7%D8%A8%D8%B3+%D8%B5%D9%8A%D9%81%D9%8A%D8%A9
[Sat Mar 21 11:08:03 2026] [::1]:58651 Closing
[Sat Mar 21 11:08:03 2026] [::1]:58653 Accepted
[Sat Mar 21 11:08:03 2026] [::1]:58653 [302]: GET /wp-json/wc/v3/products/categories?oauth_consumer_key=ck_3df78f67936a715de1ad0b89a7cb0300150ae2e7&oauth_nonce=185519a9633c4203f27548de7f5fb0a06f1f6e0c&oauth_signature=vI7HR0eH2RcVLR6T0PDTsnTp0UA39ZgInxLAkHpcR40%3D&oauth_signature_method=HMAC-SHA256&oauth_timestamp=1774091283&per_page=1&search=%D9%82%D9%85%D8%B5%D8%A7%D9%86
[Sat Mar 21 11:08:03 2026] [::1]:58653 Closing
[Sat Mar 21 11:08:03 2026] [::1]:58655 Accepted
[Sat Mar 21 11:08:03 2026] [::1]:58655 [302]: GET /wp-json/wc/v3/products?featured=1&oauth_consumer_key=ck_3df78f67936a715de1ad0b89a7cb0300150ae2e7&oauth_nonce=8bfa86dee1f4284ef43dfc30b768d4b46aad77ef&oauth_signature=Cvxy9Tj5Gjf8aAAKKty1HPR2LG%2BuxNteJ%2FKvMHb9OU0%3D&oauth_signature_method=HMAC-SHA256&oauth_timestamp=1774091283&order=desc&orderby=date&per_page=8&status=publish
[Sat Mar 21 11:08:03 2026] [::1]:58655 Closing
[Sat Mar 21 11:12:58 2026] [::1]:55786 Accepted
[Sat Mar 21 11:12:59 2026] [::1]:55786 [302]: GET /wp-json/wc/v3/products/categories?oauth_consumer_key=ck_3df78f67936a715de1ad0b89a7cb0300150ae2e7&oauth_nonce=95ef72f7508fd96f70f565ba3eb42d6b7a010529&oauth_signature=uubZ%2BJ0k9q2QGpUseszSPxAe1zUkHx2WzaOyqhK%2F%2B4o%3D&oauth_signature_method=HMAC-SHA256&oauth_timestamp=1774091578&per_page=1&search=%D8%AC%D8%A7%D9%83%D9%8A%D8%AA
[Sat Mar 21 11:12:59 2026] [::1]:55786 Closing
[Sat Mar 21 11:12:59 2026] [::1]:54255 Accepted
[Sat Mar 21 11:12:59 2026] [::1]:54255 [302]: GET /wp-json/wc/v3/products/categories?oauth_consumer_key=ck_3df78f67936a715de1ad0b89a7cb0300150ae2e7&oauth_nonce=ee8e1af69efd520b6fed782a7b5790d39f14f0b3&oauth_signature=mXT0Y%2FoI020kGY3H8wHQX%2Fu4JhwQR3Txrt4wkGnrR2o%3D&oauth_signature_method=HMAC-SHA256&oauth_timestamp=1774091579&per_page=1&search=%D8%AC%D8%A7%D9%83%D9%8A%D8%AA%D8%A7%D8%AA
[Sat Mar 21 11:12:59 2026] [::1]:54255 Closing
[Sat Mar 21 11:12:59 2026] [::1]:54257 Accepted
[Sat Mar 21 11:13:00 2026] [::1]:54257 [302]: GET /wp-json/wc/v3/products/categories?oauth_consumer_key=ck_3df78f67936a715de1ad0b89a7cb0300150ae2e7&oauth_nonce=0c2673d31c17e30adb4eee28209aae0d7122b586&oauth_signature=kqUbTRKwc%2FBpxaelGI%2Be1b77hCd8wtyhN8ivrCYZLP0%3D&oauth_signature_method=HMAC-SHA256&oauth_timestamp=1774091579&per_page=1&search=%D9%85%D9%84%D8%A7%D8%A8%D8%B3+%D8%B5%D9%8A%D9%81%D9%8A%D8%A9
[Sat Mar 21 11:13:00 2026] [::1]:54257 Closing
[Sat Mar 21 11:13:00 2026] [::1]:54259 Accepted
[Sat Mar 21 11:13:00 2026] [::1]:54259 [302]: GET /wp-json/wc/v3/products/categories?oauth_consumer_key=ck_3df78f67936a715de1ad0b89a7cb0300150ae2e7&oauth_nonce=a2e7b716fd87f8ae74292fda03c558bbd51070f1&oauth_signature=jDgs9qeR%2BLr4qWKdzmeKi4%2BxsMLRU1gSGWBnT0%2BkFNQ%3D&oauth_signature_method=HMAC-SHA256&oauth_timestamp=1774091580&per_page=1&search=%D9%82%D9%85%D8%B5%D8%A7%D9%86
[Sat Mar 21 11:13:00 2026] [::1]:54259 Closing
[Sat Mar 21 11:13:00 2026] [::1]:54261 Accepted
[Sat Mar 21 11:13:00 2026] [::1]:54261 [302]: GET /wp-json/wc/v3/products?featured=1&oauth_consumer_key=ck_3df78f67936a715de1ad0b89a7cb0300150ae2e7&oauth_nonce=59fb11d603acbf4484812a49cb141692142fc52b&oauth_signature=A%2BhqMTFNHhOGZo4TmxbpOcQCBkh8NZwfkNn%2Bwii50oA%3D&oauth_signature_method=HMAC-SHA256&oauth_timestamp=1774091580&order=desc&orderby=date&per_page=8&status=publish
[Sat Mar 21 11:13:00 2026] [::1]:54261 Closing
[Sat Mar 21 11:13:06 2026] [::1]:51251 Accepted
[Sat Mar 21 11:13:06 2026] [::1]:51251 [302]: GET /wp-json/wc/v3/products/categories?oauth_consumer_key=ck_3df78f67936a715de1ad0b89a7cb0300150ae2e7&oauth_nonce=7821efc8fdd414e9abe356b7cfd56102f5f60d56&oauth_signature=LqJmbyqWy3R5DPptIpyitLWh88zZCpEb%2FYRwyy4jb5M%3D&oauth_signature_method=HMAC-SHA256&oauth_timestamp=1774091586&per_page=1&search=%D8%AC%D8%A7%D9%83%D9%8A%D8%AA
[Sat Mar 21 11:13:06 2026] [::1]:51251 Closing
[Sat Mar 21 11:13:06 2026] [::1]:51253 Accepted
[Sat Mar 21 11:13:06 2026] [::1]:51253 [302]: GET /wp-json/wc/v3/products/categories?oauth_consumer_key=ck_3df78f67936a715de1ad0b89a7cb0300150ae2e7&oauth_nonce=7d03bc440cb2f1ed5fea7bf565ef9944260a4008&oauth_signature=db54CjKB8OzYII7RmFRhHj%2BS8uZPg7KVlDQeyzz8Eq0%3D&oauth_signature_method=HMAC-SHA256&oauth_timestamp=1774091586&per_page=1&search=%D8%AC%D8%A7%D9%83%D9%8A%D8%AA%D8%A7%D8%AA
[Sat Mar 21 11:13:06 2026] [::1]:51253 Closing
[Sat Mar 21 11:13:06 2026] [::1]:51255 Accepted
[Sat Mar 21 11:13:06 2026] [::1]:51255 [302]: GET /wp-json/wc/v3/products/categories?oauth_consumer_key=ck_3df78f67936a715de1ad0b89a7cb0300150ae2e7&oauth_nonce=3503da68b670de094a2fd9ab3e0246bb83fcf19c&oauth_signature=JFAQ%2FQOxh4zPjvRNGE9Z1%2ByvjTecLhQ98kwoLtrKuZU%3D&oauth_signature_method=HMAC-SHA256&oauth_timestamp=1774091586&per_page=1&search=%D9%85%D9%84%D8%A7%D8%A8%D8%B3+%D8%B5%D9%8A%D9%81%D9%8A%D8%A9
[Sat Mar 21 11:13:06 2026] [::1]:51255 Closing
[Sat Mar 21 11:13:06 2026] [::1]:51257 Accepted
[Sat Mar 21 11:13:07 2026] [::1]:51257 [302]: GET /wp-json/wc/v3/products/categories?oauth_consumer_key=ck_3df78f67936a715de1ad0b89a7cb0300150ae2e7&oauth_nonce=c11de49edbe45677a07596c96510948f6321ce78&oauth_signature=bNo3COvtPszuBy0TJEDGhpNdtXM2nXJ0KjLnzvf2JKI%3D&oauth_signature_method=HMAC-SHA256&oauth_timestamp=1774091586&per_page=1&search=%D9%82%D9%85%D8%B5%D8%A7%D9%86
[Sat Mar 21 11:13:07 2026] [::1]:51257 Closing
[Sat Mar 21 11:13:07 2026] [::1]:51259 Accepted
[Sat Mar 21 11:13:07 2026] [::1]:51259 [302]: GET /wp-json/wc/v3/products?featured=1&oauth_consumer_key=ck_3df78f67936a715de1ad0b89a7cb0300150ae2e7&oauth_nonce=4f2bc802028b5eb3a4ce634a90460a95351f73ad&oauth_signature=H%2Bwln6PKUS5AA7iaiWAxtyPl8YUrkfzVp7r67h7uovQ%3D&oauth_signature_method=HMAC-SHA256&oauth_timestamp=1774091587&order=desc&orderby=date&per_page=8&status=publish
[Sat Mar 21 11:13:07 2026] [::1]:51259 Closing
[Sat Mar 21 11:13:09 2026] [::1]:52739 Accepted
[Sat Mar 21 11:13:09 2026] [::1]:52739 [302]: GET /wp-json/wc/v3/products/categories?oauth_consumer_key=ck_3df78f67936a715de1ad0b89a7cb0300150ae2e7&oauth_nonce=0556d69f9d74dad56e0f79caf0ca2ba5768c31ba&oauth_signature=RdM4TQ10WnpHCfL06JWSe0THdM1CR%2FzXdmyMoQCCAtQ%3D&oauth_signature_method=HMAC-SHA256&oauth_timestamp=1774091589&per_page=1&search=%D8%AC%D8%A7%D9%83%D9%8A%D8%AA
[Sat Mar 21 11:13:09 2026] [::1]:52739 Closing
[Sat Mar 21 11:13:09 2026] [::1]:52741 Accepted
[Sat Mar 21 11:13:09 2026] [::1]:52741 [302]: GET /wp-json/wc/v3/products/categories?oauth_consumer_key=ck_3df78f67936a715de1ad0b89a7cb0300150ae2e7&oauth_nonce=ac7fe5b5fe0a3ab6280b067ae30d8c4e848ad4b3&oauth_signature=5KJKkCH5o%2B%2BZbwvZ%2FhBrWPruxeTD5bUnQkaQ6Moypp4%3D&oauth_signature_method=HMAC-SHA256&oauth_timestamp=1774091589&per_page=1&search=%D8%AC%D8%A7%D9%83%D9%8A%D8%AA%D8%A7%D8%AA
[Sat Mar 21 11:13:09 2026] [::1]:52741 Closing
[Sat Mar 21 11:13:09 2026] [::1]:52743 Accepted
[Sat Mar 21 11:13:09 2026] [::1]:52743 [302]: GET /wp-json/wc/v3/products/categories?oauth_consumer_key=ck_3df78f67936a715de1ad0b89a7cb0300150ae2e7&oauth_nonce=fe8d8f6637c633ef02302c1907753f0564d89776&oauth_signature=h4j2uvMqa72dcoFVXa%2BlOXSF4YjctK7vaxHPlAvbSlg%3D&oauth_signature_method=HMAC-SHA256&oauth_timestamp=1774091589&per_page=1&search=%D9%85%D9%84%D8%A7%D8%A8%D8%B3+%D8%B5%D9%8A%D9%81%D9%8A%D8%A9
[Sat Mar 21 11:13:09 2026] [::1]:52743 Closing
[Sat Mar 21 11:13:09 2026] [::1]:52745 Accepted
[Sat Mar 21 11:13:10 2026] [::1]:52745 [302]: GET /wp-json/wc/v3/products/categories?oauth_consumer_key=ck_3df78f67936a715de1ad0b89a7cb0300150ae2e7&oauth_nonce=235d641b1e65dbafe83ac17f47c017a7be8443de&oauth_signature=3RMjx8gBJNDH1mzqhO%2Bupz%2BiWwanvGbSItlebd3okwg%3D&oauth_signature_method=HMAC-SHA256&oauth_timestamp=1774091589&per_page=1&search=%D9%82%D9%85%D8%B5%D8%A7%D9%86
[Sat Mar 21 11:13:10 2026] [::1]:52745 Closing
[Sat Mar 21 11:13:10 2026] [::1]:52747 Accepted
[Sat Mar 21 11:13:10 2026] [::1]:52747 [302]: GET /wp-json/wc/v3/products?featured=1&oauth_consumer_key=ck_3df78f67936a715de1ad0b89a7cb0300150ae2e7&oauth_nonce=4867883874028444c5749ea204bdf06cfecc45c5&oauth_signature=qAZQLwmVr9nDavpiUIX%2FuK8ptYI1h1Qesumm5ocj%2BwY%3D&oauth_signature_method=HMAC-SHA256&oauth_timestamp=1774091590&order=desc&orderby=date&per_page=8&status=publish
[Sat Mar 21 11:13:10 2026] [::1]:52747 Closing
[Sat Mar 21 11:13:16 2026] [::1]:51954 Accepted
[Sat Mar 21 11:13:17 2026] [::1]:51954 [302]: GET /wp-json/wc/v3/products/categories?oauth_consumer_key=ck_3df78f67936a715de1ad0b89a7cb0300150ae2e7&oauth_nonce=29f0edd3f2b5587dd17668f048df050e4d1cc4dc&oauth_signature=ajOXSPL4jO6Z4zk64UrtKN4MGwlf%2BiV9BU%2BI1di0tEc%3D&oauth_signature_method=HMAC-SHA256&oauth_timestamp=1774091596&per_page=1&search=%D8%AC%D8%A7%D9%83%D9%8A%D8%AA
[Sat Mar 21 11:13:17 2026] [::1]:51954 Closing
[Sat Mar 21 11:13:17 2026] [::1]:51956 Accepted
[Sat Mar 21 11:13:17 2026] [::1]:51956 [302]: GET /wp-json/wc/v3/products/categories?oauth_consumer_key=ck_3df78f67936a715de1ad0b89a7cb0300150ae2e7&oauth_nonce=fe2155ae2e208940684d7d4441cd3bfcb02c962b&oauth_signature=BYPcMhRc4ocxAprDIvEV4ux9w6h2hyupzGnjIvEu4VQ%3D&oauth_signature_method=HMAC-SHA256&oauth_timestamp=1774091597&per_page=1&search=%D8%AC%D8%A7%D9%83%D9%8A%D8%AA%D8%A7%D8%AA
[Sat Mar 21 11:13:17 2026] [::1]:51956 Closing
[Sat Mar 21 11:13:17 2026] [::1]:64290 Accepted
[Sat Mar 21 11:13:17 2026] [::1]:64290 [302]: GET /wp-json/wc/v3/products/categories?oauth_consumer_key=ck_3df78f67936a715de1ad0b89a7cb0300150ae2e7&oauth_nonce=32fb480f90ee477433afa34daf8808868cc1c853&oauth_signature=Q2yELD6qO1e6Ly5gIsvdVJXfScQ0yxRM2ysY8dcu8KA%3D&oauth_signature_method=HMAC-SHA256&oauth_timestamp=1774091597&per_page=1&search=%D9%85%D9%84%D8%A7%D8%A8%D8%B3+%D8%B5%D9%8A%D9%81%D9%8A%D8%A9
[Sat Mar 21 11:13:17 2026] [::1]:64290 Closing
[Sat Mar 21 11:13:17 2026] [::1]:64292 Accepted
[Sat Mar 21 11:13:17 2026] [::1]:64292 [302]: GET /wp-json/wc/v3/products/categories?oauth_consumer_key=ck_3df78f67936a715de1ad0b89a7cb0300150ae2e7&oauth_nonce=6d832caa9263f7bc2fc22a8740214e7dd718651d&oauth_signature=vfw3UZvc6%2FymlkNR72JliBqKmOlEeleVtQVerU4CIqY%3D&oauth_signature_method=HMAC-SHA256&oauth_timestamp=1774091597&per_page=1&search=%D9%82%D9%85%D8%B5%D8%A7%D9%86
[Sat Mar 21 11:13:17 2026] [::1]:64292 Closing
[Sat Mar 21 11:13:17 2026] [::1]:64294 Accepted
[Sat Mar 21 11:13:18 2026] [::1]:64294 [302]: GET /wp-json/wc/v3/products?featured=1&oauth_consumer_key=ck_3df78f67936a715de1ad0b89a7cb0300150ae2e7&oauth_nonce=7a1f1b7256ec40e830c3db63d9974fe915d933ec&oauth_signature=rwJZ1VtnCMk5fmA78CjMS5sSqexyVIhZXRC1BXWg%2BNs%3D&oauth_signature_method=HMAC-SHA256&oauth_timestamp=1774091597&order=desc&orderby=date&per_page=8&status=publish
[Sat Mar 21 11:13:18 2026] [::1]:64294 Closing
[Sat Mar 21 11:17:29 2026] [::1]:61928 Accepted
[Sat Mar 21 11:17:30 2026] [::1]:61928 [302]: GET /wp-json/wc/v3/products/categories?oauth_consumer_key=ck_3df78f67936a715de1ad0b89a7cb0300150ae2e7&oauth_nonce=5c2f8f32db1ad496d70b17703af5a0c333fc53c8&oauth_signature=K7lGWgFnMuVWGTCTcBasHYab7RiHi0LoMAlBjw8Rlg8%3D&oauth_signature_method=HMAC-SHA256&oauth_timestamp=1774091849&per_page=1&search=%D8%AC%D8%A7%D9%83%D9%8A%D8%AA
[Sat Mar 21 11:17:30 2026] [::1]:61928 Closing
[Sat Mar 21 11:17:30 2026] [::1]:61930 Accepted
[Sat Mar 21 11:17:30 2026] [::1]:61930 [302]: GET /wp-json/wc/v3/products/categories?oauth_consumer_key=ck_3df78f67936a715de1ad0b89a7cb0300150ae2e7&oauth_nonce=936407cbaba7f21ec2fcf12685b2f2c7d1d61674&oauth_signature=gPB1TBRlg9RfrL%2F%2FPqVl%2BhAa0WPA2S3969WFUOS5q%2Bc%3D&oauth_signature_method=HMAC-SHA256&oauth_timestamp=1774091850&per_page=1&search=%D8%AC%D8%A7%D9%83%D9%8A%D8%AA%D8%A7%D8%AA
[Sat Mar 21 11:17:30 2026] [::1]:61930 Closing
[Sat Mar 21 11:17:30 2026] [::1]:61932 Accepted
[Sat Mar 21 11:17:30 2026] [::1]:61932 [302]: GET /wp-json/wc/v3/products/categories?oauth_consumer_key=ck_3df78f67936a715de1ad0b89a7cb0300150ae2e7&oauth_nonce=1cf06efc5236b857e0b3c0675c366ec32a0be79b&oauth_signature=GcjUCELMDjk9DM8IfXleKI0thpK1RHnE33sBpjY6Tjk%3D&oauth_signature_method=HMAC-SHA256&oauth_timestamp=1774091850&per_page=1&search=%D9%85%D9%84%D8%A7%D8%A8%D8%B3+%D8%B5%D9%8A%D9%81%D9%8A%D8%A9
[Sat Mar 21 11:17:30 2026] [::1]:61932 Closing
[Sat Mar 21 11:17:30 2026] [::1]:61934 Accepted
[Sat Mar 21 11:17:31 2026] [::1]:61934 [302]: GET /wp-json/wc/v3/products/categories?oauth_consumer_key=ck_3df78f67936a715de1ad0b89a7cb0300150ae2e7&oauth_nonce=19e81c361b04027c5eb5c26d7868077f10cb194c&oauth_signature=dN6PcpQrSyMomlBwB3rx3dmi6n2Bz2qq3ypEQMcs2U4%3D&oauth_signature_method=HMAC-SHA256&oauth_timestamp=1774091850&per_page=1&search=%D9%82%D9%85%D8%B5%D8%A7%D9%86
[Sat Mar 21 11:17:31 2026] [::1]:61934 Closing
[Sat Mar 21 11:17:31 2026] [::1]:51545 Accepted
[Sat Mar 21 11:17:31 2026] [::1]:51545 [302]: GET /wp-json/wc/v3/products?featured=1&oauth_consumer_key=ck_3df78f67936a715de1ad0b89a7cb0300150ae2e7&oauth_nonce=0db0a6fd7462b14b51a197bfe4480e11268ea8ac&oauth_signature=7NuagjfNXu6%2BgaNAbAc9W3l7FD4sufp9TH6yBGP6%2Btk%3D&oauth_signature_method=HMAC-SHA256&oauth_timestamp=1774091851&order=desc&orderby=date&per_page=8&status=publish
[Sat Mar 21 11:17:31 2026] [::1]:51545 Closing
[Sat Mar 21 11:17:36 2026] [::1]:50983 Accepted
[Sat Mar 21 11:17:37 2026] [::1]:50983 [302]: GET /wp-json/wc/v3/products/categories?oauth_consumer_key=ck_3df78f67936a715de1ad0b89a7cb0300150ae2e7&oauth_nonce=eb1d1cb0df2a9a720ecd7a692fb9f549a7e12ec4&oauth_signature=Y6rma33Aex97zQ5yqMG1sccqimn0GVdVsRD6C6IlVRw%3D&oauth_signature_method=HMAC-SHA256&oauth_timestamp=1774091856&per_page=1&search=%D8%AC%D8%A7%D9%83%D9%8A%D8%AA
[Sat Mar 21 11:17:37 2026] [::1]:50983 Closing
[Sat Mar 21 11:17:37 2026] [::1]:50987 Accepted
[Sat Mar 21 11:17:37 2026] [::1]:50987 [302]: GET /wp-json/wc/v3/products/categories?oauth_consumer_key=ck_3df78f67936a715de1ad0b89a7cb0300150ae2e7&oauth_nonce=aa814be74c9d6b293d8559dff762989e0f6ac355&oauth_signature=PLHg6UAyrctvcbzTfURPJmHWmvcXMvF2RXLgySYJ0Dc%3D&oauth_signature_method=HMAC-SHA256&oauth_timestamp=1774091857&per_page=1&search=%D8%AC%D8%A7%D9%83%D9%8A%D8%AA%D8%A7%D8%AA
[Sat Mar 21 11:17:37 2026] [::1]:50987 Closing
[Sat Mar 21 11:17:37 2026] [::1]:50989 Accepted
[Sat Mar 21 11:17:38 2026] [::1]:50989 [302]: GET /wp-json/wc/v3/products/categories?oauth_consumer_key=ck_3df78f67936a715de1ad0b89a7cb0300150ae2e7&oauth_nonce=a5fea1955a6a274ca4489c72cdd0661c85311862&oauth_signature=PR0UFsPlm%2BEcOClf4N2APinEi2dxXbRCHE%2BJqIMHMro%3D&oauth_signature_method=HMAC-SHA256&oauth_timestamp=1774091857&per_page=1&search=%D9%85%D9%84%D8%A7%D8%A8%D8%B3+%D8%B5%D9%8A%D9%81%D9%8A%D8%A9
[Sat Mar 21 11:17:38 2026] [::1]:50989 Closing
[Sat Mar 21 11:17:38 2026] [::1]:50991 Accepted
[Sat Mar 21 11:17:38 2026] [::1]:50991 [302]: GET /wp-json/wc/v3/products/categories?oauth_consumer_key=ck_3df78f67936a715de1ad0b89a7cb0300150ae2e7&oauth_nonce=e9c61d05ea047f293effc70ab89d190609a440d0&oauth_signature=H5p7Gkp5HQxW75otvTra2AbDceZqeiZ3DapIJVrPlvY%3D&oauth_signature_method=HMAC-SHA256&oauth_timestamp=1774091858&per_page=1&search=%D9%82%D9%85%D8%B5%D8%A7%D9%86
[Sat Mar 21 11:17:38 2026] [::1]:50991 Closing
[Sat Mar 21 11:17:38 2026] [::1]:51954 Accepted
[Sat Mar 21 11:17:39 2026] [::1]:51954 [302]: GET /wp-json/wc/v3/products?featured=1&oauth_consumer_key=ck_3df78f67936a715de1ad0b89a7cb0300150ae2e7&oauth_nonce=510d9c20c87b564c5bbfdbea9125bd66ba1cfbb8&oauth_signature=swiKvwk4BsuoLAXoYnLuHtQRIsxUgv9HV%2FVz50lz%2BBI%3D&oauth_signature_method=HMAC-SHA256&oauth_timestamp=1774091858&order=desc&orderby=date&per_page=8&status=publish
[Sat Mar 21 11:17:39 2026] [::1]:51954 Closing
[Sat Mar 21 11:17:44 2026] [::1]:63092 Accepted
[Sat Mar 21 11:17:45 2026] [::1]:63092 [302]: GET /wp-json/wc/v3/products/categories?oauth_consumer_key=ck_3df78f67936a715de1ad0b89a7cb0300150ae2e7&oauth_nonce=54b4c2b0f9e164cb866c0ca379ee96ddc91d22e1&oauth_signature=pdFjUTe5rhlIaIYnhH4yZoXne4q2yI374%2BQNksm4CrY%3D&oauth_signature_method=HMAC-SHA256&oauth_timestamp=1774091864&per_page=1&search=%D8%AC%D8%A7%D9%83%D9%8A%D8%AA
[Sat Mar 21 11:17:45 2026] [::1]:63092 Closing
[Sat Mar 21 11:17:45 2026] [::1]:63094 Accepted
[Sat Mar 21 11:17:45 2026] [::1]:63094 [302]: GET /wp-json/wc/v3/products/categories?oauth_consumer_key=ck_3df78f67936a715de1ad0b89a7cb0300150ae2e7&oauth_nonce=e52b64e96ab8ae2f82f6fec34f2bc2bb6a8875da&oauth_signature=WIW6YRrcOaqZ%2BZ36GFlOR4z0oP1SWYxi9SaN2vFWADA%3D&oauth_signature_method=HMAC-SHA256&oauth_timestamp=1774091865&per_page=1&search=%D8%AC%D8%A7%D9%83%D9%8A%D8%AA%D8%A7%D8%AA
[Sat Mar 21 11:17:45 2026] [::1]:63094 Closing
[Sat Mar 21 11:17:45 2026] [::1]:56482 Accepted
[Sat Mar 21 11:17:45 2026] [::1]:56482 [302]: GET /wp-json/wc/v3/products/categories?oauth_consumer_key=ck_3df78f67936a715de1ad0b89a7cb0300150ae2e7&oauth_nonce=085cfcc537ab481e6d5f39d179a563028b4f0b4f&oauth_signature=4Huc7NmXuZ0b4k5rIMdQYMo%2Boz4fLRK2ob1IOCul60U%3D&oauth_signature_method=HMAC-SHA256&oauth_timestamp=1774091865&per_page=1&search=%D9%85%D9%84%D8%A7%D8%A8%D8%B3+%D8%B5%D9%8A%D9%81%D9%8A%D8%A9
[Sat Mar 21 11:17:45 2026] [::1]:56482 Closing
[Sat Mar 21 11:17:45 2026] [::1]:56484 Accepted
[Sat Mar 21 11:17:46 2026] [::1]:56484 [302]: GET /wp-json/wc/v3/products/categories?oauth_consumer_key=ck_3df78f67936a715de1ad0b89a7cb0300150ae2e7&oauth_nonce=c404b1589a0bfa455f5b7b769d50a65fec7ac902&oauth_signature=%2BWFpQ61Sm%2FsKlqLc6sX9sXbs5yi4gZEn2NtsMzCOulk%3D&oauth_signature_method=HMAC-SHA256&oauth_timestamp=1774091865&per_page=1&search=%D9%82%D9%85%D8%B5%D8%A7%D9%86
[Sat Mar 21 11:17:46 2026] [::1]:56484 Closing
[Sat Mar 21 11:17:46 2026] [::1]:56486 Accepted
[Sat Mar 21 11:17:46 2026] [::1]:56486 [302]: GET /wp-json/wc/v3/products?featured=1&oauth_consumer_key=ck_3df78f67936a715de1ad0b89a7cb0300150ae2e7&oauth_nonce=a174a1350dd3b2138b22d00f1ec600371eda8e25&oauth_signature=sY7HzObBDam4XA%2FESMYF%2BjJfGPDP1F6W2qgcLkE5RR8%3D&oauth_signature_method=HMAC-SHA256&oauth_timestamp=1774091866&order=desc&orderby=date&per_page=8&status=publish
[Sat Mar 21 11:17:46 2026] [::1]:56486 Closing
[Sat Mar 21 11:22:08 2026] [::1]:54600 Accepted
[Sat Mar 21 11:22:09 2026] [::1]:54600 [302]: GET /wp-json/wc/v3/products/categories?hide_empty=1&oauth_consumer_key=ck_3df78f67936a715de1ad0b89a7cb0300150ae2e7&oauth_nonce=d6a59c2f3ce0b5bc7148dd11f1df798330ab2c6c&oauth_signature=7HNLq%2F5u2Lt51y%2BGBwI5eY1EswMdoOOg%2BlEWpFigdmA%3D&oauth_signature_method=HMAC-SHA256&oauth_timestamp=1774092128&per_page=100
[Sat Mar 21 11:22:09 2026] [::1]:54600 Closing
[Sat Mar 21 11:22:09 2026] [::1]:49787 Accepted
[Sat Mar 21 11:22:09 2026] [::1]:49787 [302]: GET /wp-json/wc/v3/products?oauth_consumer_key=ck_3df78f67936a715de1ad0b89a7cb0300150ae2e7&oauth_nonce=1b74e463677985b690b550243bd378aeab0dc20e&oauth_signature=qi64Ew9mY1iMUuXBKrLX63Tlp6OoBGEnQpEwA%2BMT8s0%3D&oauth_signature_method=HMAC-SHA256&oauth_timestamp=1774092129&per_page=1&status=publish
[Sat Mar 21 11:22:09 2026] [::1]:49787 Closing
[Sat Mar 21 11:22:18 2026] [::1]:63908 Accepted
[Sat Mar 21 11:22:18 2026] [::1]:63908 [302]: GET /wp-json/wc/v3/products/categories?oauth_consumer_key=ck_3df78f67936a715de1ad0b89a7cb0300150ae2e7&oauth_nonce=b69729d0fb21e257b42966145ac6df41122063ba&oauth_signature=Po5AtipaMCPeAi0pRNKHY0pLcJ0RH3vSWOmJhQw%2BAeQ%3D&oauth_signature_method=HMAC-SHA256&oauth_timestamp=1774092138&per_page=1&search=%D8%AC%D8%A7%D9%83%D9%8A%D8%AA
[Sat Mar 21 11:22:18 2026] [::1]:63908 Closing
[Sat Mar 21 11:22:18 2026] [::1]:63910 Accepted
[Sat Mar 21 11:22:18 2026] [::1]:63910 [302]: GET /wp-json/wc/v3/products/categories?oauth_consumer_key=ck_3df78f67936a715de1ad0b89a7cb0300150ae2e7&oauth_nonce=febb31890b4a8217a72c0cebc5ba6873b2e1b028&oauth_signature=Iyl2KUQBm%2FwO8sGGDmloBZPB4o3CfNXVbPZVxHEIVbA%3D&oauth_signature_method=HMAC-SHA256&oauth_timestamp=1774092138&per_page=1&search=%D8%AC%D8%A7%D9%83%D9%8A%D8%AA%D8%A7%D8%AA
[Sat Mar 21 11:22:18 2026] [::1]:63910 Closing
[Sat Mar 21 11:22:18 2026] [::1]:63912 Accepted
[Sat Mar 21 11:22:19 2026] [::1]:63912 [302]: GET /wp-json/wc/v3/products/categories?oauth_consumer_key=ck_3df78f67936a715de1ad0b89a7cb0300150ae2e7&oauth_nonce=e6ec7ad0dedf6a390777b6266b355b4262503d6c&oauth_signature=WylrTPctciBgv2E13BmuEwTRJgXzY3GLqWwS5XOt5Mw%3D&oauth_signature_method=HMAC-SHA256&oauth_timestamp=1774092138&per_page=1&search=%D9%85%D9%84%D8%A7%D8%A8%D8%B3+%D8%B5%D9%8A%D9%81%D9%8A%D8%A9
[Sat Mar 21 11:22:19 2026] [::1]:63912 Closing
[Sat Mar 21 11:22:19 2026] [::1]:63914 Accepted
[Sat Mar 21 11:22:19 2026] [::1]:63914 [302]: GET /wp-json/wc/v3/products/categories?oauth_consumer_key=ck_3df78f67936a715de1ad0b89a7cb0300150ae2e7&oauth_nonce=2b346b3b9ddbaeb5d8c7dfa5f18b6b694adaac07&oauth_signature=Jj1YKVNsMCy6dTFeNkEJg30nWEOz%2FqXM6mE4T%2B0Bgc8%3D&oauth_signature_method=HMAC-SHA256&oauth_timestamp=1774092139&per_page=1&search=%D9%82%D9%85%D8%B5%D8%A7%D9%86
[Sat Mar 21 11:22:19 2026] [::1]:63914 Closing
[Sat Mar 21 11:22:19 2026] [::1]:63916 Accepted
[Sat Mar 21 11:22:19 2026] [::1]:63916 [302]: GET /wp-json/wc/v3/products?featured=1&oauth_consumer_key=ck_3df78f67936a715de1ad0b89a7cb0300150ae2e7&oauth_nonce=14dd62870d07028b0d1d57a4ccb15a39021026f0&oauth_signature=fbvAPpxa9tlHEnRbMbnC%2BsWM%2F%2FZ5vofbLSPK9wEhNLQ%3D&oauth_signature_method=HMAC-SHA256&oauth_timestamp=1774092139&order=desc&orderby=date&per_page=8&status=publish
[Sat Mar 21 11:22:19 2026] [::1]:63916 Closing
[Sat Mar 21 11:22:25 2026] [::1]:50426 Accepted
[Sat Mar 21 11:22:25 2026] [::1]:50426 [302]: GET /wp-json/wc/v3/products/categories?oauth_consumer_key=ck_3df78f67936a715de1ad0b89a7cb0300150ae2e7&oauth_nonce=da270ceb07cce954296424945e1ff5552d0f72d5&oauth_signature=kb0Kj%2FE4kIdC6qmJZWWzz8gevKYH13DYtpTrdCU32YA%3D&oauth_signature_method=HMAC-SHA256&oauth_timestamp=1774092145&per_page=1&search=%D8%AC%D8%A7%D9%83%D9%8A%D8%AA
[Sat Mar 21 11:22:25 2026] [::1]:50426 Closing
[Sat Mar 21 11:22:25 2026] [::1]:59819 Accepted
[Sat Mar 21 11:22:25 2026] [::1]:59819 [302]: GET /wp-json/wc/v3/products/categories?oauth_consumer_key=ck_3df78f67936a715de1ad0b89a7cb0300150ae2e7&oauth_nonce=399fe9bd3b7ec4939862b328d401af73bb331cdb&oauth_signature=LDr1Qz6VpJZEjb0vSYej1AmuLeoOHM5Av12vPXkagto%3D&oauth_signature_method=HMAC-SHA256&oauth_timestamp=1774092145&per_page=1&search=%D8%AC%D8%A7%D9%83%D9%8A%D8%AA%D8%A7%D8%AA
[Sat Mar 21 11:22:25 2026] [::1]:59819 Closing
[Sat Mar 21 11:22:25 2026] [::1]:59821 Accepted
[Sat Mar 21 11:22:25 2026] [::1]:59821 [302]: GET /wp-json/wc/v3/products/categories?oauth_consumer_key=ck_3df78f67936a715de1ad0b89a7cb0300150ae2e7&oauth_nonce=2f82109fc460339fabafcce044ca39f73c24bb8b&oauth_signature=K3BRa1s23%2Bnxxe%2BEcHRk7ZLeXVcruTCGUtHdLyBsOZk%3D&oauth_signature_method=HMAC-SHA256&oauth_timestamp=1774092145&per_page=1&search=%D9%85%D9%84%D8%A7%D8%A8%D8%B3+%D8%B5%D9%8A%D9%81%D9%8A%D8%A9
[Sat Mar 21 11:22:25 2026] [::1]:59821 Closing
[Sat Mar 21 11:22:25 2026] [::1]:59823 Accepted
[Sat Mar 21 11:22:26 2026] [::1]:59823 [302]: GET /wp-json/wc/v3/products/categories?oauth_consumer_key=ck_3df78f67936a715de1ad0b89a7cb0300150ae2e7&oauth_nonce=2795c360d7ddbd024aeae2d48cadd1f827c60d6b&oauth_signature=sdoi6b4OwQAh%2FpvFSh7yjKf5%2FzECpTgzlRTOI8HrxQc%3D&oauth_signature_method=HMAC-SHA256&oauth_timestamp=1774092145&per_page=1&search=%D9%82%D9%85%D8%B5%D8%A7%D9%86
[Sat Mar 21 11:22:26 2026] [::1]:59823 Closing
[Sat Mar 21 11:22:26 2026] [::1]:59825 Accepted
[Sat Mar 21 11:22:26 2026] [::1]:59825 [302]: GET /wp-json/wc/v3/products?featured=1&oauth_consumer_key=ck_3df78f67936a715de1ad0b89a7cb0300150ae2e7&oauth_nonce=2dfe87f9c5772aabaaac0a52c0f91dca51823306&oauth_signature=ZP6SB%2BzY3o9YbhVVF0N6WvNYKVTEbA%2F3vvo3m7XQNJc%3D&oauth_signature_method=HMAC-SHA256&oauth_timestamp=1774092146&order=desc&orderby=date&per_page=8&status=publish
[Sat Mar 21 11:22:26 2026] [::1]:59825 Closing
[Sat Mar 21 11:22:28 2026] [::1]:50680 Accepted
[Sat Mar 21 11:22:28 2026] [::1]:50680 [302]: GET /wp-json/wc/v3/products/categories?oauth_consumer_key=ck_3df78f67936a715de1ad0b89a7cb0300150ae2e7&oauth_nonce=82a4af106f5c7fa1d6e74087cecc261036c28636&oauth_signature=TAbO3W74GaS6shhJIVHqwvXU404VdVWPue7UeystdGw%3D&oauth_signature_method=HMAC-SHA256&oauth_timestamp=1774092148&per_page=1&search=%D8%AC%D8%A7%D9%83%D9%8A%D8%AA
[Sat Mar 21 11:22:28 2026] [::1]:50680 Closing
[Sat Mar 21 11:22:28 2026] [::1]:50682 Accepted
[Sat Mar 21 11:22:28 2026] [::1]:50682 [302]: GET /wp-json/wc/v3/products/categories?oauth_consumer_key=ck_3df78f67936a715de1ad0b89a7cb0300150ae2e7&oauth_nonce=4570461d6e5c4b7476952720ff66a0b3f1d2459f&oauth_signature=vLKlqUhknGaSzWIuBplbg2Ccu%2Bq9aOdgwGy%2FcdUCACo%3D&oauth_signature_method=HMAC-SHA256&oauth_timestamp=1774092148&per_page=1&search=%D8%AC%D8%A7%D9%83%D9%8A%D8%AA%D8%A7%D8%AA
[Sat Mar 21 11:22:28 2026] [::1]:50682 Closing
[Sat Mar 21 11:22:28 2026] [::1]:59251 Accepted
[Sat Mar 21 11:22:28 2026] [::1]:59251 [302]: GET /wp-json/wc/v3/products/categories?oauth_consumer_key=ck_3df78f67936a715de1ad0b89a7cb0300150ae2e7&oauth_nonce=2a1a2f8944c13931708573d42f0d7a24b55e70a6&oauth_signature=0AompnpZ4CUU6Td5pdWg1vkMKa4pa2%2BtvMSf1ypIXMQ%3D&oauth_signature_method=HMAC-SHA256&oauth_timestamp=1774092148&per_page=1&search=%D9%85%D9%84%D8%A7%D8%A8%D8%B3+%D8%B5%D9%8A%D9%81%D9%8A%D8%A9
[Sat Mar 21 11:22:28 2026] [::1]:59251 Closing
[Sat Mar 21 11:22:28 2026] [::1]:59253 Accepted
[Sat Mar 21 11:22:29 2026] [::1]:59253 [302]: GET /wp-json/wc/v3/products/categories?oauth_consumer_key=ck_3df78f67936a715de1ad0b89a7cb0300150ae2e7&oauth_nonce=8e8d8617c1605af6d42095c9eb431bd5928c618b&oauth_signature=Y8dBTt99OVQSEiuxYzR7knfw3LeFQEoMRhFh5IKJ1tU%3D&oauth_signature_method=HMAC-SHA256&oauth_timestamp=1774092148&per_page=1&search=%D9%82%D9%85%D8%B5%D8%A7%D9%86
[Sat Mar 21 11:22:29 2026] [::1]:59253 Closing
[Sat Mar 21 11:22:29 2026] [::1]:59255 Accepted
[Sat Mar 21 11:22:29 2026] [::1]:59255 [302]: GET /wp-json/wc/v3/products?featured=1&oauth_consumer_key=ck_3df78f67936a715de1ad0b89a7cb0300150ae2e7&oauth_nonce=36b147792c461afb720ffb609a9a7cc9f396cc99&oauth_signature=d%2FgzdqSxwHxJmMyke8MyL4%2FqN25Z%2Bpiy6yKcHhSQPhk%3D&oauth_signature_method=HMAC-SHA256&oauth_timestamp=1774092149&order=desc&orderby=date&per_page=8&status=publish
[Sat Mar 21 11:22:29 2026] [::1]:59255 Closing
[Sat Mar 21 11:22:32 2026] [::1]:52261 Accepted
[Sat Mar 21 11:22:33 2026] [::1]:52261 [302]: GET /wp-json/wc/v3/products/categories?oauth_consumer_key=ck_3df78f67936a715de1ad0b89a7cb0300150ae2e7&oauth_nonce=8e2f58816ba88a571a4eef875ec39cb93f601bc4&oauth_signature=%2FhwghgB6r4BL149wxckJNVOrQW%2F7JgvSNu9oDuePyFQ%3D&oauth_signature_method=HMAC-SHA256&oauth_timestamp=1774092152&per_page=1&search=%D8%AC%D8%A7%D9%83%D9%8A%D8%AA
[Sat Mar 21 11:22:33 2026] [::1]:52261 Closing
[Sat Mar 21 11:22:33 2026] [::1]:52264 Accepted
[Sat Mar 21 11:22:33 2026] [::1]:52264 [302]: GET /wp-json/wc/v3/products/categories?oauth_consumer_key=ck_3df78f67936a715de1ad0b89a7cb0300150ae2e7&oauth_nonce=8785ee672d27a62092e8cbd1b1d56aa434e0d59e&oauth_signature=GaMJGdaqLEulw66mDLUKn0ojLIfOHTXb7Dv38Y60VNc%3D&oauth_signature_method=HMAC-SHA256&oauth_timestamp=1774092153&per_page=1&search=%D8%AC%D8%A7%D9%83%D9%8A%D8%AA%D8%A7%D8%AA
[Sat Mar 21 11:22:33 2026] [::1]:52264 Closing
[Sat Mar 21 11:22:33 2026] [::1]:56373 Accepted
[Sat Mar 21 11:22:33 2026] [::1]:56373 [302]: GET /wp-json/wc/v3/products/categories?oauth_consumer_key=ck_3df78f67936a715de1ad0b89a7cb0300150ae2e7&oauth_nonce=86760b1cfb19f90383b9eb6fc0ca0f220104fe82&oauth_signature=ly9sYjgUW0sYVTw%2Bz%2FtvmhuHVCbABQT3wLq8dhT%2FC8o%3D&oauth_signature_method=HMAC-SHA256&oauth_timestamp=1774092153&per_page=1&search=%D9%85%D9%84%D8%A7%D8%A8%D8%B3+%D8%B5%D9%8A%D9%81%D9%8A%D8%A9
[Sat Mar 21 11:22:33 2026] [::1]:56373 Closing
[Sat Mar 21 11:22:33 2026] [::1]:56375 Accepted
[Sat Mar 21 11:22:33 2026] [::1]:56375 [302]: GET /wp-json/wc/v3/products/categories?oauth_consumer_key=ck_3df78f67936a715de1ad0b89a7cb0300150ae2e7&oauth_nonce=cc3c1072791836a204b5898588edeb836d088f5e&oauth_signature=hjs7G7Mum%2BZXrW9z3XYIVBEOXMksJQqS34DkNAD%2BmiU%3D&oauth_signature_method=HMAC-SHA256&oauth_timestamp=1774092153&per_page=1&search=%D9%82%D9%85%D8%B5%D8%A7%D9%86
[Sat Mar 21 11:22:33 2026] [::1]:56375 Closing
[Sat Mar 21 11:22:33 2026] [::1]:56377 Accepted
[Sat Mar 21 11:22:33 2026] [::1]:56377 [302]: GET /wp-json/wc/v3/products?featured=1&oauth_consumer_key=ck_3df78f67936a715de1ad0b89a7cb0300150ae2e7&oauth_nonce=1075a748d7f4bab87e706544428b9e2d5e48a208&oauth_signature=Gj%2FWxZGp%2Bj3Qb%2FpiK9um3FuGvLt9U362V9uSl506Tww%3D&oauth_signature_method=HMAC-SHA256&oauth_timestamp=1774092153&order=desc&orderby=date&per_page=8&status=publish
[Sat Mar 21 11:22:33 2026] [::1]:56377 Closing
[Sat Mar 21 11:22:44 2026] [::1]:61746 Accepted
[Sat Mar 21 11:22:44 2026] [::1]:61746 [302]: GET /wp-json/wc/v3/products/categories?hide_empty=1&oauth_consumer_key=ck_3df78f67936a715de1ad0b89a7cb0300150ae2e7&oauth_nonce=2c8be91fcec91520640297aee9e327d3fddac9fe&oauth_signature=ZXiGRpMFvsoTbkKJLia3zgDlcs390l%2FuRsw5sZv0qeo%3D&oauth_signature_method=HMAC-SHA256&oauth_timestamp=1774092164&per_page=100
[Sat Mar 21 11:22:44 2026] [::1]:61746 Closing
[Sat Mar 21 11:22:45 2026] [::1]:51622 Accepted
[Sat Mar 21 11:22:45 2026] [::1]:51622 [302]: GET /wp-json/wc/v3/products?oauth_consumer_key=ck_3df78f67936a715de1ad0b89a7cb0300150ae2e7&oauth_nonce=58d9b34d7cc04bfd966068df885e404bd104ce40&oauth_signature=oIcVQUgdsMJzv8wxCs9TIxa5XYs4IF0Ig5EhOz9LiMI%3D&oauth_signature_method=HMAC-SHA256&oauth_timestamp=1774092165&per_page=1&status=publish
[Sat Mar 21 11:22:45 2026] [::1]:51622 Closing
[Sat Mar 21 11:22:51 2026] [::1]:60342 Accepted
[Sat Mar 21 11:22:52 2026] [::1]:60342 [302]: GET /wp-json/wc/v3/products/categories?oauth_consumer_key=ck_3df78f67936a715de1ad0b89a7cb0300150ae2e7&oauth_nonce=dcc976e08da936be2556d77f274b35c9f929f003&oauth_signature=eKsf1KXnvTtnjSt%2FUEBEh4IHf9b%2F5zfsHFS2n1THL40%3D&oauth_signature_method=HMAC-SHA256&oauth_timestamp=1774092171&per_page=1&search=%D8%AC%D8%A7%D9%83%D9%8A%D8%AA
[Sat Mar 21 11:22:52 2026] [::1]:60342 Closing
[Sat Mar 21 11:22:52 2026] [::1]:60344 Accepted
[Sat Mar 21 11:22:52 2026] [::1]:60344 [302]: GET /wp-json/wc/v3/products/categories?oauth_consumer_key=ck_3df78f67936a715de1ad0b89a7cb0300150ae2e7&oauth_nonce=448481e6f4a9e27269b2db2a73a3bc856f7ee9b9&oauth_signature=%2BN1fEVBnmd6R2H8HQRmXBxSx2tRHHp%2B8snpFt6I7sFQ%3D&oauth_signature_method=HMAC-SHA256&oauth_timestamp=1774092172&per_page=1&search=%D8%AC%D8%A7%D9%83%D9%8A%D8%AA%D8%A7%D8%AA
[Sat Mar 21 11:22:52 2026] [::1]:60344 Closing
[Sat Mar 21 11:22:52 2026] [::1]:60346 Accepted
[Sat Mar 21 11:22:52 2026] [::1]:60346 [302]: GET /wp-json/wc/v3/products/categories?oauth_consumer_key=ck_3df78f67936a715de1ad0b89a7cb0300150ae2e7&oauth_nonce=b8428afc74cd4ba91171a27eb33a154c6046d7ee&oauth_signature=pBqVbS4jAG2cV%2BBelEPlHXgoieLAz3y%2BsUaY6ZydzoQ%3D&oauth_signature_method=HMAC-SHA256&oauth_timestamp=1774092172&per_page=1&search=%D9%85%D9%84%D8%A7%D8%A8%D8%B3+%D8%B5%D9%8A%D9%81%D9%8A%D8%A9
[Sat Mar 21 11:22:52 2026] [::1]:60346 Closing
[Sat Mar 21 11:22:52 2026] [::1]:60348 Accepted
[Sat Mar 21 11:22:52 2026] [::1]:60348 [302]: GET /wp-json/wc/v3/products/categories?oauth_consumer_key=ck_3df78f67936a715de1ad0b89a7cb0300150ae2e7&oauth_nonce=424fd151f7ae5d5b23b69a96d3495ca956d53831&oauth_signature=OJhUiTu5kyxSsk2YxGRG3XvNz%2Ff6ATAZNqNy1x6Jyrw%3D&oauth_signature_method=HMAC-SHA256&oauth_timestamp=1774092172&per_page=1&search=%D9%82%D9%85%D8%B5%D8%A7%D9%86
[Sat Mar 21 11:22:52 2026] [::1]:60348 Closing
[Sat Mar 21 11:22:52 2026] [::1]:60350 Accepted
[Sat Mar 21 11:22:52 2026] [::1]:60350 [302]: GET /wp-json/wc/v3/products?featured=1&oauth_consumer_key=ck_3df78f67936a715de1ad0b89a7cb0300150ae2e7&oauth_nonce=8d31ce110338895733e58882c3c4c0b0429ec89b&oauth_signature=l6hCI5fAB%2FkAy%2FHrTXwEL9XPxRTXJyucWKEBx7SDEFo%3D&oauth_signature_method=HMAC-SHA256&oauth_timestamp=1774092172&order=desc&orderby=date&per_page=8&status=publish
[Sat Mar 21 11:22:52 2026] [::1]:60350 Closing
[Sat Mar 21 11:23:02 2026] [::1]:54770 Accepted
[Sat Mar 21 11:23:02 2026] [::1]:54770 [302]: GET /wp-json/wc/v3/products/categories?oauth_consumer_key=ck_3df78f67936a715de1ad0b89a7cb0300150ae2e7&oauth_nonce=ba50c1a568676eb075b3240487158f88eec3dfad&oauth_signature=iJTQ5%2BPhwoOrqZWt9ls%2FcdHazDd4DFToeFkzrDJv7wo%3D&oauth_signature_method=HMAC-SHA256&oauth_timestamp=1774092182&per_page=1&search=%D8%AC%D8%A7%D9%83%D9%8A%D8%AA
[Sat Mar 21 11:23:02 2026] [::1]:54770 Closing
[Sat Mar 21 11:23:02 2026] [::1]:54772 Accepted
[Sat Mar 21 11:23:02 2026] [::1]:54772 [302]: GET /wp-json/wc/v3/products/categories?oauth_consumer_key=ck_3df78f67936a715de1ad0b89a7cb0300150ae2e7&oauth_nonce=121685d7f7a0b448cc0d3e17a0305c2260af253e&oauth_signature=ND95LWzYEPzRWKVkxydfIa9KUMJoRgExPNK2w%2FIq%2Fdo%3D&oauth_signature_method=HMAC-SHA256&oauth_timestamp=1774092182&per_page=1&search=%D8%AC%D8%A7%D9%83%D9%8A%D8%AA%D8%A7%D8%AA
[Sat Mar 21 11:23:02 2026] [::1]:54772 Closing
[Sat Mar 21 11:23:02 2026] [::1]:54774 Accepted
[Sat Mar 21 11:23:02 2026] [::1]:54774 [302]: GET /wp-json/wc/v3/products/categories?oauth_consumer_key=ck_3df78f67936a715de1ad0b89a7cb0300150ae2e7&oauth_nonce=4137e79dda61361680847e709c87ae05ffe4ef00&oauth_signature=T1Nkb4klHjeokkuR47juX3sJfyJkSyP8tUqGBIR%2Bw6k%3D&oauth_signature_method=HMAC-SHA256&oauth_timestamp=1774092182&per_page=1&search=%D9%85%D9%84%D8%A7%D8%A8%D8%B3+%D8%B5%D9%8A%D9%81%D9%8A%D8%A9
[Sat Mar 21 11:23:02 2026] [::1]:54774 Closing
[Sat Mar 21 11:23:02 2026] [::1]:54776 Accepted
[Sat Mar 21 11:23:02 2026] [::1]:54776 [302]: GET /wp-json/wc/v3/products/categories?oauth_consumer_key=ck_3df78f67936a715de1ad0b89a7cb0300150ae2e7&oauth_nonce=cc61aa11bf66814da4191eb389b54ec5213497da&oauth_signature=LryRuflk716H4DJKrLo6LAs35kLIx6Fmt4lAIjG%2BKjI%3D&oauth_signature_method=HMAC-SHA256&oauth_timestamp=1774092182&per_page=1&search=%D9%82%D9%85%D8%B5%D8%A7%D9%86
[Sat Mar 21 11:23:02 2026] [::1]:54776 Closing
[Sat Mar 21 11:23:02 2026] [::1]:54778 Accepted
[Sat Mar 21 11:23:03 2026] [::1]:54778 [302]: GET /wp-json/wc/v3/products?featured=1&oauth_consumer_key=ck_3df78f67936a715de1ad0b89a7cb0300150ae2e7&oauth_nonce=7c0133569ed16dba284184a741f9143e948e5da6&oauth_signature=XGPY%2FWgintWdFZbVcSZHrgiV49zcRBcTXSlfZyRPLQo%3D&oauth_signature_method=HMAC-SHA256&oauth_timestamp=1774092182&order=desc&orderby=date&per_page=8&status=publish
[Sat Mar 21 11:23:03 2026] [::1]:54778 Closing
[Sat Mar 21 11:25:11 2026] [::1]:53940 Accepted
[Sat Mar 21 11:25:11 2026] [::1]:53940 [302]: GET /wp-json/wc/v3/products/categories?oauth_consumer_key=ck_3df78f67936a715de1ad0b89a7cb0300150ae2e7&oauth_nonce=a4b65273c81be63167341c8f124a5574970b3abd&oauth_signature=izevTsC29Dju7fF7Fcx0RYPDm%2BDhuwOA%2BM0v3JSFfvg%3D&oauth_signature_method=HMAC-SHA256&oauth_timestamp=1774092311&per_page=1&search=%D8%AC%D8%A7%D9%83%D9%8A%D8%AA
[Sat Mar 21 11:25:11 2026] [::1]:53940 Closing
[Sat Mar 21 11:25:11 2026] [::1]:53942 Accepted
[Sat Mar 21 11:25:11 2026] [::1]:53942 [302]: GET /wp-json/wc/v3/products/categories?oauth_consumer_key=ck_3df78f67936a715de1ad0b89a7cb0300150ae2e7&oauth_nonce=eb76fb2c362ed10d3692948d32d482417828d192&oauth_signature=ChlTtfoe%2FhcLtBAVU6T6yY7w9chcyfxzTE9gCeVLHOI%3D&oauth_signature_method=HMAC-SHA256&oauth_timestamp=1774092311&per_page=1&search=%D8%AC%D8%A7%D9%83%D9%8A%D8%AA%D8%A7%D8%AA
[Sat Mar 21 11:25:11 2026] [::1]:53942 Closing
[Sat Mar 21 11:25:11 2026] [::1]:53944 Accepted
[Sat Mar 21 11:25:12 2026] [::1]:53944 [302]: GET /wp-json/wc/v3/products/categories?oauth_consumer_key=ck_3df78f67936a715de1ad0b89a7cb0300150ae2e7&oauth_nonce=5210f3cba838321302cac53f8d44312461bcdb43&oauth_signature=E0AsAn2%2BwBWkRUPjEpr%2Fd2TAOktVX7o6MKLEBjUr8O8%3D&oauth_signature_method=HMAC-SHA256&oauth_timestamp=1774092311&per_page=1&search=%D9%85%D9%84%D8%A7%D8%A8%D8%B3+%D8%B5%D9%8A%D9%81%D9%8A%D8%A9
[Sat Mar 21 11:25:12 2026] [::1]:53944 Closing
[Sat Mar 21 11:25:12 2026] [::1]:53946 Accepted
[Sat Mar 21 11:25:12 2026] [::1]:53946 [302]: GET /wp-json/wc/v3/products/categories?oauth_consumer_key=ck_3df78f67936a715de1ad0b89a7cb0300150ae2e7&oauth_nonce=3e01e20ac9c325203bb59ad85636d022ac9eecd6&oauth_signature=ZSHONlLzQ4wloN3%2B9%2FInG%2FW5V5AXDPnB3wPBs6NxEWU%3D&oauth_signature_method=HMAC-SHA256&oauth_timestamp=1774092312&per_page=1&search=%D9%82%D9%85%D8%B5%D8%A7%D9%86
[Sat Mar 21 11:25:12 2026] [::1]:53946 Closing
[Sat Mar 21 11:25:12 2026] [::1]:53948 Accepted
[Sat Mar 21 11:25:12 2026] [::1]:53948 [302]: GET /wp-json/wc/v3/products?featured=1&oauth_consumer_key=ck_3df78f67936a715de1ad0b89a7cb0300150ae2e7&oauth_nonce=36cb46ff955eda1fa00f25633a0aa38dac9c53f2&oauth_signature=kY20JN7SxLt2TawpRwjHjy5zWz9ccc1PLDjtICQIgaQ%3D&oauth_signature_method=HMAC-SHA256&oauth_timestamp=1774092312&order=desc&orderby=date&per_page=8&status=publish
[Sat Mar 21 11:25:12 2026] [::1]:53948 Closing
[Sat Mar 21 11:27:48 2026] [::1]:52938 Accepted
[Sat Mar 21 11:27:49 2026] [::1]:52938 [302]: GET /wp-json/wc/v3/products/categories?oauth_consumer_key=ck_3df78f67936a715de1ad0b89a7cb0300150ae2e7&oauth_nonce=3426559fd2cd8e736125d7e0d374ede0277f60b5&oauth_signature=mvE0Tr1AdMDtE2Hon1N2QFgy9h5ipfpsRAnon7Fa4Do%3D&oauth_signature_method=HMAC-SHA256&oauth_timestamp=1774092468&per_page=1&search=%D8%AC%D8%A7%D9%83%D9%8A%D8%AA
[Sat Mar 21 11:27:49 2026] [::1]:52938 Closing
[Sat Mar 21 11:27:49 2026] [::1]:52940 Accepted
[Sat Mar 21 11:27:49 2026] [::1]:52940 [302]: GET /wp-json/wc/v3/products/categories?oauth_consumer_key=ck_3df78f67936a715de1ad0b89a7cb0300150ae2e7&oauth_nonce=e0d1503db65518b2e65690eae3e90fec1c771247&oauth_signature=5BJdS2V94e2feq6XyeJGcRcWQmEoYOOuBamT56FXxKA%3D&oauth_signature_method=HMAC-SHA256&oauth_timestamp=1774092469&per_page=1&search=%D8%AC%D8%A7%D9%83%D9%8A%D8%AA%D8%A7%D8%AA
[Sat Mar 21 11:27:49 2026] [::1]:52940 Closing
[Sat Mar 21 11:27:49 2026] [::1]:52942 Accepted
[Sat Mar 21 11:27:49 2026] [::1]:52942 [302]: GET /wp-json/wc/v3/products/categories?oauth_consumer_key=ck_3df78f67936a715de1ad0b89a7cb0300150ae2e7&oauth_nonce=cdafb31c31d1836ae7238b1741683d0a974a4039&oauth_signature=toKBJC3V%2FcBCLrnaAsBVs%2BmdOqjq22E8YgkW7BptsO4%3D&oauth_signature_method=HMAC-SHA256&oauth_timestamp=1774092469&per_page=1&search=%D9%85%D9%84%D8%A7%D8%A8%D8%B3+%D8%B5%D9%8A%D9%81%D9%8A%D8%A9
[Sat Mar 21 11:27:49 2026] [::1]:52942 Closing
[Sat Mar 21 11:27:49 2026] [::1]:52944 Accepted
[Sat Mar 21 11:27:50 2026] [::1]:52944 [302]: GET /wp-json/wc/v3/products/categories?oauth_consumer_key=ck_3df78f67936a715de1ad0b89a7cb0300150ae2e7&oauth_nonce=85ba43796045f5a13690313270336b70d6b86e14&oauth_signature=GjvBBPzJF%2B92JrC4pkRrGb9Gfkb%2F9dsxS%2F%2FWkj2BH3g%3D&oauth_signature_method=HMAC-SHA256&oauth_timestamp=1774092469&per_page=1&search=%D9%82%D9%85%D8%B5%D8%A7%D9%86
[Sat Mar 21 11:27:50 2026] [::1]:52944 Closing
[Sat Mar 21 11:27:50 2026] [::1]:63174 Accepted
[Sat Mar 21 11:27:50 2026] [::1]:63174 [302]: GET /wp-json/wc/v3/products?featured=1&oauth_consumer_key=ck_3df78f67936a715de1ad0b89a7cb0300150ae2e7&oauth_nonce=f7adec0007f5b2277058083290e82fe96033e224&oauth_signature=ey5S3qkS%2FrwC%2FqByJaY4%2B3U8HEpaco%2FaDg%2Blxf5vZRo%3D&oauth_signature_method=HMAC-SHA256&oauth_timestamp=1774092470&order=desc&orderby=date&per_page=8&status=publish
[Sat Mar 21 11:27:50 2026] [::1]:63174 Closing
[Sat Mar 21 11:29:48 2026] [::1]:58442 Accepted
[Sat Mar 21 11:29:48 2026] [::1]:58442 [302]: GET /wp-json/wc/v3/products/categories?oauth_consumer_key=ck_3df78f67936a715de1ad0b89a7cb0300150ae2e7&oauth_nonce=14cb150927ac7edd3cc7e7f9290b22bddd7ec637&oauth_signature=uU8z59Z8Rp26MtEDdr9SyGiDZ91WInlfvurhIaPrsVo%3D&oauth_signature_method=HMAC-SHA256&oauth_timestamp=1774092588&per_page=1&search=%D8%AC%D8%A7%D9%83%D9%8A%D8%AA
[Sat Mar 21 11:29:48 2026] [::1]:58442 Closing
[Sat Mar 21 11:29:48 2026] [::1]:58444 Accepted
[Sat Mar 21 11:29:48 2026] [::1]:58444 [302]: GET /wp-json/wc/v3/products/categories?oauth_consumer_key=ck_3df78f67936a715de1ad0b89a7cb0300150ae2e7&oauth_nonce=7adc0e231a0c8b448e12531e71003a57bea0a71a&oauth_signature=Sj%2FpNQk9vmhMOYXgdwiy95nDTIljqa4muj5uORt%2FlSc%3D&oauth_signature_method=HMAC-SHA256&oauth_timestamp=1774092588&per_page=1&search=%D8%AC%D8%A7%D9%83%D9%8A%D8%AA%D8%A7%D8%AA
[Sat Mar 21 11:29:48 2026] [::1]:58444 Closing
[Sat Mar 21 11:29:48 2026] [::1]:58446 Accepted
[Sat Mar 21 11:29:48 2026] [::1]:58446 [302]: GET /wp-json/wc/v3/products/categories?oauth_consumer_key=ck_3df78f67936a715de1ad0b89a7cb0300150ae2e7&oauth_nonce=22182539705a5e6163a2ee673b8a61b434a59a48&oauth_signature=TsvA2q%2FZhkru4K9%2BULBkQCaIWLgpVLkCO3eafOGcHq4%3D&oauth_signature_method=HMAC-SHA256&oauth_timestamp=1774092588&per_page=1&search=%D9%85%D9%84%D8%A7%D8%A8%D8%B3+%D8%B5%D9%8A%D9%81%D9%8A%D8%A9
[Sat Mar 21 11:29:48 2026] [::1]:58446 Closing
[Sat Mar 21 11:29:48 2026] [::1]:58448 Accepted
[Sat Mar 21 11:29:48 2026] [::1]:58448 [302]: GET /wp-json/wc/v3/products/categories?oauth_consumer_key=ck_3df78f67936a715de1ad0b89a7cb0300150ae2e7&oauth_nonce=7383d550725aec3cdb04a1382603aabdb5d77413&oauth_signature=HJ0P1NpOpC7WMDzsOrc64iHHJ0BSGO4o4c%2FegWztS0Q%3D&oauth_signature_method=HMAC-SHA256&oauth_timestamp=1774092588&per_page=1&search=%D9%82%D9%85%D8%B5%D8%A7%D9%86
[Sat Mar 21 11:29:48 2026] [::1]:58448 Closing
[Sat Mar 21 11:29:48 2026] [::1]:55003 Accepted
[Sat Mar 21 11:29:49 2026] [::1]:55003 [302]: GET /wp-json/wc/v3/products?featured=1&oauth_consumer_key=ck_3df78f67936a715de1ad0b89a7cb0300150ae2e7&oauth_nonce=e4b99e36d8db856678e58b813d354d4bf1155faf&oauth_signature=pfIMkDHIbcCPFsCSFYpMQ0EeD%2BmXjcyJCqfeyJQ3Odk%3D&oauth_signature_method=HMAC-SHA256&oauth_timestamp=1774092588&order=desc&orderby=date&per_page=8&status=publish
[Sat Mar 21 11:29:49 2026] [::1]:55003 Closing
[Sat Mar 21 11:29:55 2026] [::1]:58117 Accepted
[Sat Mar 21 11:29:55 2026] [::1]:58117 [302]: GET /wp-json/wc/v3/products/categories?oauth_consumer_key=ck_3df78f67936a715de1ad0b89a7cb0300150ae2e7&oauth_nonce=8049d80c2c16cde731842f8a59429041a475676f&oauth_signature=8TXodLD%2B8aljJHtVVT4HMue6CMAdol7GJPcw2Sjez%2BM%3D&oauth_signature_method=HMAC-SHA256&oauth_timestamp=1774092595&per_page=1&search=%D8%AC%D8%A7%D9%83%D9%8A%D8%AA
[Sat Mar 21 11:29:55 2026] [::1]:58117 Closing
[Sat Mar 21 11:29:55 2026] [::1]:58120 Accepted
[Sat Mar 21 11:29:55 2026] [::1]:58120 [302]: GET /wp-json/wc/v3/products/categories?oauth_consumer_key=ck_3df78f67936a715de1ad0b89a7cb0300150ae2e7&oauth_nonce=f25190936b1bff4494697a6b740beb79f37ff7e4&oauth_signature=LnZ1xBq6chFEoD602ftFqY%2BZS%2BgW67SHUklsk%2BYbG5c%3D&oauth_signature_method=HMAC-SHA256&oauth_timestamp=1774092595&per_page=1&search=%D8%AC%D8%A7%D9%83%D9%8A%D8%AA%D8%A7%D8%AA
[Sat Mar 21 11:29:55 2026] [::1]:58120 Closing
[Sat Mar 21 11:29:55 2026] [::1]:58122 Accepted
[Sat Mar 21 11:29:55 2026] [::1]:58122 [302]: GET /wp-json/wc/v3/products/categories?oauth_consumer_key=ck_3df78f67936a715de1ad0b89a7cb0300150ae2e7&oauth_nonce=5f7d0ccf55dd3d905d96a6914cd6e8be908e71fa&oauth_signature=zOQnvpUbbt6s%2Fnq8g635XAnBZHwaW7ilcpRVl5%2FA4pI%3D&oauth_signature_method=HMAC-SHA256&oauth_timestamp=1774092595&per_page=1&search=%D9%85%D9%84%D8%A7%D8%A8%D8%B3+%D8%B5%D9%8A%D9%81%D9%8A%D8%A9
[Sat Mar 21 11:29:55 2026] [::1]:58122 Closing
[Sat Mar 21 11:29:55 2026] [::1]:58124 Accepted
[Sat Mar 21 11:29:56 2026] [::1]:58124 [302]: GET /wp-json/wc/v3/products/categories?oauth_consumer_key=ck_3df78f67936a715de1ad0b89a7cb0300150ae2e7&oauth_nonce=b29e79dce3670a337eb68c739e9c9b9695d95561&oauth_signature=BMEi2J1Rlll8jh8VNeOkK77VtF7TXrcpQM5Xpba1iEk%3D&oauth_signature_method=HMAC-SHA256&oauth_timestamp=1774092595&per_page=1&search=%D9%82%D9%85%D8%B5%D8%A7%D9%86
[Sat Mar 21 11:29:56 2026] [::1]:58124 Closing
[Sat Mar 21 11:29:56 2026] [::1]:62530 Accepted
[Sat Mar 21 11:29:56 2026] [::1]:62530 [302]: GET /wp-json/wc/v3/products?featured=1&oauth_consumer_key=ck_3df78f67936a715de1ad0b89a7cb0300150ae2e7&oauth_nonce=dace7ef46ebef9fd0fab7c968e9bc32f0edb556d&oauth_signature=LASAZO3s8xXkVCxK1Ay6lHsWzk%2B7R7mfeUesD%2FL8Q8c%3D&oauth_signature_method=HMAC-SHA256&oauth_timestamp=1774092596&order=desc&orderby=date&per_page=8&status=publish
[Sat Mar 21 11:29:56 2026] [::1]:62530 Closing
[Sat Mar 21 11:29:57 2026] [::1]:59761 Accepted
[Sat Mar 21 11:29:57 2026] [::1]:59761 [302]: GET /wp-json/wc/v3/products/categories?oauth_consumer_key=ck_3df78f67936a715de1ad0b89a7cb0300150ae2e7&oauth_nonce=00b63175ae7cc147a4a86c0b6d7015501b356917&oauth_signature=NbRqMxTozsy0kv2p%2FQPNfwirdQSSEiI8tbbB3U9i70A%3D&oauth_signature_method=HMAC-SHA256&oauth_timestamp=1774092597&per_page=1&search=%D8%AC%D8%A7%D9%83%D9%8A%D8%AA
[Sat Mar 21 11:29:57 2026] [::1]:59761 Closing
[Sat Mar 21 11:29:57 2026] [::1]:59763 Accepted
[Sat Mar 21 11:29:57 2026] [::1]:59763 [302]: GET /wp-json/wc/v3/products/categories?oauth_consumer_key=ck_3df78f67936a715de1ad0b89a7cb0300150ae2e7&oauth_nonce=c5ec4dcd1b70d6965f7fc7063c830cbd24e1bec9&oauth_signature=JlcoHqE8zQxsL8YrCJrc5fX7txOFv04hXazODte2qXU%3D&oauth_signature_method=HMAC-SHA256&oauth_timestamp=1774092597&per_page=1&search=%D8%AC%D8%A7%D9%83%D9%8A%D8%AA%D8%A7%D8%AA
[Sat Mar 21 11:29:57 2026] [::1]:59763 Closing
[Sat Mar 21 11:29:57 2026] [::1]:59765 Accepted
[Sat Mar 21 11:29:57 2026] [::1]:59765 [302]: GET /wp-json/wc/v3/products/categories?oauth_consumer_key=ck_3df78f67936a715de1ad0b89a7cb0300150ae2e7&oauth_nonce=3554753fc143cde3fd1eb49c8a50ff3df7037888&oauth_signature=2jVBrYjeMVdZXbWRP%2BG0gx5CO5im0CS9d04%2FWCB1Dg0%3D&oauth_signature_method=HMAC-SHA256&oauth_timestamp=1774092597&per_page=1&search=%D9%85%D9%84%D8%A7%D8%A8%D8%B3+%D8%B5%D9%8A%D9%81%D9%8A%D8%A9
[Sat Mar 21 11:29:57 2026] [::1]:59765 Closing
[Sat Mar 21 11:29:57 2026] [::1]:59767 Accepted
[Sat Mar 21 11:29:57 2026] [::1]:59767 [302]: GET /wp-json/wc/v3/products/categories?oauth_consumer_key=ck_3df78f67936a715de1ad0b89a7cb0300150ae2e7&oauth_nonce=3d72d8f328c1ee33a0249c51d133a839961d3f2a&oauth_signature=txktF%2FNhazbjq3mJKyAdNdKuPBtGx72R%2F4tyDMMD0Bw%3D&oauth_signature_method=HMAC-SHA256&oauth_timestamp=1774092597&per_page=1&search=%D9%82%D9%85%D8%B5%D8%A7%D9%86
[Sat Mar 21 11:29:57 2026] [::1]:59767 Closing
[Sat Mar 21 11:29:57 2026] [::1]:59769 Accepted
[Sat Mar 21 11:29:58 2026] [::1]:59769 [302]: GET /wp-json/wc/v3/products?featured=1&oauth_consumer_key=ck_3df78f67936a715de1ad0b89a7cb0300150ae2e7&oauth_nonce=d121322b31a0d17ee0e038fc6db5559b8114b761&oauth_signature=CsZohdhlDLXqOxQCFQzjBh1InC%2Fi2JJqtgJsaJkcjxc%3D&oauth_signature_method=HMAC-SHA256&oauth_timestamp=1774092597&order=desc&orderby=date&per_page=8&status=publish
[Sat Mar 21 11:29:58 2026] [::1]:59769 Closing
[Sat Mar 21 11:30:02 2026] [::1]:54053 Accepted
[Sat Mar 21 11:30:02 2026] [::1]:54053 [302]: GET /wp-json/wc/v3/products/categories?oauth_consumer_key=ck_3df78f67936a715de1ad0b89a7cb0300150ae2e7&oauth_nonce=625c6559a177858bdd9701c63eb175536adc6601&oauth_signature=mqWeftm%2FjLbR107xqWRcRPPJLAjQyd9xkSXK9qsFMVs%3D&oauth_signature_method=HMAC-SHA256&oauth_timestamp=1774092602&per_page=1&search=%D8%AC%D8%A7%D9%83%D9%8A%D8%AA
[Sat Mar 21 11:30:02 2026] [::1]:54053 Closing
[Sat Mar 21 11:30:02 2026] [::1]:54055 Accepted
[Sat Mar 21 11:30:02 2026] [::1]:54055 [302]: GET /wp-json/wc/v3/products/categories?oauth_consumer_key=ck_3df78f67936a715de1ad0b89a7cb0300150ae2e7&oauth_nonce=1a9ab4d16df0931bbfe4b606967e1a82207b0f85&oauth_signature=3aTOQS7CGil9Uak29CHZ0%2BYjuhd3itTq3gJlSvfnUas%3D&oauth_signature_method=HMAC-SHA256&oauth_timestamp=1774092602&per_page=1&search=%D8%AC%D8%A7%D9%83%D9%8A%D8%AA%D8%A7%D8%AA
[Sat Mar 21 11:30:02 2026] [::1]:54055 Closing
[Sat Mar 21 11:30:02 2026] [::1]:54057 Accepted
[Sat Mar 21 11:30:02 2026] [::1]:54057 [302]: GET /wp-json/wc/v3/products/categories?oauth_consumer_key=ck_3df78f67936a715de1ad0b89a7cb0300150ae2e7&oauth_nonce=6bd893492e4da610ee301d07c39b36ec38cc1345&oauth_signature=rWlBdWZg9RWyaEEGbQlRyrsew%2FKNSf8Q%2B4oPUXuUPwo%3D&oauth_signature_method=HMAC-SHA256&oauth_timestamp=1774092602&per_page=1&search=%D9%85%D9%84%D8%A7%D8%A8%D8%B3+%D8%B5%D9%8A%D9%81%D9%8A%D8%A9
[Sat Mar 21 11:30:02 2026] [::1]:54057 Closing
[Sat Mar 21 11:30:02 2026] [::1]:54059 Accepted
[Sat Mar 21 11:30:02 2026] [::1]:54059 [302]: GET /wp-json/wc/v3/products/categories?oauth_consumer_key=ck_3df78f67936a715de1ad0b89a7cb0300150ae2e7&oauth_nonce=24e29d0bf4d89ffb3dc88cfefd7d61c4f8396ee8&oauth_signature=0%2BwufyT9G0Mq28ANQrvLGWgrvpvLcVycJdB5u7XCvsc%3D&oauth_signature_method=HMAC-SHA256&oauth_timestamp=1774092602&per_page=1&search=%D9%82%D9%85%D8%B5%D8%A7%D9%86
[Sat Mar 21 11:30:02 2026] [::1]:54059 Closing
[Sat Mar 21 11:30:02 2026] [::1]:54061 Accepted
[Sat Mar 21 11:30:03 2026] [::1]:54061 [302]: GET /wp-json/wc/v3/products?featured=1&oauth_consumer_key=ck_3df78f67936a715de1ad0b89a7cb0300150ae2e7&oauth_nonce=b3e08b7e5907cb54030a793db5de13f13f8ed388&oauth_signature=vd7uyJXKt9ww3sCvdJt9y13fKtsU7KtWx5aONg6DWTA%3D&oauth_signature_method=HMAC-SHA256&oauth_timestamp=1774092602&order=desc&orderby=date&per_page=8&status=publish
[Sat Mar 21 11:30:03 2026] [::1]:54061 Closing
[Sat Mar 21 11:31:04 2026] [::1]:53179 Accepted
[Sat Mar 21 11:31:04 2026] [::1]:53179 [302]: GET /wp-json/wc/v3/products/categories?hide_empty=1&oauth_consumer_key=ck_3df78f67936a715de1ad0b89a7cb0300150ae2e7&oauth_nonce=dfd0b2b2999a8cfbe96a84aa4a5b8517b10da5d1&oauth_signature=kfffEgXTO%2BWp7DswE8DgyO8%2BSsqK9rwj60Jrr0td824%3D&oauth_signature_method=HMAC-SHA256&oauth_timestamp=1774092664&per_page=100
[Sat Mar 21 11:31:04 2026] [::1]:53179 Closing
[Sat Mar 21 11:31:05 2026] [::1]:57157 Accepted
[Sat Mar 21 11:31:05 2026] [::1]:57157 [302]: GET /wp-json/wc/v3/products?oauth_consumer_key=ck_3df78f67936a715de1ad0b89a7cb0300150ae2e7&oauth_nonce=8633015e407c40bc0d225403bdce16af85ced98a&oauth_signature=KkVMdxMM5mrc%2BKO1jLDwIrdu6%2BNTBbP6zf8uaXt4Bcg%3D&oauth_signature_method=HMAC-SHA256&oauth_timestamp=1774092665&per_page=1&status=publish
[Sat Mar 21 11:31:05 2026] [::1]:57157 Closing
[Sat Mar 21 11:31:23 2026] [::1]:62410 Accepted
[Sat Mar 21 11:31:24 2026] [::1]:62410 [302]: GET /wp-json/wc/v3/products/categories?oauth_consumer_key=ck_3df78f67936a715de1ad0b89a7cb0300150ae2e7&oauth_nonce=ad50fd771343bb08279aa40efe8a204cbcd6ccef&oauth_signature=RjoolpvFhvN4T6nrWCN5Uyz%2FeqM36GwqUYi%2FvuY9nzA%3D&oauth_signature_method=HMAC-SHA256&oauth_timestamp=1774092683&per_page=1&search=%D8%AC%D8%A7%D9%83%D9%8A%D8%AA
[Sat Mar 21 11:31:24 2026] [::1]:62410 Closing
[Sat Mar 21 11:31:24 2026] [::1]:62412 Accepted
[Sat Mar 21 11:31:24 2026] [::1]:62412 [302]: GET /wp-json/wc/v3/products/categories?oauth_consumer_key=ck_3df78f67936a715de1ad0b89a7cb0300150ae2e7&oauth_nonce=58f54f102312518d5bf112c38de0902b6f750ac8&oauth_signature=WIkdl%2BbtcYQIs1L1%2B3MNPGUOHWvJz61L84VdsWv6ThU%3D&oauth_signature_method=HMAC-SHA256&oauth_timestamp=1774092684&per_page=1&search=%D8%AC%D8%A7%D9%83%D9%8A%D8%AA%D8%A7%D8%AA
[Sat Mar 21 11:31:24 2026] [::1]:62412 Closing
[Sat Mar 21 11:31:24 2026] [::1]:62414 Accepted
[Sat Mar 21 11:31:24 2026] [::1]:62414 [302]: GET /wp-json/wc/v3/products/categories?oauth_consumer_key=ck_3df78f67936a715de1ad0b89a7cb0300150ae2e7&oauth_nonce=750366b557e6425bb6a13c37a1982e19240a8612&oauth_signature=5%2F3P4bSbFrnXsQCjoi%2FAXu4hTfIefdhIvZGgijHIGrQ%3D&oauth_signature_method=HMAC-SHA256&oauth_timestamp=1774092684&per_page=1&search=%D9%85%D9%84%D8%A7%D8%A8%D8%B3+%D8%B5%D9%8A%D9%81%D9%8A%D8%A9
[Sat Mar 21 11:31:24 2026] [::1]:62414 Closing
[Sat Mar 21 11:31:24 2026] [::1]:62416 Accepted
[Sat Mar 21 11:31:24 2026] [::1]:62416 [302]: GET /wp-json/wc/v3/products/categories?oauth_consumer_key=ck_3df78f67936a715de1ad0b89a7cb0300150ae2e7&oauth_nonce=75fa3afeda9ecaf3c949f679a1cdb0c0c5f0991e&oauth_signature=rYbRlhgzh33MOtc2SKa%2Ffj0XsbgyOigv2XMjOtzx23s%3D&oauth_signature_method=HMAC-SHA256&oauth_timestamp=1774092684&per_page=1&search=%D9%82%D9%85%D8%B5%D8%A7%D9%86
[Sat Mar 21 11:31:24 2026] [::1]:62416 Closing
[Sat Mar 21 11:31:24 2026] [::1]:56752 Accepted
[Sat Mar 21 11:31:24 2026] [::1]:56752 [302]: GET /wp-json/wc/v3/products?featured=1&oauth_consumer_key=ck_3df78f67936a715de1ad0b89a7cb0300150ae2e7&oauth_nonce=f60db9e32dd5e6c708236e99b1e3bfb9c4272b7d&oauth_signature=ZMFnC%2F4%2FVu78K53ca5efPpFwa96AytiiFYYZYKuAGig%3D&oauth_signature_method=HMAC-SHA256&oauth_timestamp=1774092684&order=desc&orderby=date&per_page=8&status=publish
[Sat Mar 21 11:31:24 2026] [::1]:56752 Closing
[Sat Mar 21 11:31:26 2026] [::1]:62416 Accepted
[Sat Mar 21 11:31:26 2026] [::1]:62416 [302]: GET /wp-json/wc/v3/products/categories?hide_empty=1&oauth_consumer_key=ck_3df78f67936a715de1ad0b89a7cb0300150ae2e7&oauth_nonce=f5ff00d5904b6707fb4c25bf6e8baf5a4644ebbb&oauth_signature=ew%2Bb%2BeYi7K7XdGY4zz%2FTTmyrP6qwVvLxldjKQQKNWJs%3D&oauth_signature_method=HMAC-SHA256&oauth_timestamp=1774092686&per_page=100
[Sat Mar 21 11:31:26 2026] [::1]:62416 Closing
[Sat Mar 21 11:31:26 2026] [::1]:52712 Accepted
[Sat Mar 21 11:31:26 2026] [::1]:52712 [302]: GET /wp-json/wc/v3/products/categories?hide_empty=1&oauth_consumer_key=ck_3df78f67936a715de1ad0b89a7cb0300150ae2e7&oauth_nonce=6ce2f6afa76dafa8c1316e1b15c84b2ff35dc7a2&oauth_signature=En6Esn2nJ6YG0whQ4z9AnC45SAJykO0IhIJozUKr50g%3D&oauth_signature_method=HMAC-SHA256&oauth_timestamp=1774092686&per_page=100
[Sat Mar 21 11:31:26 2026] [::1]:52712 Closing
[Sat Mar 21 11:31:27 2026] [::1]:62699 Accepted
[Sat Mar 21 11:31:27 2026] [::1]:62699 [302]: GET /wp-json/wc/v3/products?oauth_consumer_key=ck_3df78f67936a715de1ad0b89a7cb0300150ae2e7&oauth_nonce=ed1bcc42ebaea1567ead2a164cf8c569d0106f6a&oauth_signature=oMFfFrPV9Jmm3BgRwhrfygSEkPHCfllVIqyESV7t%2FrM%3D&oauth_signature_method=HMAC-SHA256&oauth_timestamp=1774092687&per_page=1&status=publish
[Sat Mar 21 11:31:27 2026] [::1]:62699 Closing
[Sat Mar 21 11:31:27 2026] [::1]:58469 Accepted
[Sat Mar 21 11:31:27 2026] [::1]:58469 [302]: GET /wp-json/wc/v3/products/categories?hide_empty=1&oauth_consumer_key=ck_3df78f67936a715de1ad0b89a7cb0300150ae2e7&oauth_nonce=5d3539be023461dfc238768dd2de1994f17cf5c5&oauth_signature=2%2BTpivr6AZodCPgypkbK4z2wBayv03C2XMOJau%2B%2FsDw%3D&oauth_signature_method=HMAC-SHA256&oauth_timestamp=1774092687&per_page=100
[Sat Mar 21 11:31:27 2026] [::1]:58469 Closing
[Sat Mar 21 11:31:28 2026] [::1]:49674 Accepted
[Sat Mar 21 11:31:28 2026] [::1]:49674 [302]: GET /wp-json/wc/v3/products?oauth_consumer_key=ck_3df78f67936a715de1ad0b89a7cb0300150ae2e7&oauth_nonce=917aee970f6882d6e9c6794ff4c9e339a7b2540c&oauth_signature=byiuF6OnjidWSCeaB3%2FW17g6RP85HyXlQKCRKbYYcLA%3D&oauth_signature_method=HMAC-SHA256&oauth_timestamp=1774092688&per_page=1&status=publish
[Sat Mar 21 11:31:28 2026] [::1]:49674 Closing
[Sat Mar 21 11:43:21 2026] [::1]:64840 Accepted
[Sat Mar 21 11:43:22 2026] [::1]:64840 [302]: GET /wp-json/wc/v3/products/categories?hide_empty=1&oauth_consumer_key=ck_3df78f67936a715de1ad0b89a7cb0300150ae2e7&oauth_nonce=5a09ef6f8f3594ea56fcb33a8604e5237e490440&oauth_signature=2ADUB56kNODzIzAS6a35XLjltm2rBQfWDy7p15mtWRM%3D&oauth_signature_method=HMAC-SHA256&oauth_timestamp=1774093401&per_page=100
[Sat Mar 21 11:43:22 2026] [::1]:64840 Closing
[Sat Mar 21 11:43:22 2026] [::1]:61920 Accepted
[Sat Mar 21 11:43:23 2026] [::1]:61920 [302]: GET /wp-json/wc/v3/products?oauth_consumer_key=ck_3df78f67936a715de1ad0b89a7cb0300150ae2e7&oauth_nonce=90eddf62e54afdf64bcf9a1172c0d8102a603cfd&oauth_signature=7hUDdiLMdH7TJNCmnUw5QXPaFv7KYr2cS7urfM9BE0A%3D&oauth_signature_method=HMAC-SHA256&oauth_timestamp=1774093402&per_page=1&status=publish
[Sat Mar 21 11:43:23 2026] [::1]:61920 Closing
[Sat Mar 21 11:46:25 2026] [::1]:50147 Accepted
[Sat Mar 21 11:46:25 2026] [::1]:50147 [302]: GET /wp-json/wc/v3/products/categories?hide_empty=1&oauth_consumer_key=ck_3df78f67936a715de1ad0b89a7cb0300150ae2e7&oauth_nonce=63e6f65894965a9115657bb857559b5a7fa75034&oauth_signature=QNk2mcvlIckFe63iJ5XjPwgbCKK5rIP3riNg71mIvsA%3D&oauth_signature_method=HMAC-SHA256&oauth_timestamp=1774093585&per_page=100
[Sat Mar 21 11:46:25 2026] [::1]:50147 Closing
[Sat Mar 21 11:46:26 2026] [::1]:63190 Accepted
[Sat Mar 21 11:46:26 2026] [::1]:63190 [302]: GET /wp-json/wc/v3/products?oauth_consumer_key=ck_3df78f67936a715de1ad0b89a7cb0300150ae2e7&oauth_nonce=e8baac0abfc4948a39df29a78fbcdd6b3dc108f9&oauth_signature=mZHrjx3MDzHYI2su8XAXFLKnzFqnH8DJcvM2WLPChmE%3D&oauth_signature_method=HMAC-SHA256&oauth_timestamp=1774093586&per_page=1&status=publish
[Sat Mar 21 11:46:26 2026] [::1]:63190 Closing
[Sat Mar 21 11:52:21 2026] [::1]:58948 Accepted
[Sat Mar 21 11:52:21 2026] [::1]:58948 [302]: GET /wp-json/wc/v3/products/categories?oauth_consumer_key=ck_3df78f67936a715de1ad0b89a7cb0300150ae2e7&oauth_nonce=efeb745fb322298b94009f4a2a981ef0e17a077d&oauth_signature=UdD3yUf8UlDHsvzzKiH7l5Azg1XUDq5nYsTKrNyTaHg%3D&oauth_signature_method=HMAC-SHA256&oauth_timestamp=1774093941&per_page=1&search=%D8%AC%D8%A7%D9%83%D9%8A%D8%AA
[Sat Mar 21 11:52:21 2026] [::1]:58948 Closing
[Sat Mar 21 11:52:21 2026] [::1]:64268 Accepted
[Sat Mar 21 11:52:21 2026] [::1]:64268 [302]: GET /wp-json/wc/v3/products/categories?oauth_consumer_key=ck_3df78f67936a715de1ad0b89a7cb0300150ae2e7&oauth_nonce=37d4e9ef81c0c5d80928d52acf1bac70c74a147b&oauth_signature=YDtoE3fCkCJXngyFHnmG0MMvpZuj6beS%2Fb20sOwNIxc%3D&oauth_signature_method=HMAC-SHA256&oauth_timestamp=1774093941&per_page=1&search=%D8%AC%D8%A7%D9%83%D9%8A%D8%AA%D8%A7%D8%AA
[Sat Mar 21 11:52:21 2026] [::1]:64268 Closing
[Sat Mar 21 11:52:21 2026] [::1]:64270 Accepted
[Sat Mar 21 11:52:21 2026] [::1]:64270 [302]: GET /wp-json/wc/v3/products/categories?oauth_consumer_key=ck_3df78f67936a715de1ad0b89a7cb0300150ae2e7&oauth_nonce=d8ebe8304f588e8ed6cafe0f63511dd93b4ab835&oauth_signature=s9NJXlMCrU13CI%2FO6SfSXYodpL45IEPZZOJaNOtcah4%3D&oauth_signature_method=HMAC-SHA256&oauth_timestamp=1774093941&per_page=1&search=%D9%85%D9%84%D8%A7%D8%A8%D8%B3+%D8%B5%D9%8A%D9%81%D9%8A%D8%A9
[Sat Mar 21 11:52:21 2026] [::1]:64270 Closing
[Sat Mar 21 11:52:21 2026] [::1]:64272 Accepted
[Sat Mar 21 11:52:21 2026] [::1]:64272 [302]: GET /wp-json/wc/v3/products/categories?oauth_consumer_key=ck_3df78f67936a715de1ad0b89a7cb0300150ae2e7&oauth_nonce=b815dc2e5c234b11bd8697b2d8c0c707240c0798&oauth_signature=F0tqpcKNyIXBzwLS7XYrPMR39XJvsIq7b6BfGO1IIS0%3D&oauth_signature_method=HMAC-SHA256&oauth_timestamp=1774093941&per_page=1&search=%D9%82%D9%85%D8%B5%D8%A7%D9%86
[Sat Mar 21 11:52:21 2026] [::1]:64272 Closing
[Sat Mar 21 11:52:21 2026] [::1]:64274 Accepted
[Sat Mar 21 11:52:22 2026] [::1]:64274 [302]: GET /wp-json/wc/v3/products?featured=1&oauth_consumer_key=ck_3df78f67936a715de1ad0b89a7cb0300150ae2e7&oauth_nonce=835b387df73bef525b89bfd8c429f3a76a2f2c2a&oauth_signature=9HcK3GWpyvKGuj4F1gNz9592w6mbSTNILjn84IceO2o%3D&oauth_signature_method=HMAC-SHA256&oauth_timestamp=1774093941&order=desc&orderby=date&per_page=8&status=publish
[Sat Mar 21 11:52:22 2026] [::1]:64274 Closing
[Sat Mar 21 11:52:29 2026] [::1]:56918 Accepted
[Sat Mar 21 11:52:29 2026] [::1]:56918 [302]: GET /wp-json/wc/v3/products/categories?oauth_consumer_key=ck_3df78f67936a715de1ad0b89a7cb0300150ae2e7&oauth_nonce=4c3df255c40cbc85843ced4ef6967a520ece28c4&oauth_signature=H36nolQSsT9Twhf3u7AgVRK%2F21Ex5leJQatSSu3NRlA%3D&oauth_signature_method=HMAC-SHA256&oauth_timestamp=1774093949&per_page=1&search=%D8%AC%D8%A7%D9%83%D9%8A%D8%AA
[Sat Mar 21 11:52:29 2026] [::1]:56918 Closing
[Sat Mar 21 11:52:29 2026] [::1]:56920 Accepted
[Sat Mar 21 11:52:29 2026] [::1]:56920 [302]: GET /wp-json/wc/v3/products/categories?oauth_consumer_key=ck_3df78f67936a715de1ad0b89a7cb0300150ae2e7&oauth_nonce=b0275957fe4cfd93c19f637b23c611ec046ef1ff&oauth_signature=xlDaJPukvCdjn4M%2Bd%2FEb0LtZTBF8f81ow497mvJOOp8%3D&oauth_signature_method=HMAC-SHA256&oauth_timestamp=1774093949&per_page=1&search=%D8%AC%D8%A7%D9%83%D9%8A%D8%AA%D8%A7%D8%AA
[Sat Mar 21 11:52:29 2026] [::1]:56920 Closing
[Sat Mar 21 11:52:29 2026] [::1]:56922 Accepted
[Sat Mar 21 11:52:29 2026] [::1]:56922 [302]: GET /wp-json/wc/v3/products/categories?oauth_consumer_key=ck_3df78f67936a715de1ad0b89a7cb0300150ae2e7&oauth_nonce=6b057ce4619c79498341256ecac3b1c7cbfafc29&oauth_signature=TYk6how7%2FhYhSse7eDXtmS0C%2BNujzVb7q9sOSqCtTys%3D&oauth_signature_method=HMAC-SHA256&oauth_timestamp=1774093949&per_page=1&search=%D9%85%D9%84%D8%A7%D8%A8%D8%B3+%D8%B5%D9%8A%D9%81%D9%8A%D8%A9
[Sat Mar 21 11:52:29 2026] [::1]:56922 Closing
[Sat Mar 21 11:52:29 2026] [::1]:55720 Accepted
[Sat Mar 21 11:52:29 2026] [::1]:55720 [302]: GET /wp-json/wc/v3/products/categories?oauth_consumer_key=ck_3df78f67936a715de1ad0b89a7cb0300150ae2e7&oauth_nonce=b4bb6db978935248a5895c85dd900ef29777ca79&oauth_signature=ZEbMqoeUVoQ7LTJc5HxbYJtBP%2BaMMU6eWsolS0qXKBA%3D&oauth_signature_method=HMAC-SHA256&oauth_timestamp=1774093949&per_page=1&search=%D9%82%D9%85%D8%B5%D8%A7%D9%86
[Sat Mar 21 11:52:29 2026] [::1]:55720 Closing
[Sat Mar 21 11:52:29 2026] [::1]:55722 Accepted
[Sat Mar 21 11:52:29 2026] [::1]:55722 [302]: GET /wp-json/wc/v3/products?featured=1&oauth_consumer_key=ck_3df78f67936a715de1ad0b89a7cb0300150ae2e7&oauth_nonce=9501b1a64c8cb10f470d11b4280bfd86d49b0314&oauth_signature=cWbWDPYFd2nHdEP0Z9sKBQ4SVBgUUgLZgrHPAVTQLg0%3D&oauth_signature_method=HMAC-SHA256&oauth_timestamp=1774093949&order=desc&orderby=date&per_page=8&status=publish
[Sat Mar 21 11:52:29 2026] [::1]:55722 Closing
[Sat Mar 21 11:52:32 2026] [::1]:58821 Accepted
[Sat Mar 21 11:52:33 2026] [::1]:58821 [302]: GET /wp-json/wc/v3/products/categories?oauth_consumer_key=ck_3df78f67936a715de1ad0b89a7cb0300150ae2e7&oauth_nonce=d422f82bd8ce4b3c13296e29988cd9cccdd4fb96&oauth_signature=AGf6xLq4gX3zzz6iRi0QSDdW0dPo3xlvi3btkoTDiaY%3D&oauth_signature_method=HMAC-SHA256&oauth_timestamp=1774093952&per_page=1&search=%D8%AC%D8%A7%D9%83%D9%8A%D8%AA
[Sat Mar 21 11:52:33 2026] [::1]:58821 Closing
[Sat Mar 21 11:52:33 2026] [::1]:58823 Accepted
[Sat Mar 21 11:52:33 2026] [::1]:58823 [302]: GET /wp-json/wc/v3/products/categories?oauth_consumer_key=ck_3df78f67936a715de1ad0b89a7cb0300150ae2e7&oauth_nonce=4d96fca530973607c6dd2a4cf8645fe136cad4d9&oauth_signature=3kTIlHlChm8ZXHvcCEgFoV0oAHMWpeod2wy1iLgDixo%3D&oauth_signature_method=HMAC-SHA256&oauth_timestamp=1774093953&per_page=1&search=%D8%AC%D8%A7%D9%83%D9%8A%D8%AA%D8%A7%D8%AA
[Sat Mar 21 11:52:33 2026] [::1]:58823 Closing
[Sat Mar 21 11:52:33 2026] [::1]:58825 Accepted
[Sat Mar 21 11:52:33 2026] [::1]:58825 [302]: GET /wp-json/wc/v3/products/categories?oauth_consumer_key=ck_3df78f67936a715de1ad0b89a7cb0300150ae2e7&oauth_nonce=b2f993fb3515e7983960e6f7d13ea0ae9c05553b&oauth_signature=8if9zAbRV8sUYxhndZo0t9enjAPTJDwyyprrRx70%2F%2F8%3D&oauth_signature_method=HMAC-SHA256&oauth_timestamp=1774093953&per_page=1&search=%D9%85%D9%84%D8%A7%D8%A8%D8%B3+%D8%B5%D9%8A%D9%81%D9%8A%D8%A9
[Sat Mar 21 11:52:33 2026] [::1]:58825 Closing
[Sat Mar 21 11:52:33 2026] [::1]:58827 Accepted
[Sat Mar 21 11:52:33 2026] [::1]:58827 [302]: GET /wp-json/wc/v3/products/categories?oauth_consumer_key=ck_3df78f67936a715de1ad0b89a7cb0300150ae2e7&oauth_nonce=181a88b48ee543403cb87f853c8812ce1d8b3df1&oauth_signature=kGmzrk0hxqgo%2F2I3%2BQhXp908ngrsgr1yes562iamXLQ%3D&oauth_signature_method=HMAC-SHA256&oauth_timestamp=1774093953&per_page=1&search=%D9%82%D9%85%D8%B5%D8%A7%D9%86
[Sat Mar 21 11:52:33 2026] [::1]:58827 Closing
[Sat Mar 21 11:52:33 2026] [::1]:54672 Accepted
[Sat Mar 21 11:52:33 2026] [::1]:54672 [302]: GET /wp-json/wc/v3/products?featured=1&oauth_consumer_key=ck_3df78f67936a715de1ad0b89a7cb0300150ae2e7&oauth_nonce=d2af41b5276aafe6e8b71bec4b35756bd86cf6d7&oauth_signature=BVXLlDpownhwUUxh4SlLNyjwjMtt9S6N8f0NcAMu1cs%3D&oauth_signature_method=HMAC-SHA256&oauth_timestamp=1774093953&order=desc&orderby=date&per_page=8&status=publish
[Sat Mar 21 11:52:33 2026] [::1]:54672 Closing
[Sat Mar 21 11:52:39 2026] [::1]:61373 Accepted
[Sat Mar 21 11:52:39 2026] [::1]:61373 [302]: GET /wp-json/wc/v3/products/categories?oauth_consumer_key=ck_3df78f67936a715de1ad0b89a7cb0300150ae2e7&oauth_nonce=89937fdb626f84656ad7f4551810b64944c61b73&oauth_signature=9sVpixBFYz0eaoBVXUGGlfj60hjqvQK2hePsd6GiAwk%3D&oauth_signature_method=HMAC-SHA256&oauth_timestamp=1774093959&per_page=1&search=%D8%AC%D8%A7%D9%83%D9%8A%D8%AA
[Sat Mar 21 11:52:39 2026] [::1]:61373 Closing
[Sat Mar 21 11:52:39 2026] [::1]:56190 Accepted
[Sat Mar 21 11:52:39 2026] [::1]:56190 [302]: GET /wp-json/wc/v3/products/categories?oauth_consumer_key=ck_3df78f67936a715de1ad0b89a7cb0300150ae2e7&oauth_nonce=809c736181ea9ffb6df45bbb9d5bb760e828aae8&oauth_signature=Xx9CJNhW6bXf%2B4PO3d9YZAiHu01g%2FBxqle7db%2BqDBd0%3D&oauth_signature_method=HMAC-SHA256&oauth_timestamp=1774093959&per_page=1&search=%D8%AC%D8%A7%D9%83%D9%8A%D8%AA%D8%A7%D8%AA
[Sat Mar 21 11:52:39 2026] [::1]:56190 Closing
[Sat Mar 21 11:52:39 2026] [::1]:56192 Accepted
[Sat Mar 21 11:52:39 2026] [::1]:56192 [302]: GET /wp-json/wc/v3/products/categories?oauth_consumer_key=ck_3df78f67936a715de1ad0b89a7cb0300150ae2e7&oauth_nonce=75c3510a1f0554a26576393f14a854d9099a60de&oauth_signature=wYsibtiHAYwY9wUAf8B0eOMYmGXNv78gd4h6UFj%2FY0U%3D&oauth_signature_method=HMAC-SHA256&oauth_timestamp=1774093959&per_page=1&search=%D9%85%D9%84%D8%A7%D8%A8%D8%B3+%D8%B5%D9%8A%D9%81%D9%8A%D8%A9
[Sat Mar 21 11:52:39 2026] [::1]:56192 Closing
[Sat Mar 21 11:52:39 2026] [::1]:56195 Accepted
[Sat Mar 21 11:52:39 2026] [::1]:56195 [302]: GET /wp-json/wc/v3/products/categories?oauth_consumer_key=ck_3df78f67936a715de1ad0b89a7cb0300150ae2e7&oauth_nonce=02a0de9bcb9810097fb49a022c5e751d0c3954a2&oauth_signature=zFDux27NF%2Fdh16Ro1w%2FM8Sdoqlmp1yM6XRdueAFJUh4%3D&oauth_signature_method=HMAC-SHA256&oauth_timestamp=1774093959&per_page=1&search=%D9%82%D9%85%D8%B5%D8%A7%D9%86
[Sat Mar 21 11:52:39 2026] [::1]:56195 Closing
[Sat Mar 21 11:52:39 2026] [::1]:56197 Accepted
[Sat Mar 21 11:52:39 2026] [::1]:56197 [302]: GET /wp-json/wc/v3/products?featured=1&oauth_consumer_key=ck_3df78f67936a715de1ad0b89a7cb0300150ae2e7&oauth_nonce=a5f2d45fdc4193458444e7f268baff0352cc4876&oauth_signature=G80%2FWZCRmh%2BKVHiepA21baQ1VjHWQowctMRuTIlsKUo%3D&oauth_signature_method=HMAC-SHA256&oauth_timestamp=1774093959&order=desc&orderby=date&per_page=8&status=publish
[Sat Mar 21 11:52:39 2026] [::1]:56197 Closing
[Sat Mar 21 11:58:26 2026] [::1]:51511 Accepted
[Sat Mar 21 11:58:26 2026] [::1]:51511 [302]: GET /wp-json/wc/v3/products/categories?oauth_consumer_key=ck_3df78f67936a715de1ad0b89a7cb0300150ae2e7&oauth_nonce=20fe20c7782a37070690a835da905856bcac1c42&oauth_signature=OHqmao73CXurJMZ7ml5h5uHhnt3SFgmWbriJyZWYfpw%3D&oauth_signature_method=HMAC-SHA256&oauth_timestamp=1774094306&per_page=1&search=%D8%AC%D8%A7%D9%83%D9%8A%D8%AA
[Sat Mar 21 11:58:26 2026] [::1]:51511 Closing
[Sat Mar 21 11:58:26 2026] [::1]:51513 Accepted
[Sat Mar 21 11:58:26 2026] [::1]:51513 [302]: GET /wp-json/wc/v3/products/categories?oauth_consumer_key=ck_3df78f67936a715de1ad0b89a7cb0300150ae2e7&oauth_nonce=b84504cb2cf3a135cddac4c8d3a29528baddba8e&oauth_signature=5jP%2F45Tbbm6xp56mxGJCjaNCEshDpXJL7lX1ixmaGoQ%3D&oauth_signature_method=HMAC-SHA256&oauth_timestamp=1774094306&per_page=1&search=%D8%AC%D8%A7%D9%83%D9%8A%D8%AA%D8%A7%D8%AA
[Sat Mar 21 11:58:26 2026] [::1]:51513 Closing
[Sat Mar 21 11:58:26 2026] [::1]:51515 Accepted
[Sat Mar 21 11:58:27 2026] [::1]:51515 [302]: GET /wp-json/wc/v3/products/categories?oauth_consumer_key=ck_3df78f67936a715de1ad0b89a7cb0300150ae2e7&oauth_nonce=d421fb6ccebec2af062796baaca35b032dcb04a2&oauth_signature=L%2FszQtWD14jzxrSY5VoBTe4LSU75FsWhQB8KmTlN0aw%3D&oauth_signature_method=HMAC-SHA256&oauth_timestamp=1774094306&per_page=1&search=%D9%85%D9%84%D8%A7%D8%A8%D8%B3+%D8%B5%D9%8A%D9%81%D9%8A%D8%A9
[Sat Mar 21 11:58:27 2026] [::1]:51515 Closing
[Sat Mar 21 11:58:27 2026] [::1]:51517 Accepted
[Sat Mar 21 11:58:27 2026] [::1]:51517 [302]: GET /wp-json/wc/v3/products/categories?oauth_consumer_key=ck_3df78f67936a715de1ad0b89a7cb0300150ae2e7&oauth_nonce=3cede4f5bc3ff6e4457380d82bc9644345591082&oauth_signature=epNuFbSv1ptVK2AWoYMIL4LztW5oPZV%2FwglU%2Bxc0QvU%3D&oauth_signature_method=HMAC-SHA256&oauth_timestamp=1774094307&per_page=1&search=%D9%82%D9%85%D8%B5%D8%A7%D9%86
[Sat Mar 21 11:58:27 2026] [::1]:51517 Closing
[Sat Mar 21 11:58:27 2026] [::1]:51520 Accepted
[Sat Mar 21 11:58:27 2026] [::1]:51520 [302]: GET /wp-json/wc/v3/products?featured=1&oauth_consumer_key=ck_3df78f67936a715de1ad0b89a7cb0300150ae2e7&oauth_nonce=ef741cb703294453bebb70d3dd5e7109ba63b658&oauth_signature=3U7%2BVvuiylSybZ8cEL0soXQfGv%2Ffhmk%2FHmSrdMuq93E%3D&oauth_signature_method=HMAC-SHA256&oauth_timestamp=1774094307&order=desc&orderby=date&per_page=8&status=publish
[Sat Mar 21 11:58:27 2026] [::1]:51520 Closing
[Sat Mar 21 11:58:33 2026] [::1]:60473 Accepted
[Sat Mar 21 11:58:33 2026] [::1]:60473 [302]: GET /wp-json/wc/v3/products/categories?oauth_consumer_key=ck_3df78f67936a715de1ad0b89a7cb0300150ae2e7&oauth_nonce=b50a7bd57faddc9c8a37f8f4f3cb968b452faf1d&oauth_signature=LwJI3v9oSfNo0uL19hFKIk3XUXlWGXXxQp5%2FA5KkFMc%3D&oauth_signature_method=HMAC-SHA256&oauth_timestamp=1774094313&per_page=1&search=%D8%AC%D8%A7%D9%83%D9%8A%D8%AA
[Sat Mar 21 11:58:33 2026] [::1]:60473 Closing
[Sat Mar 21 11:58:33 2026] [::1]:60475 Accepted
[Sat Mar 21 11:58:33 2026] [::1]:60475 [302]: GET /wp-json/wc/v3/products/categories?oauth_consumer_key=ck_3df78f67936a715de1ad0b89a7cb0300150ae2e7&oauth_nonce=39f9cc7a9b236862a49905aaea11731615d53b4a&oauth_signature=lMjGkGKkqF1rZvaiFJEGj2EfGPmYByy79wjUANT0tsk%3D&oauth_signature_method=HMAC-SHA256&oauth_timestamp=1774094313&per_page=1&search=%D8%AC%D8%A7%D9%83%D9%8A%D8%AA%D8%A7%D8%AA
[Sat Mar 21 11:58:33 2026] [::1]:60475 Closing
[Sat Mar 21 11:58:33 2026] [::1]:60477 Accepted
[Sat Mar 21 11:58:34 2026] [::1]:60477 [302]: GET /wp-json/wc/v3/products/categories?oauth_consumer_key=ck_3df78f67936a715de1ad0b89a7cb0300150ae2e7&oauth_nonce=fdaf8eb19fdbe7780470ffeca1649283cb7a88e5&oauth_signature=5vQyUyejdNtHvTTFqrkKeziV1VSwq1j85TQyvu3%2F3xQ%3D&oauth_signature_method=HMAC-SHA256&oauth_timestamp=1774094313&per_page=1&search=%D9%85%D9%84%D8%A7%D8%A8%D8%B3+%D8%B5%D9%8A%D9%81%D9%8A%D8%A9
[Sat Mar 21 11:58:34 2026] [::1]:60477 Closing
[Sat Mar 21 11:58:34 2026] [::1]:60479 Accepted
[Sat Mar 21 11:58:34 2026] [::1]:60479 [302]: GET /wp-json/wc/v3/products/categories?oauth_consumer_key=ck_3df78f67936a715de1ad0b89a7cb0300150ae2e7&oauth_nonce=85fe99a72da211f183828212abb73a429733a55e&oauth_signature=XOh%2FRTy5vae8EIIWhMTHV6nOOylubnwfVvPjxeztf4I%3D&oauth_signature_method=HMAC-SHA256&oauth_timestamp=1774094314&per_page=1&search=%D9%82%D9%85%D8%B5%D8%A7%D9%86
[Sat Mar 21 11:58:34 2026] [::1]:60479 Closing
[Sat Mar 21 11:58:34 2026] [::1]:60482 Accepted
[Sat Mar 21 11:58:34 2026] [::1]:60482 [302]: GET /wp-json/wc/v3/products?featured=1&oauth_consumer_key=ck_3df78f67936a715de1ad0b89a7cb0300150ae2e7&oauth_nonce=81b26f7fc4cd650bf00d567515694a089bf95c93&oauth_signature=XMMGImZXTCTPhkOUqU0P0%2BXqp2kq2PkW3lXakBBT5FE%3D&oauth_signature_method=HMAC-SHA256&oauth_timestamp=1774094314&order=desc&orderby=date&per_page=8&status=publish
[Sat Mar 21 11:58:34 2026] [::1]:60482 Closing
[Sat Mar 21 12:00:22 2026] [::1]:65035 Accepted
[Sat Mar 21 12:00:22 2026] [::1]:65035 [302]: GET /wp-json/wc/v3/products/categories?oauth_consumer_key=ck_3df78f67936a715de1ad0b89a7cb0300150ae2e7&oauth_nonce=e278341956f96fe6ba749f974b125bb9c611bcd1&oauth_signature=er9ajFP3hMHceTsTFbIax8oKzJpx0xosuplhP0mHpJo%3D&oauth_signature_method=HMAC-SHA256&oauth_timestamp=1774094422&per_page=1&search=%D8%AC%D8%A7%D9%83%D9%8A%D8%AA
[Sat Mar 21 12:00:22 2026] [::1]:65035 Closing
[Sat Mar 21 12:00:22 2026] [::1]:65037 Accepted
[Sat Mar 21 12:00:23 2026] [::1]:65037 [302]: GET /wp-json/wc/v3/products/categories?oauth_consumer_key=ck_3df78f67936a715de1ad0b89a7cb0300150ae2e7&oauth_nonce=821caa01effeb1eab8581e9dce421ede3cf8fd70&oauth_signature=D85P4Sl9OnRKNsJCSKA7APN49uRJifbdA%2BxjI7ZelgE%3D&oauth_signature_method=HMAC-SHA256&oauth_timestamp=1774094422&per_page=1&search=%D8%AC%D8%A7%D9%83%D9%8A%D8%AA%D8%A7%D8%AA
[Sat Mar 21 12:00:23 2026] [::1]:65037 Closing
[Sat Mar 21 12:00:23 2026] [::1]:65039 Accepted
[Sat Mar 21 12:00:23 2026] [::1]:65039 [302]: GET /wp-json/wc/v3/products/categories?oauth_consumer_key=ck_3df78f67936a715de1ad0b89a7cb0300150ae2e7&oauth_nonce=77ed90fd7a901c5539b69c28877c47c8bee38cf5&oauth_signature=dWM50HJv8updqNeVLDge4SDat8Ndm0SI2ruaQn%2FDOuE%3D&oauth_signature_method=HMAC-SHA256&oauth_timestamp=1774094423&per_page=1&search=%D9%85%D9%84%D8%A7%D8%A8%D8%B3+%D8%B5%D9%8A%D9%81%D9%8A%D8%A9
[Sat Mar 21 12:00:23 2026] [::1]:65039 Closing
[Sat Mar 21 12:00:23 2026] [::1]:65041 Accepted
[Sat Mar 21 12:00:23 2026] [::1]:65041 [302]: GET /wp-json/wc/v3/products/categories?oauth_consumer_key=ck_3df78f67936a715de1ad0b89a7cb0300150ae2e7&oauth_nonce=3268738caf6624cfb0624295daf0b8a0224b8f00&oauth_signature=sXuaX1WlGD39LcPTY5kax3KsT5QBWhSdolL47rPNV9Q%3D&oauth_signature_method=HMAC-SHA256&oauth_timestamp=1774094423&per_page=1&search=%D9%82%D9%85%D8%B5%D8%A7%D9%86
[Sat Mar 21 12:00:23 2026] [::1]:65041 Closing
[Sat Mar 21 12:00:23 2026] [::1]:65043 Accepted
[Sat Mar 21 12:00:23 2026] [::1]:65043 [302]: GET /wp-json/wc/v3/products?featured=1&oauth_consumer_key=ck_3df78f67936a715de1ad0b89a7cb0300150ae2e7&oauth_nonce=6ba53057a1665f002d507c7e89ff0b5bcdbe366f&oauth_signature=oboOEEfmGWYKqD3xhVOsUiaD6qB6Lx82kve7xgaCLDc%3D&oauth_signature_method=HMAC-SHA256&oauth_timestamp=1774094423&order=desc&orderby=date&per_page=8&status=publish
[Sat Mar 21 12:00:23 2026] [::1]:65043 Closing
[Sat Mar 21 12:00:28 2026] [::1]:52883 Accepted
[Sat Mar 21 12:00:28 2026] [::1]:52883 [302]: GET /wp-json/wc/v3/products/categories?oauth_consumer_key=ck_3df78f67936a715de1ad0b89a7cb0300150ae2e7&oauth_nonce=c90b0152d665579b7945984104b7f2d34c881c43&oauth_signature=GMnD7lJGQB8BmR%2BjbCUVNLjKAL0yeG6At%2BjQZuZvudQ%3D&oauth_signature_method=HMAC-SHA256&oauth_timestamp=1774094428&per_page=1&search=%D8%AC%D8%A7%D9%83%D9%8A%D8%AA
[Sat Mar 21 12:00:28 2026] [::1]:52883 Closing
[Sat Mar 21 12:00:28 2026] [::1]:52885 Accepted
[Sat Mar 21 12:00:28 2026] [::1]:52885 [302]: GET /wp-json/wc/v3/products/categories?oauth_consumer_key=ck_3df78f67936a715de1ad0b89a7cb0300150ae2e7&oauth_nonce=9998afe3785b624cdf6a2fda07daef4d91f0ee54&oauth_signature=UrA5qTR%2BCrVYMH4MYY20hgkgyaToOFk5aRFOW7FGyi0%3D&oauth_signature_method=HMAC-SHA256&oauth_timestamp=1774094428&per_page=1&search=%D8%AC%D8%A7%D9%83%D9%8A%D8%AA%D8%A7%D8%AA
[Sat Mar 21 12:00:28 2026] [::1]:52885 Closing
[Sat Mar 21 12:00:28 2026] [::1]:62267 Accepted
[Sat Mar 21 12:00:28 2026] [::1]:62267 [302]: GET /wp-json/wc/v3/products/categories?oauth_consumer_key=ck_3df78f67936a715de1ad0b89a7cb0300150ae2e7&oauth_nonce=39adfc237ecb0f48091d5c705ab81e3d46a90caf&oauth_signature=TUG%2BTbVhnB4uGGxrm6vrL%2BL%2BvIJiLmSuV%2FF9XuU%2FJAI%3D&oauth_signature_method=HMAC-SHA256&oauth_timestamp=1774094428&per_page=1&search=%D9%85%D9%84%D8%A7%D8%A8%D8%B3+%D8%B5%D9%8A%D9%81%D9%8A%D8%A9
[Sat Mar 21 12:00:28 2026] [::1]:62267 Closing
[Sat Mar 21 12:00:28 2026] [::1]:62269 Accepted
[Sat Mar 21 12:00:29 2026] [::1]:62269 [302]: GET /wp-json/wc/v3/products/categories?oauth_consumer_key=ck_3df78f67936a715de1ad0b89a7cb0300150ae2e7&oauth_nonce=53e32fafb9169b86db9a52d259e5c2db5c62038a&oauth_signature=BgGDxspXMZlKQ7NQNSrVVn30kHmuMuYDLQW3wwPtaLM%3D&oauth_signature_method=HMAC-SHA256&oauth_timestamp=1774094428&per_page=1&search=%D9%82%D9%85%D8%B5%D8%A7%D9%86
[Sat Mar 21 12:00:29 2026] [::1]:62269 Closing
[Sat Mar 21 12:00:29 2026] [::1]:62271 Accepted
[Sat Mar 21 12:00:29 2026] [::1]:62271 [302]: GET /wp-json/wc/v3/products?featured=1&oauth_consumer_key=ck_3df78f67936a715de1ad0b89a7cb0300150ae2e7&oauth_nonce=408e5d36e62cc5034df0e5cb2fe82d6f5da88c88&oauth_signature=e2VCGKXe7mJFFLgFNf5k62hsnTXC2kXDFkly9gJgw4s%3D&oauth_signature_method=HMAC-SHA256&oauth_timestamp=1774094429&order=desc&orderby=date&per_page=8&status=publish
[Sat Mar 21 12:00:29 2026] [::1]:62271 Closing
[Sat Mar 21 12:00:30 2026] [::1]:62501 Accepted
[Sat Mar 21 12:00:30 2026] [::1]:62501 [302]: GET /wp-json/wc/v3/products/categories?oauth_consumer_key=ck_3df78f67936a715de1ad0b89a7cb0300150ae2e7&oauth_nonce=48a097acec988a3320a9396cbc8143afc781226d&oauth_signature=CPIaXy2wyRal2h4zM9HlwY3UtlZN1ExdmhQbw3k6wUY%3D&oauth_signature_method=HMAC-SHA256&oauth_timestamp=1774094430&per_page=1&search=%D8%AC%D8%A7%D9%83%D9%8A%D8%AA
[Sat Mar 21 12:00:30 2026] [::1]:62501 Closing
[Sat Mar 21 12:00:30 2026] [::1]:62503 Accepted
[Sat Mar 21 12:00:30 2026] [::1]:62503 [302]: GET /wp-json/wc/v3/products/categories?oauth_consumer_key=ck_3df78f67936a715de1ad0b89a7cb0300150ae2e7&oauth_nonce=dea17804647dbc2db366c418d9528a5c333cd380&oauth_signature=M4OXwH98G1Lqpbi9LEMSzhuElqfmbNu%2F8m9Gtl6J1yw%3D&oauth_signature_method=HMAC-SHA256&oauth_timestamp=1774094430&per_page=1&search=%D8%AC%D8%A7%D9%83%D9%8A%D8%AA%D8%A7%D8%AA
[Sat Mar 21 12:00:30 2026] [::1]:62503 Closing
[Sat Mar 21 12:00:30 2026] [::1]:62505 Accepted
[Sat Mar 21 12:00:31 2026] [::1]:62505 [302]: GET /wp-json/wc/v3/products/categories?oauth_consumer_key=ck_3df78f67936a715de1ad0b89a7cb0300150ae2e7&oauth_nonce=991be1347b3fceb42081ddc2d6331491f432e3b4&oauth_signature=t7GznHEDpzdM%2BWMRfx680JddQbPvHZM6Twp1IUAeTB0%3D&oauth_signature_method=HMAC-SHA256&oauth_timestamp=1774094430&per_page=1&search=%D9%85%D9%84%D8%A7%D8%A8%D8%B3+%D8%B5%D9%8A%D9%81%D9%8A%D8%A9
[Sat Mar 21 12:00:31 2026] [::1]:62505 Closing
[Sat Mar 21 12:00:31 2026] [::1]:62507 Accepted
[Sat Mar 21 12:00:31 2026] [::1]:62507 [302]: GET /wp-json/wc/v3/products/categories?oauth_consumer_key=ck_3df78f67936a715de1ad0b89a7cb0300150ae2e7&oauth_nonce=0adcdbf93605be7c4884c42bc344f21cf4d6269f&oauth_signature=miRf4bSy%2BBZMgGqUn84j2SzyEoj5dWbdeQQAZOAsq1A%3D&oauth_signature_method=HMAC-SHA256&oauth_timestamp=1774094431&per_page=1&search=%D9%82%D9%85%D8%B5%D8%A7%D9%86
[Sat Mar 21 12:00:31 2026] [::1]:62507 Closing
[Sat Mar 21 12:00:31 2026] [::1]:62509 Accepted
[Sat Mar 21 12:00:31 2026] [::1]:62509 [302]: GET /wp-json/wc/v3/products?featured=1&oauth_consumer_key=ck_3df78f67936a715de1ad0b89a7cb0300150ae2e7&oauth_nonce=28f7672eaafa81b808e7df0c57af3fffa158b434&oauth_signature=AITiC4p67%2FooWBEiEt3UEfRW23OaFLtOCWK%2B7SKTcSs%3D&oauth_signature_method=HMAC-SHA256&oauth_timestamp=1774094431&order=desc&orderby=date&per_page=8&status=publish
[Sat Mar 21 12:00:31 2026] [::1]:62509 Closing
