[2025-12-18T22:54:27.224520+01:00] wc_store.WARNING: Could not retrieve ID for category: عطور. Error: cURL Error: Operation timed out after 30003 milliseconds with 0 bytes received [] []
[2025-12-21T21:58:39.443626+01:00] wc_store.ERROR: WooCommerce API Error (HTTP) fetching Featured Products: cURL Error: Operation timed out after 30132 milliseconds with 0 bytes received [] []
[2025-12-25T03:16:59.831573+01:00] wc_store.ERROR: WooCommerce API Error (HTTP) fetching عطور: cURL Error: Operation timed out after 30002 milliseconds with 0 bytes received [] []
[2025-12-25T03:17:29.846870+01:00] wc_store.WARNING: Could not retrieve ID for category: ساعات. Error: cURL Error: Operation timed out after 30010 milliseconds with 0 bytes received [] []
[2025-12-25T23:38:36.114188+01:00] wc_store.WARNING: Could not retrieve ID for category: عطور. Error: Error: Briefly unavailable for scheduled maintenance. Check back in a minute. [wp_die] [] []
[2025-12-25T23:38:36.702499+01:00] wc_store.WARNING: Could not retrieve ID for category: ساعات. Error: Error: Briefly unavailable for scheduled maintenance. Check back in a minute. [wp_die] [] []
[2025-12-25T23:38:36.994261+01:00] wc_store.ERROR: WooCommerce API Error (HTTP) fetching Featured Products: Error: Briefly unavailable for scheduled maintenance. Check back in a minute. [wp_die] [] []
[2025-12-25T23:39:09.580052+01:00] wc_store.WARNING: Could not retrieve ID for category: عطور. Error: Error: Briefly unavailable for scheduled maintenance. Check back in a minute. [wp_die] [] []
[2025-12-25T23:39:10.526627+01:00] wc_store.WARNING: Could not retrieve ID for category: ساعات. Error: Error: Briefly unavailable for scheduled maintenance. Check back in a minute. [wp_die] [] []
[2025-12-25T23:39:11.232186+01:00] wc_store.ERROR: WooCommerce API Error (HTTP) fetching Featured Products: Error: Briefly unavailable for scheduled maintenance. Check back in a minute. [wp_die] [] []
[2025-12-26T00:56:03.101597+01:00] wc_store.WARNING: Could not retrieve ID for category: عطور. Error: cURL Error: Operation timed out after 30006 milliseconds with 0 bytes received [] []
[2025-12-26T01:23:55.282179+01:00] wc_store.WARNING: Could not retrieve ID for category: عطور. Error: cURL Error: Operation timed out after 30015 milliseconds with 0 bytes received [] []
[2025-12-26T02:47:37.853736+01:00] wc_store.ERROR: Error fetching related products: Error: Briefly unavailable for scheduled maintenance. Check back in a minute. [wp_die] [] []
[2025-12-26T02:48:25.819467+01:00] wc_store.ERROR: Error fetching related products: Error: Briefly unavailable for scheduled maintenance. Check back in a minute. [wp_die] [] []
[2025-12-26T20:21:56.953329+01:00] wc_store.WARNING: Could not retrieve ID for category: عطور. Error: Error: Briefly unavailable for scheduled maintenance. Check back in a minute. [wp_die] [] []
[2025-12-26T20:21:57.750186+01:00] wc_store.WARNING: Could not retrieve ID for category: ساعات. Error: Error: Briefly unavailable for scheduled maintenance. Check back in a minute. [wp_die] [] []
[2025-12-26T20:21:58.254580+01:00] wc_store.ERROR: WooCommerce API Error (HTTP) fetching Featured Products: Error: Briefly unavailable for scheduled maintenance. Check back in a minute. [wp_die] [] []
[2025-12-26T20:26:41.225331+01:00] wc_store.WARNING: Could not retrieve ID for category: عطور. Error: cURL Error: Operation timed out after 30016 milliseconds with 0 bytes received [] []
[2025-12-26T20:27:11.240692+01:00] wc_store.WARNING: Could not retrieve ID for category: ساعات. Error: cURL Error: Operation timed out after 30006 milliseconds with 0 bytes received [] []
[2025-12-29T03:38:56.846331+01:00] wc_store.ERROR: WooCommerce API Error (HTTP) fetching Featured Products: Error: Briefly unavailable for scheduled maintenance. Check back in a minute. [wp_die] [] []
[2025-12-29T03:43:25.515744+01:00] wc_store.ERROR: WooCommerce API Error (HTTP) fetching Featured Products: Error: Briefly unavailable for scheduled maintenance. Check back in a minute. [wp_die] [] []
[2025-12-29T03:43:39.427865+01:00] wc_store.ERROR: WooCommerce API Error (HTTP) fetching Featured Products: Error: Briefly unavailable for scheduled maintenance. Check back in a minute. [wp_die] [] []
[2025-12-29T20:37:20.301506+01:00] wc_store.WARNING: Could not retrieve ID for category: عطور. Error: Error: Briefly unavailable for scheduled maintenance. Check back in a minute. [wp_die] [] []
[2025-12-29T20:37:20.587346+01:00] wc_store.WARNING: Could not retrieve ID for category: ساعات. Error: Error: Briefly unavailable for scheduled maintenance. Check back in a minute. [wp_die] [] []
[2025-12-29T20:37:20.846094+01:00] wc_store.ERROR: WooCommerce API Error (HTTP) fetching Featured Products: Error: Briefly unavailable for scheduled maintenance. Check back in a minute. [wp_die] [] []
[2025-12-31T20:55:31.544585+01:00] wc_store.WARNING: Could not retrieve ID for category: عطور. Error: Error: Briefly unavailable for scheduled maintenance. Check back in a minute. [wp_die] [] []
[2025-12-31T20:55:32.152144+01:00] wc_store.WARNING: Could not retrieve ID for category: ساعات. Error: Error: Briefly unavailable for scheduled maintenance. Check back in a minute. [wp_die] [] []
[2025-12-31T20:55:32.571652+01:00] wc_store.ERROR: WooCommerce API Error (HTTP) fetching Featured Products: Error: Briefly unavailable for scheduled maintenance. Check back in a minute. [wp_die] [] []
[2025-12-31T20:56:03.920993+01:00] wc_store.WARNING: Could not retrieve ID for category: عطور. Error: Error: Briefly unavailable for scheduled maintenance. Check back in a minute. [wp_die] [] []
[2025-12-31T20:56:04.340814+01:00] wc_store.WARNING: Could not retrieve ID for category: ساعات. Error: Error: Briefly unavailable for scheduled maintenance. Check back in a minute. [wp_die] [] []
[2025-12-31T20:56:04.933567+01:00] wc_store.ERROR: WooCommerce API Error (HTTP) fetching Featured Products: Error: Briefly unavailable for scheduled maintenance. Check back in a minute. [wp_die] [] []
[2026-01-01T18:13:11.890988+01:00] wc_store.ERROR: WooCommerce API Error (HTTP) fetching Featured Products: Error: Briefly unavailable for scheduled maintenance. Check back in a minute. [wp_die] [] []
[2026-01-01T18:17:56.167253+01:00] wc_store.WARNING: Could not retrieve ID for category: عطور. Error: cURL Error: Operation timed out after 30004 milliseconds with 0 bytes received [] []
[2026-01-01T18:17:59.968310+01:00] wc_store.WARNING: Could not retrieve ID for category: عطور. Error: cURL Error: Operation timed out after 30009 milliseconds with 0 bytes received [] []
[2026-01-01T19:46:10.908853+01:00] wc_store.WARNING: Could not retrieve ID for category: عطور. Error: cURL Error: Operation timed out after 30006 milliseconds with 0 bytes received [] []
[2026-01-01T19:46:15.569076+01:00] wc_store.WARNING: Could not retrieve ID for category: عطور. Error: cURL Error: Operation timed out after 30018 milliseconds with 0 bytes received [] []
[2026-01-01T19:46:40.928318+01:00] wc_store.WARNING: Could not retrieve ID for category: ساعات. Error: cURL Error: Operation timed out after 30015 milliseconds with 0 bytes received [] []
[2026-01-01T19:46:45.591308+01:00] wc_store.WARNING: Could not retrieve ID for category: ساعات. Error: cURL Error: Operation timed out after 30018 milliseconds with 0 bytes received [] []
[2026-01-01T19:48:56.284086+01:00] wc_store.ERROR: WooCommerce API Error (HTTP) fetching عطور: cURL Error: Operation timed out after 30004 milliseconds with 0 bytes received [] []
[2026-01-02T02:23:43.685128+01:00] wc_store.WARNING: Could not retrieve ID for category: عطور. Error: cURL Error: Operation timed out after 30009 milliseconds with 0 bytes received [] []
[2026-01-02T02:24:58.915894+01:00] wc_store.WARNING: Could not retrieve ID for category: عطور. Error: cURL Error: Operation timed out after 30010 milliseconds with 0 bytes received [] []
[2026-01-02T02:25:05.741069+01:00] wc_store.WARNING: Could not retrieve ID for category: عطور. Error: cURL Error: Operation timed out after 30007 milliseconds with 0 bytes received [] []
[2026-01-02T02:45:07.712928+01:00] wc_store.ERROR: Failed to fetch current product: cURL Error: Operation timed out after 30013 milliseconds with 0 bytes received [] []
[2026-01-02T02:50:07.581945+01:00] wc_store.WARNING: Could not retrieve ID for category: عطور. Error: Error: Briefly unavailable for scheduled maintenance. Check back in a minute. [wp_die] [] []
[2026-01-02T02:50:08.541605+01:00] wc_store.WARNING: Could not retrieve ID for category: عطور. Error: Error: Briefly unavailable for scheduled maintenance. Check back in a minute. [wp_die] [] []
[2026-01-02T02:50:09.263222+01:00] wc_store.WARNING: Could not retrieve ID for category: ساعات. Error: Error: Briefly unavailable for scheduled maintenance. Check back in a minute. [wp_die] [] []
[2026-01-02T02:50:09.880060+01:00] wc_store.WARNING: Could not retrieve ID for category: ساعات. Error: Error: Briefly unavailable for scheduled maintenance. Check back in a minute. [wp_die] [] []
[2026-01-02T02:50:10.431641+01:00] wc_store.ERROR: WooCommerce API Error (HTTP) fetching Featured Products: Error: Briefly unavailable for scheduled maintenance. Check back in a minute. [wp_die] [] []
[2026-01-02T02:50:10.659894+01:00] wc_store.ERROR: WooCommerce API Error (HTTP) fetching Featured Products: Error: Briefly unavailable for scheduled maintenance. Check back in a minute. [wp_die] [] []
[2026-01-02T02:50:27.855873+01:00] wc_store.WARNING: Could not retrieve ID for category: عطور. Error: Error: Briefly unavailable for scheduled maintenance. Check back in a minute. [wp_die] [] []
[2026-01-02T02:50:28.163370+01:00] wc_store.WARNING: Could not retrieve ID for category: ساعات. Error: Error: Briefly unavailable for scheduled maintenance. Check back in a minute. [wp_die] [] []
[2026-01-02T02:50:28.367556+01:00] wc_store.ERROR: WooCommerce API Error (HTTP) fetching Featured Products: Error: Briefly unavailable for scheduled maintenance. Check back in a minute. [wp_die] [] []
[2026-01-02T03:40:54.435749+01:00] wc_store.WARNING: Could not retrieve ID for category: عطور. Error: Error: Briefly unavailable for scheduled maintenance. Check back in a minute. [wp_die] [] []
[2026-01-02T03:40:54.552362+01:00] wc_store.WARNING: Could not retrieve ID for category: ساعات. Error: Error: Briefly unavailable for scheduled maintenance. Check back in a minute. [wp_die] [] []
[2026-01-02T03:40:54.844644+01:00] wc_store.ERROR: WooCommerce API Error (HTTP) fetching Featured Products: Error: Briefly unavailable for scheduled maintenance. Check back in a minute. [wp_die] [] []
[2026-01-02T03:41:04.277063+01:00] wc_store.WARNING: Could not retrieve ID for category: عطور. Error: Error: Briefly unavailable for scheduled maintenance. Check back in a minute. [wp_die] [] []
[2026-01-02T03:41:04.700057+01:00] wc_store.WARNING: Could not retrieve ID for category: ساعات. Error: Error: Briefly unavailable for scheduled maintenance. Check back in a minute. [wp_die] [] []
[2026-01-02T03:41:05.841718+01:00] wc_store.ERROR: WooCommerce API Error (HTTP) fetching Featured Products: Error: Briefly unavailable for scheduled maintenance. Check back in a minute. [wp_die] [] []
[2026-01-02T03:41:11.416927+01:00] wc_store.WARNING: Could not retrieve ID for category: عطور. Error: Error: Briefly unavailable for scheduled maintenance. Check back in a minute. [wp_die] [] []
[2026-01-02T03:41:12.380637+01:00] wc_store.WARNING: Could not retrieve ID for category: ساعات. Error: Error: Briefly unavailable for scheduled maintenance. Check back in a minute. [wp_die] [] []
[2026-01-02T03:41:12.891602+01:00] wc_store.ERROR: WooCommerce API Error (HTTP) fetching Featured Products: Error: Briefly unavailable for scheduled maintenance. Check back in a minute. [wp_die] [] []
[2026-01-02T03:45:34.642507+01:00] wc_store.WARNING: Could not retrieve ID for category: عطور. Error: cURL Error: Operation timed out after 30003 milliseconds with 0 bytes received [] []
[2026-01-02T03:46:04.652243+01:00] wc_store.WARNING: Could not retrieve ID for category: ساعات. Error: cURL Error: Operation timed out after 30003 milliseconds with 0 bytes received [] []
[2026-01-02T03:46:34.665339+01:00] wc_store.ERROR: WooCommerce API Error (HTTP) fetching Featured Products: cURL Error: Operation timed out after 30007 milliseconds with 0 bytes received [] []
[2026-01-02T03:47:07.993092+01:00] wc_store.WARNING: Could not retrieve ID for category: عطور. Error: cURL Error: Operation timed out after 30002 milliseconds with 0 bytes received [] []
[2026-01-02T03:47:37.998873+01:00] wc_store.WARNING: Could not retrieve ID for category: ساعات. Error: cURL Error: Operation timed out after 30002 milliseconds with 0 bytes received [] []
[2026-01-02T03:48:08.015051+01:00] wc_store.ERROR: WooCommerce API Error (HTTP) fetching Featured Products: cURL Error: Operation timed out after 30013 milliseconds with 0 bytes received [] []
[2026-01-02T03:49:28.488633+01:00] wc_store.WARNING: Could not retrieve ID for category: عطور. Error: cURL Error: Operation timed out after 30018 milliseconds with 0 bytes received [] []
[2026-01-02T03:49:29.124696+01:00] wc_store.WARNING: Could not retrieve ID for category: عطور. Error: cURL Error: Operation timed out after 30007 milliseconds with 0 bytes received [] []
[2026-01-02T03:49:58.497689+01:00] wc_store.WARNING: Could not retrieve ID for category: ساعات. Error: cURL Error: Operation timed out after 30005 milliseconds with 0 bytes received [] []
[2026-01-02T03:49:59.789983+01:00] wc_store.WARNING: Could not retrieve ID for category: ساعات. Error: cURL Error: Operation timed out after 30014 milliseconds with 0 bytes received [] []
[2026-01-02T03:50:28.503983+01:00] wc_store.ERROR: WooCommerce API Error (HTTP) fetching Featured Products: cURL Error: Operation timed out after 30004 milliseconds with 0 bytes received [] []
[2026-01-02T03:50:29.800865+01:00] wc_store.ERROR: WooCommerce API Error (HTTP) fetching Featured Products: cURL Error: Operation timed out after 30008 milliseconds with 0 bytes received [] []
[2026-01-02T03:52:48.953181+01:00] wc_store.ERROR: WooCommerce API Error (HTTP) fetching Featured Products: cURL Error: Operation timed out after 30013 milliseconds with 0 bytes received [] []
[2026-01-02T03:53:03.923317+01:00] wc_store.ERROR: WooCommerce API Error (HTTP) fetching Featured Products: cURL Error: Operation timed out after 30006 milliseconds with 0 bytes received [] []
[2026-01-02T04:10:17.427606+01:00] wc_store.ERROR: Error fetching related products: cURL Error: Operation timed out after 30003 milliseconds with 0 bytes received [] []
[2026-01-02T04:13:24.753403+01:00] wc_store.ERROR: Error fetching related products: cURL Error: Operation timed out after 30007 milliseconds with 0 bytes received [] []
[2026-01-02T17:49:16.832817+01:00] wc_store.ERROR: WooCommerce API Error (HTTP) fetching Featured Products: Error: Briefly unavailable for scheduled maintenance. Check back in a minute. [wp_die] [] []
[2026-01-02T17:49:33.255863+01:00] wc_store.ERROR: WooCommerce API Error (HTTP) fetching ساعات: cURL Error: Operation timed out after 30008 milliseconds with 0 bytes received [] []
[2026-01-02T17:49:38.404565+01:00] wc_store.ERROR: WooCommerce API Error (HTTP) fetching Featured Products: Error: Briefly unavailable for scheduled maintenance. Check back in a minute. [wp_die] [] []
[2026-01-02T17:50:25.203241+01:00] wc_store.ERROR: WooCommerce API Error (HTTP) fetching Featured Products: Error: Briefly unavailable for scheduled maintenance. Check back in a minute. [wp_die] [] []
[2026-01-02T17:53:24.197437+01:00] wc_store.ERROR: WooCommerce API Error (HTTP) fetching Featured Products: Error: Briefly unavailable for scheduled maintenance. Check back in a minute. [wp_die] [] []
[2026-01-02T17:55:11.931595+01:00] wc_store.ERROR: WooCommerce API Error (HTTP) fetching Featured Products: Error: Briefly unavailable for scheduled maintenance. Check back in a minute. [wp_die] [] []
[2026-01-02T17:56:55.042327+01:00] wc_store.ERROR: WooCommerce API Error (HTTP) fetching Featured Products: cURL Error: Operation timed out after 30007 milliseconds with 0 bytes received [] []
[2026-01-02T18:37:58.103189+01:00] wc_store.ERROR: WooCommerce API Error (HTTP) fetching Featured Products: cURL Error: Operation timed out after 30008 milliseconds with 0 bytes received [] []
[2026-01-02T20:09:38.381359+01:00] wc_store.WARNING: Could not retrieve ID for category: عطور. Error: cURL Error: Operation timed out after 30007 milliseconds with 0 bytes received [] []
[2026-01-02T20:09:40.777398+01:00] wc_store.WARNING: Could not retrieve ID for category: عطور. Error: cURL Error: Operation timed out after 30011 milliseconds with 0 bytes received [] []
[2026-01-02T20:10:08.413285+01:00] wc_store.WARNING: Could not retrieve ID for category: ساعات. Error: cURL Error: Operation timed out after 30012 milliseconds with 0 bytes received [] []
[2026-01-02T20:10:10.789171+01:00] wc_store.WARNING: Could not retrieve ID for category: ساعات. Error: cURL Error: Operation timed out after 30007 milliseconds with 0 bytes received [] []
[2026-01-02T20:10:38.427743+01:00] wc_store.ERROR: WooCommerce API Error (HTTP) fetching Featured Products: cURL Error: Operation timed out after 30012 milliseconds with 0 bytes received [] []
[2026-01-02T20:10:42.995471+01:00] wc_store.ERROR: WooCommerce API Error (HTTP) fetching Featured Products: cURL Error: Operation timed out after 30004 milliseconds with 0 bytes received [] []
[2026-01-02T20:14:36.399659+01:00] wc_store.WARNING: Could not retrieve ID for category: عطور. Error: cURL Error: Operation timed out after 30001 milliseconds with 0 bytes received [] []
[2026-01-02T20:15:06.407217+01:00] wc_store.WARNING: Could not retrieve ID for category: ساعات. Error: cURL Error: Operation timed out after 30004 milliseconds with 0 bytes received [] []
[2026-01-02T20:15:36.422905+01:00] wc_store.ERROR: WooCommerce API Error (HTTP) fetching Featured Products: cURL Error: Operation timed out after 30013 milliseconds with 0 bytes received [] []
[2026-01-02T21:01:06.349726+01:00] wc_store.WARNING: Could not retrieve ID for category: عطور. Error: cURL Error: Operation timed out after 30004 milliseconds with 0 bytes received [] []
[2026-01-02T21:01:36.370545+01:00] wc_store.WARNING: Could not retrieve ID for category: ساعات. Error: cURL Error: Operation timed out after 30011 milliseconds with 0 bytes received [] []
[2026-01-02T21:02:06.381969+01:00] wc_store.ERROR: WooCommerce API Error (HTTP) fetching Featured Products: cURL Error: Operation timed out after 30009 milliseconds with 0 bytes received [] []
[2026-01-02T21:02:38.059656+01:00] wc_store.WARNING: Could not retrieve ID for category: عطور. Error: cURL Error: Operation timed out after 30014 milliseconds with 0 bytes received [] []
[2026-01-02T21:06:50.353772+01:00] wc_store.WARNING: Could not retrieve ID for category: عطور. Error: cURL Error: Operation timed out after 30008 milliseconds with 0 bytes received [] []
[2026-01-02T21:08:25.695403+01:00] wc_store.WARNING: Could not retrieve ID for category: عطور. Error: cURL Error: Operation timed out after 30004 milliseconds with 0 bytes received [] []
[2026-01-02T21:08:57.457654+01:00] wc_store.WARNING: Could not retrieve ID for category: عطور. Error: cURL Error: Operation timed out after 30003 milliseconds with 0 bytes received [] []
[2026-01-03T03:14:49.736065+01:00] wc_store.ERROR: WooCommerce API Error (HTTP) fetching ساعات: cURL Error: Operation timed out after 30000 milliseconds with 33791 bytes received [] []
[2026-01-03T03:14:52.590343+01:00] wc_store.ERROR: WooCommerce API Error (HTTP) fetching Featured Products: Error: Briefly unavailable for scheduled maintenance. Check back in a minute. [wp_die] [] []
[2026-01-03T04:21:06.160664+01:00] wc_store.WARNING: Could not retrieve ID for category: ساعات. Error: cURL Error: Operation timed out after 30014 milliseconds with 0 bytes received [] []
[2026-01-03T04:21:36.197586+01:00] wc_store.ERROR: WooCommerce API Error (HTTP) fetching Featured Products: cURL Error: Operation timed out after 30014 milliseconds with 0 bytes received [] []
[2026-01-04T03:17:07.579332+01:00] wc_store.ERROR: WooCommerce API Error (HTTP) fetching Featured Products: Error: Briefly unavailable for scheduled maintenance. Check back in a minute. [wp_die] [] []
[2026-01-06T01:29:59.948511+01:00] wc_store.WARNING: Could not retrieve ID for category: عطور. Error: cURL Error: Failed to connect to localhost port 8088 after 2222 ms: Couldn't connect to server [] []
[2026-01-06T01:30:02.193637+01:00] wc_store.WARNING: Could not retrieve ID for category: ساعات. Error: cURL Error: Failed to connect to localhost port 8088 after 2244 ms: Couldn't connect to server [] []
[2026-01-06T01:30:04.412129+01:00] wc_store.ERROR: WooCommerce API Error (HTTP) fetching Featured Products: cURL Error: Failed to connect to localhost port 8088 after 2217 ms: Couldn't connect to server [] []
[2026-01-06T18:12:15.723814+01:00] wc_store.WARNING: Could not retrieve ID for category: عطور. Error: cURL Error: Failed to connect to localhost port 8088 after 2238 ms: Couldn't connect to server [] []
[2026-01-06T18:12:18.005417+01:00] wc_store.WARNING: Could not retrieve ID for category: ساعات. Error: cURL Error: Failed to connect to localhost port 8088 after 2254 ms: Couldn't connect to server [] []
[2026-01-06T18:12:20.255374+01:00] wc_store.ERROR: WooCommerce API Error (HTTP) fetching Featured Products: cURL Error: Failed to connect to localhost port 8088 after 2247 ms: Couldn't connect to server [] []
[2026-01-07T00:44:23.969720+01:00] wc_store.WARNING: Could not retrieve ID for category: عطور. Error: JSON ERROR: Syntax error [] []
[2026-01-07T00:44:24.770800+01:00] wc_store.WARNING: Could not retrieve ID for category: ساعات. Error: JSON ERROR: Syntax error [] []
[2026-01-07T00:44:25.147362+01:00] wc_store.ERROR: WooCommerce API Error (HTTP) fetching Featured Products: JSON ERROR: Syntax error [] []
[2026-01-07T00:44:31.426317+01:00] wc_store.WARNING: Could not retrieve ID for category: عطور. Error: JSON ERROR: Syntax error [] []
[2026-01-07T00:44:31.798457+01:00] wc_store.WARNING: Could not retrieve ID for category: ساعات. Error: JSON ERROR: Syntax error [] []
[2026-01-07T00:44:32.139271+01:00] wc_store.ERROR: WooCommerce API Error (HTTP) fetching Featured Products: JSON ERROR: Syntax error [] []
[2026-01-07T00:44:32.672413+01:00] wc_store.WARNING: Could not retrieve ID for category: عطور. Error: JSON ERROR: Syntax error [] []
[2026-01-07T00:44:32.968169+01:00] wc_store.WARNING: Could not retrieve ID for category: ساعات. Error: JSON ERROR: Syntax error [] []
[2026-01-07T00:44:33.295986+01:00] wc_store.ERROR: WooCommerce API Error (HTTP) fetching Featured Products: JSON ERROR: Syntax error [] []
[2026-01-07T00:44:35.759825+01:00] wc_store.WARNING: Could not retrieve ID for category: عطور. Error: JSON ERROR: Syntax error [] []
[2026-01-07T00:44:36.134877+01:00] wc_store.WARNING: Could not retrieve ID for category: ساعات. Error: JSON ERROR: Syntax error [] []
[2026-01-07T00:44:36.574059+01:00] wc_store.ERROR: WooCommerce API Error (HTTP) fetching Featured Products: JSON ERROR: Syntax error [] []
[2026-01-07T00:47:17.825108+01:00] wc_store.WARNING: Could not retrieve ID for category: عطور. Error: JSON ERROR: Syntax error [] []
[2026-01-07T00:47:18.493572+01:00] wc_store.WARNING: Could not retrieve ID for category: ساعات. Error: JSON ERROR: Syntax error [] []
[2026-01-07T00:47:18.841579+01:00] wc_store.ERROR: WooCommerce API Error (HTTP) fetching Featured Products: JSON ERROR: Syntax error [] []
[2026-01-07T00:47:30.143633+01:00] wc_store.WARNING: Could not retrieve ID for category: عطور. Error: JSON ERROR: Syntax error [] []
[2026-01-07T00:47:30.487410+01:00] wc_store.WARNING: Could not retrieve ID for category: ساعات. Error: JSON ERROR: Syntax error [] []
[2026-01-07T00:47:30.852449+01:00] wc_store.ERROR: WooCommerce API Error (HTTP) fetching Featured Products: JSON ERROR: Syntax error [] []
[2026-01-07T00:47:31.546534+01:00] wc_store.WARNING: Could not retrieve ID for category: عطور. Error: JSON ERROR: Syntax error [] []
[2026-01-07T00:47:31.928988+01:00] wc_store.WARNING: Could not retrieve ID for category: ساعات. Error: JSON ERROR: Syntax error [] []
[2026-01-07T00:47:32.315059+01:00] wc_store.ERROR: WooCommerce API Error (HTTP) fetching Featured Products: JSON ERROR: Syntax error [] []
[2026-01-07T00:47:38.905309+01:00] wc_store.WARNING: Could not retrieve ID for category: عطور. Error: JSON ERROR: Syntax error [] []
[2026-01-07T00:47:39.221518+01:00] wc_store.WARNING: Could not retrieve ID for category: ساعات. Error: JSON ERROR: Syntax error [] []
[2026-01-07T00:47:39.494320+01:00] wc_store.ERROR: WooCommerce API Error (HTTP) fetching Featured Products: JSON ERROR: Syntax error [] []
[2026-01-07T00:47:44.652167+01:00] wc_store.WARNING: Could not retrieve ID for category: عطور. Error: JSON ERROR: Syntax error [] []
[2026-01-07T00:47:45.019443+01:00] wc_store.WARNING: Could not retrieve ID for category: ساعات. Error: JSON ERROR: Syntax error [] []
[2026-01-07T00:47:45.343841+01:00] wc_store.ERROR: WooCommerce API Error (HTTP) fetching Featured Products: JSON ERROR: Syntax error [] []
[2026-01-07T00:47:46.128572+01:00] wc_store.WARNING: Could not retrieve ID for category: عطور. Error: JSON ERROR: Syntax error [] []
[2026-01-07T00:47:46.511123+01:00] wc_store.WARNING: Could not retrieve ID for category: ساعات. Error: JSON ERROR: Syntax error [] []
[2026-01-07T00:47:46.848680+01:00] wc_store.ERROR: WooCommerce API Error (HTTP) fetching Featured Products: JSON ERROR: Syntax error [] []
[2026-01-07T00:47:53.779091+01:00] wc_store.WARNING: Could not retrieve ID for category: عطور. Error: JSON ERROR: Syntax error [] []
[2026-01-07T00:47:54.109815+01:00] wc_store.WARNING: Could not retrieve ID for category: ساعات. Error: JSON ERROR: Syntax error [] []
[2026-01-07T00:47:54.447041+01:00] wc_store.ERROR: WooCommerce API Error (HTTP) fetching Featured Products: JSON ERROR: Syntax error [] []
[2026-01-07T00:48:23.802067+01:00] wc_store.WARNING: Could not retrieve ID for category: عطور. Error: JSON ERROR: Syntax error [] []
[2026-01-07T00:48:24.124753+01:00] wc_store.WARNING: Could not retrieve ID for category: ساعات. Error: JSON ERROR: Syntax error [] []
[2026-01-07T00:48:24.519517+01:00] wc_store.ERROR: WooCommerce API Error (HTTP) fetching Featured Products: JSON ERROR: Syntax error [] []
[2026-01-07T00:48:28.771771+01:00] wc_store.WARNING: Could not retrieve ID for category: عطور. Error: JSON ERROR: Syntax error [] []
[2026-01-07T00:48:29.153385+01:00] wc_store.WARNING: Could not retrieve ID for category: ساعات. Error: JSON ERROR: Syntax error [] []
[2026-01-07T00:48:29.516849+01:00] wc_store.ERROR: WooCommerce API Error (HTTP) fetching Featured Products: JSON ERROR: Syntax error [] []
[2026-01-07T00:48:35.496731+01:00] wc_store.WARNING: Could not retrieve ID for category: عطور. Error: JSON ERROR: Syntax error [] []
[2026-01-07T00:48:35.756153+01:00] wc_store.WARNING: Could not retrieve ID for category: ساعات. Error: JSON ERROR: Syntax error [] []
[2026-01-07T00:48:36.067426+01:00] wc_store.ERROR: WooCommerce API Error (HTTP) fetching Featured Products: JSON ERROR: Syntax error [] []
[2026-01-07T00:49:52.364023+01:00] wc_store.WARNING: Could not retrieve ID for category: عطور. Error: JSON ERROR: Syntax error [] []
[2026-01-07T00:49:53.003997+01:00] wc_store.WARNING: Could not retrieve ID for category: ساعات. Error: JSON ERROR: Syntax error [] []
[2026-01-07T00:49:53.471366+01:00] wc_store.ERROR: WooCommerce API Error (HTTP) fetching Featured Products: JSON ERROR: Syntax error [] []
[2026-01-07T00:51:45.732557+01:00] wc_store.WARNING: Could not retrieve ID for category: عطور. Error: JSON ERROR: Syntax error [] []
[2026-01-07T00:51:46.610271+01:00] wc_store.WARNING: Could not retrieve ID for category: ساعات. Error: JSON ERROR: Syntax error [] []
[2026-01-07T00:51:47.072287+01:00] wc_store.ERROR: WooCommerce API Error (HTTP) fetching Featured Products: JSON ERROR: Syntax error [] []
[2026-01-07T00:51:53.382733+01:00] wc_store.WARNING: Could not retrieve ID for category: عطور. Error: JSON ERROR: Syntax error [] []
[2026-01-07T00:51:53.878808+01:00] wc_store.WARNING: Could not retrieve ID for category: ساعات. Error: JSON ERROR: Syntax error [] []
[2026-01-07T00:51:54.444215+01:00] wc_store.ERROR: WooCommerce API Error (HTTP) fetching Featured Products: JSON ERROR: Syntax error [] []
[2026-01-07T00:51:55.710070+01:00] wc_store.WARNING: Could not retrieve ID for category: عطور. Error: JSON ERROR: Syntax error [] []
[2026-01-07T00:51:56.200245+01:00] wc_store.WARNING: Could not retrieve ID for category: ساعات. Error: JSON ERROR: Syntax error [] []
[2026-01-07T00:51:56.658499+01:00] wc_store.ERROR: WooCommerce API Error (HTTP) fetching Featured Products: JSON ERROR: Syntax error [] []
[2026-01-07T00:52:03.735328+01:00] wc_store.WARNING: Could not retrieve ID for category: عطور. Error: JSON ERROR: Syntax error [] []
[2026-01-07T00:52:04.832230+01:00] wc_store.WARNING: Could not retrieve ID for category: ساعات. Error: JSON ERROR: Syntax error [] []
[2026-01-07T00:52:05.474602+01:00] wc_store.ERROR: WooCommerce API Error (HTTP) fetching Featured Products: JSON ERROR: Syntax error [] []
[2026-01-07T00:52:06.397879+01:00] wc_store.WARNING: Could not retrieve ID for category: عطور. Error: JSON ERROR: Syntax error [] []
[2026-01-07T00:52:06.784328+01:00] wc_store.WARNING: Could not retrieve ID for category: ساعات. Error: JSON ERROR: Syntax error [] []
[2026-01-07T00:52:07.213144+01:00] wc_store.ERROR: WooCommerce API Error (HTTP) fetching Featured Products: JSON ERROR: Syntax error [] []
[2026-01-07T00:56:19.193701+01:00] wc_store.WARNING: Could not retrieve ID for category: عطور. Error: JSON ERROR: Syntax error [] []
[2026-01-07T00:56:19.567566+01:00] wc_store.WARNING: Could not retrieve ID for category: ساعات. Error: JSON ERROR: Syntax error [] []
[2026-01-07T00:56:19.971431+01:00] wc_store.ERROR: WooCommerce API Error (HTTP) fetching Featured Products: JSON ERROR: Syntax error [] []
[2026-01-07T00:56:26.009971+01:00] wc_store.WARNING: Could not retrieve ID for category: عطور. Error: JSON ERROR: Syntax error [] []
[2026-01-07T00:56:26.454049+01:00] wc_store.WARNING: Could not retrieve ID for category: ساعات. Error: JSON ERROR: Syntax error [] []
[2026-01-07T00:56:26.915226+01:00] wc_store.ERROR: WooCommerce API Error (HTTP) fetching Featured Products: JSON ERROR: Syntax error [] []
[2026-01-07T00:56:28.557328+01:00] wc_store.WARNING: Could not retrieve ID for category: عطور. Error: JSON ERROR: Syntax error [] []
[2026-01-07T00:56:28.777120+01:00] wc_store.WARNING: Could not retrieve ID for category: ساعات. Error: JSON ERROR: Syntax error [] []
[2026-01-07T00:56:28.926188+01:00] wc_store.ERROR: WooCommerce API Error (HTTP) fetching Featured Products: JSON ERROR: Syntax error [] []
[2026-01-07T00:56:29.519013+01:00] wc_store.WARNING: Could not retrieve ID for category: عطور. Error: JSON ERROR: Syntax error [] []
[2026-01-07T00:56:29.669669+01:00] wc_store.WARNING: Could not retrieve ID for category: ساعات. Error: JSON ERROR: Syntax error [] []
[2026-01-07T00:56:29.798889+01:00] wc_store.ERROR: WooCommerce API Error (HTTP) fetching Featured Products: JSON ERROR: Syntax error [] []
[2026-01-07T01:00:20.891124+01:00] wc_store.WARNING: Could not retrieve ID for category: عطور. Error: JSON ERROR: Syntax error [] []
[2026-01-07T01:00:21.269766+01:00] wc_store.WARNING: Could not retrieve ID for category: ساعات. Error: JSON ERROR: Syntax error [] []
[2026-01-07T01:00:21.773649+01:00] wc_store.ERROR: WooCommerce API Error (HTTP) fetching Featured Products: JSON ERROR: Syntax error [] []
[2026-01-07T01:00:26.436260+01:00] wc_store.WARNING: Could not retrieve ID for category: عطور. Error: JSON ERROR: Syntax error [] []
[2026-01-07T01:00:26.933351+01:00] wc_store.WARNING: Could not retrieve ID for category: ساعات. Error: JSON ERROR: Syntax error [] []
[2026-01-07T01:00:27.372549+01:00] wc_store.ERROR: WooCommerce API Error (HTTP) fetching Featured Products: JSON ERROR: Syntax error [] []
[2026-01-07T01:00:28.630826+01:00] wc_store.WARNING: Could not retrieve ID for category: عطور. Error: JSON ERROR: Syntax error [] []
[2026-01-07T01:00:29.049183+01:00] wc_store.WARNING: Could not retrieve ID for category: ساعات. Error: JSON ERROR: Syntax error [] []
[2026-01-07T01:00:29.467597+01:00] wc_store.ERROR: WooCommerce API Error (HTTP) fetching Featured Products: JSON ERROR: Syntax error [] []
[2026-01-07T01:00:33.390589+01:00] wc_store.WARNING: Could not retrieve ID for category: عطور. Error: JSON ERROR: Syntax error [] []
[2026-01-07T01:00:33.782412+01:00] wc_store.WARNING: Could not retrieve ID for category: ساعات. Error: JSON ERROR: Syntax error [] []
[2026-01-07T01:00:34.132834+01:00] wc_store.ERROR: WooCommerce API Error (HTTP) fetching Featured Products: JSON ERROR: Syntax error [] []
[2026-01-07T01:15:47.043769+01:00] wc_store.WARNING: Could not retrieve ID for category: عطور. Error: JSON ERROR: Syntax error [] []
[2026-01-07T01:15:47.643193+01:00] wc_store.WARNING: Could not retrieve ID for category: ساعات. Error: JSON ERROR: Syntax error [] []
[2026-01-07T01:15:48.145870+01:00] wc_store.ERROR: WooCommerce API Error (HTTP) fetching Featured Products: JSON ERROR: Syntax error [] []
[2026-01-07T01:15:53.174675+01:00] wc_store.WARNING: Could not retrieve ID for category: عطور. Error: JSON ERROR: Syntax error [] []
[2026-01-07T01:15:53.732320+01:00] wc_store.WARNING: Could not retrieve ID for category: ساعات. Error: JSON ERROR: Syntax error [] []
[2026-01-07T01:15:54.293806+01:00] wc_store.ERROR: WooCommerce API Error (HTTP) fetching Featured Products: JSON ERROR: Syntax error [] []
[2026-01-07T01:15:54.842894+01:00] wc_store.WARNING: Could not retrieve ID for category: عطور. Error: JSON ERROR: Syntax error [] []
[2026-01-07T01:15:55.341065+01:00] wc_store.WARNING: Could not retrieve ID for category: ساعات. Error: JSON ERROR: Syntax error [] []
[2026-01-07T01:15:55.925858+01:00] wc_store.ERROR: WooCommerce API Error (HTTP) fetching Featured Products: JSON ERROR: Syntax error [] []
[2026-01-07T01:19:05.229227+01:00] wc_store.WARNING: Could not retrieve ID for category: عطور. Error: JSON ERROR: Syntax error [] []
[2026-01-07T01:19:06.437613+01:00] wc_store.WARNING: Could not retrieve ID for category: ساعات. Error: JSON ERROR: Syntax error [] []
[2026-01-07T01:19:07.059270+01:00] wc_store.ERROR: WooCommerce API Error (HTTP) fetching Featured Products: JSON ERROR: Syntax error [] []
[2026-01-07T01:19:16.838639+01:00] wc_store.WARNING: Could not retrieve ID for category: عطور. Error: JSON ERROR: Syntax error [] []
[2026-01-07T01:19:17.260557+01:00] wc_store.WARNING: Could not retrieve ID for category: ساعات. Error: JSON ERROR: Syntax error [] []
[2026-01-07T01:19:17.631445+01:00] wc_store.ERROR: WooCommerce API Error (HTTP) fetching Featured Products: JSON ERROR: Syntax error [] []
[2026-01-07T01:36:56.480041+01:00] wc_store.WARNING: Could not retrieve ID for category: عطور. Error: cURL Error: Operation timed out after 30002 milliseconds with 0 bytes received [] []
[2026-01-07T01:37:26.485720+01:00] wc_store.WARNING: Could not retrieve ID for category: ساعات. Error: cURL Error: Operation timed out after 30002 milliseconds with 0 bytes received [] []
[2026-01-07T01:37:56.500389+01:00] wc_store.ERROR: WooCommerce API Error (HTTP) fetching Featured Products: cURL Error: Operation timed out after 30012 milliseconds with 0 bytes received [] []
[2026-01-07T01:37:57.182512+01:00] wc_store.WARNING: Could not retrieve ID for category: عطور. Error: JSON ERROR: Syntax error [] []
[2026-01-07T01:37:57.593114+01:00] wc_store.WARNING: Could not retrieve ID for category: ساعات. Error: JSON ERROR: Syntax error [] []
[2026-01-07T01:37:57.971761+01:00] wc_store.ERROR: WooCommerce API Error (HTTP) fetching Featured Products: JSON ERROR: Syntax error [] []
[2026-01-07T01:37:58.407713+01:00] wc_store.WARNING: Could not retrieve ID for category: عطور. Error: JSON ERROR: Syntax error [] []
[2026-01-07T01:37:58.848109+01:00] wc_store.WARNING: Could not retrieve ID for category: ساعات. Error: JSON ERROR: Syntax error [] []
[2026-01-07T01:38:00.325242+01:00] wc_store.ERROR: WooCommerce API Error (HTTP) fetching Featured Products: JSON ERROR: Syntax error [] []
[2026-01-07T01:38:01.249659+01:00] wc_store.WARNING: Could not retrieve ID for category: عطور. Error: JSON ERROR: Syntax error [] []
[2026-01-07T01:38:01.438666+01:00] wc_store.WARNING: Could not retrieve ID for category: ساعات. Error: JSON ERROR: Syntax error [] []
[2026-01-07T01:38:01.829957+01:00] wc_store.ERROR: WooCommerce API Error (HTTP) fetching Featured Products: JSON ERROR: Syntax error [] []
[2026-01-07T01:38:02.229543+01:00] wc_store.WARNING: Could not retrieve ID for category: عطور. Error: JSON ERROR: Syntax error [] []
[2026-01-07T01:38:02.679514+01:00] wc_store.WARNING: Could not retrieve ID for category: ساعات. Error: JSON ERROR: Syntax error [] []
[2026-01-07T01:38:03.130884+01:00] wc_store.ERROR: WooCommerce API Error (HTTP) fetching Featured Products: JSON ERROR: Syntax error [] []
[2026-01-10T20:29:02.468923+01:00] wc_store.WARNING: Could not retrieve ID for category: عطور. Error: cURL Error: Operation timed out after 30010 milliseconds with 0 bytes received [] []
[2026-03-21T04:32:35.170540+01:00] wc_store.WARNING: Could not retrieve ID for category: عطور. Error: cURL Error: Operation timed out after 30002 milliseconds with 0 bytes received [] []
[2026-03-21T04:32:47.161783+01:00] wc_store.WARNING: Could not retrieve ID for category: ساعات. Error: Error: <h1>Error establishing a database connection</h1> [wp_die] [] []
[2026-03-21T04:32:47.243485+01:00] wc_store.ERROR: WooCommerce API Error (HTTP) fetching Featured Products: Error: <h1>Error establishing a database connection</h1> [wp_die] [] []
[2026-03-21T04:34:31.495402+01:00] wc_store.WARNING: Could not retrieve ID for category: عطور. Error: Error: <h1>Error establishing a database connection</h1> [wp_die] [] []
[2026-03-21T04:34:31.645390+01:00] wc_store.WARNING: Could not retrieve ID for category: ساعات. Error: Error: <h1>Error establishing a database connection</h1> [wp_die] [] []
[2026-03-21T04:34:31.747031+01:00] wc_store.ERROR: WooCommerce API Error (HTTP) fetching Featured Products: Error: <h1>Error establishing a database connection</h1> [wp_die] [] []
[2026-03-21T04:36:34.596494+01:00] wc_store.WARNING: Could not retrieve ID for category: عطور. Error: JSON ERROR: Syntax error [] []
[2026-03-21T04:36:34.834806+01:00] wc_store.WARNING: Could not retrieve ID for category: ساعات. Error: JSON ERROR: Syntax error [] []
[2026-03-21T04:36:35.190499+01:00] wc_store.ERROR: WooCommerce API Error (HTTP) fetching Featured Products: JSON ERROR: Syntax error [] []
[2026-03-21T04:36:46.872916+01:00] wc_store.WARNING: Could not retrieve ID for category: عطور. Error: JSON ERROR: Syntax error [] []
[2026-03-21T04:36:47.117109+01:00] wc_store.WARNING: Could not retrieve ID for category: ساعات. Error: JSON ERROR: Syntax error [] []
[2026-03-21T04:36:47.347141+01:00] wc_store.ERROR: WooCommerce API Error (HTTP) fetching Featured Products: JSON ERROR: Syntax error [] []
[2026-03-21T04:38:02.752861+01:00] wc_store.WARNING: Could not retrieve ID for category: عطور. Error: JSON ERROR: Syntax error [] []
[2026-03-21T04:38:02.977127+01:00] wc_store.WARNING: Could not retrieve ID for category: ساعات. Error: JSON ERROR: Syntax error [] []
[2026-03-21T04:38:03.219462+01:00] wc_store.ERROR: WooCommerce API Error (HTTP) fetching Featured Products: JSON ERROR: Syntax error [] []
[2026-03-21T04:39:33.202096+01:00] wc_store.WARNING: Could not retrieve ID for category: عطور. Error: JSON ERROR: Syntax error [] []
[2026-03-21T04:39:33.385508+01:00] wc_store.WARNING: Could not retrieve ID for category: ساعات. Error: JSON ERROR: Syntax error [] []
[2026-03-21T04:39:33.586926+01:00] wc_store.ERROR: WooCommerce API Error (HTTP) fetching Featured Products: JSON ERROR: Syntax error [] []
[2026-03-21T04:39:39.832800+01:00] wc_store.WARNING: Could not retrieve ID for category: عطور. Error: JSON ERROR: Syntax error [] []
[2026-03-21T04:39:40.044368+01:00] wc_store.WARNING: Could not retrieve ID for category: ساعات. Error: JSON ERROR: Syntax error [] []
[2026-03-21T04:39:40.359283+01:00] wc_store.ERROR: WooCommerce API Error (HTTP) fetching Featured Products: JSON ERROR: Syntax error [] []
[2026-03-21T04:39:41.635496+01:00] wc_store.WARNING: Could not retrieve ID for category: عطور. Error: JSON ERROR: Syntax error [] []
[2026-03-21T04:39:41.872848+01:00] wc_store.WARNING: Could not retrieve ID for category: ساعات. Error: JSON ERROR: Syntax error [] []
[2026-03-21T04:39:42.074762+01:00] wc_store.ERROR: WooCommerce API Error (HTTP) fetching Featured Products: JSON ERROR: Syntax error [] []
[2026-03-21T04:39:51.702168+01:00] wc_store.WARNING: Could not retrieve ID for category: عطور. Error: JSON ERROR: Syntax error [] []
[2026-03-21T04:39:51.935556+01:00] wc_store.WARNING: Could not retrieve ID for category: ساعات. Error: JSON ERROR: Syntax error [] []
[2026-03-21T04:39:52.168229+01:00] wc_store.ERROR: WooCommerce API Error (HTTP) fetching Featured Products: JSON ERROR: Syntax error [] []
[2026-03-21T04:48:46.820186+01:00] wc_store.WARNING: Could not retrieve ID for category: قمصان. Error: JSON ERROR: Syntax error [] []
[2026-03-21T04:48:47.223407+01:00] wc_store.WARNING: Could not retrieve ID for category: جاكيتات. Error: JSON ERROR: Syntax error [] []
[2026-03-21T04:48:47.672026+01:00] wc_store.ERROR: WooCommerce API Error (HTTP) fetching Featured Products: JSON ERROR: Syntax error [] []
[2026-03-21T04:48:53.851725+01:00] wc_store.WARNING: Could not retrieve ID for category: قمصان. Error: JSON ERROR: Syntax error [] []
[2026-03-21T04:48:54.193093+01:00] wc_store.WARNING: Could not retrieve ID for category: جاكيتات. Error: JSON ERROR: Syntax error [] []
[2026-03-21T04:48:54.698379+01:00] wc_store.ERROR: WooCommerce API Error (HTTP) fetching Featured Products: JSON ERROR: Syntax error [] []
[2026-03-21T04:49:23.901310+01:00] wc_store.WARNING: Could not retrieve ID for category: قمصان. Error: JSON ERROR: Syntax error [] []
[2026-03-21T04:49:24.327860+01:00] wc_store.WARNING: Could not retrieve ID for category: جاكيتات. Error: JSON ERROR: Syntax error [] []
[2026-03-21T04:49:24.589082+01:00] wc_store.ERROR: WooCommerce API Error (HTTP) fetching Featured Products: JSON ERROR: Syntax error [] []
[2026-03-21T04:49:43.331426+01:00] wc_store.WARNING: Could not retrieve ID for category: قمصان. Error: JSON ERROR: Syntax error [] []
[2026-03-21T04:49:43.713342+01:00] wc_store.WARNING: Could not retrieve ID for category: جاكيتات. Error: JSON ERROR: Syntax error [] []
[2026-03-21T04:49:44.098500+01:00] wc_store.ERROR: WooCommerce API Error (HTTP) fetching Featured Products: JSON ERROR: Syntax error [] []
[2026-03-21T04:51:19.556663+01:00] wc_store.WARNING: Could not retrieve ID for category: قمصان. Error: JSON ERROR: Syntax error [] []
[2026-03-21T04:51:20.209561+01:00] wc_store.WARNING: Could not retrieve ID for category: جاكيتات. Error: JSON ERROR: Syntax error [] []
[2026-03-21T04:51:20.579496+01:00] wc_store.ERROR: WooCommerce API Error (HTTP) fetching Featured Products: JSON ERROR: Syntax error [] []
[2026-03-21T04:53:44.474186+01:00] wc_store.WARNING: Could not retrieve ID for category: قمصان. Error: JSON ERROR: Syntax error [] []
[2026-03-21T04:53:44.711818+01:00] wc_store.WARNING: Could not retrieve ID for category: جاكيتات. Error: JSON ERROR: Syntax error [] []
[2026-03-21T04:53:45.288420+01:00] wc_store.ERROR: WooCommerce API Error (HTTP) fetching Featured Products: JSON ERROR: Syntax error [] []
[2026-03-21T04:53:54.934856+01:00] wc_store.WARNING: Could not retrieve ID for category: قمصان. Error: JSON ERROR: Syntax error [] []
[2026-03-21T04:53:55.319162+01:00] wc_store.WARNING: Could not retrieve ID for category: جاكيتات. Error: JSON ERROR: Syntax error [] []
[2026-03-21T04:53:55.552951+01:00] wc_store.ERROR: WooCommerce API Error (HTTP) fetching Featured Products: JSON ERROR: Syntax error [] []
[2026-03-21T04:58:17.668849+01:00] wc_store.WARNING: Could not retrieve ID for category: قمصان. Error: JSON ERROR: Syntax error [] []
[2026-03-21T04:58:17.930837+01:00] wc_store.WARNING: Could not retrieve ID for category: جاكيتات. Error: JSON ERROR: Syntax error [] []
[2026-03-21T04:58:18.351613+01:00] wc_store.ERROR: WooCommerce API Error (HTTP) fetching Featured Products: JSON ERROR: Syntax error [] []
[2026-03-21T04:58:25.396265+01:00] wc_store.WARNING: Could not retrieve ID for category: قمصان. Error: JSON ERROR: Syntax error [] []
[2026-03-21T04:58:25.992476+01:00] wc_store.WARNING: Could not retrieve ID for category: جاكيتات. Error: JSON ERROR: Syntax error [] []
[2026-03-21T04:58:26.349206+01:00] wc_store.ERROR: WooCommerce API Error (HTTP) fetching Featured Products: JSON ERROR: Syntax error [] []
[2026-03-21T04:58:35.628013+01:00] wc_store.WARNING: Could not retrieve ID for category: قمصان. Error: JSON ERROR: Syntax error [] []
[2026-03-21T04:58:35.981079+01:00] wc_store.WARNING: Could not retrieve ID for category: جاكيتات. Error: JSON ERROR: Syntax error [] []
[2026-03-21T04:58:36.197125+01:00] wc_store.ERROR: WooCommerce API Error (HTTP) fetching Featured Products: JSON ERROR: Syntax error [] []
[2026-03-21T05:06:01.292143+01:00] wc_store.WARNING: Could not retrieve ID for category: قمصان. Error: JSON ERROR: Syntax error [] []
[2026-03-21T05:06:01.522448+01:00] wc_store.WARNING: Could not retrieve ID for category: جاكيتات. Error: JSON ERROR: Syntax error [] []
[2026-03-21T05:06:01.722555+01:00] wc_store.ERROR: WooCommerce API Error (HTTP) fetching Featured Products: JSON ERROR: Syntax error [] []
[2026-03-21T05:06:59.114121+01:00] wc_store.WARNING: Could not retrieve ID for category: قمصان. Error: JSON ERROR: Syntax error [] []
[2026-03-21T05:06:59.385727+01:00] wc_store.WARNING: Could not retrieve ID for category: جاكيتات. Error: JSON ERROR: Syntax error [] []
[2026-03-21T05:06:59.721213+01:00] wc_store.ERROR: WooCommerce API Error (HTTP) fetching Featured Products: JSON ERROR: Syntax error [] []
[2026-03-21T05:07:27.404161+01:00] wc_store.WARNING: Could not retrieve ID for category: قمصان. Error: JSON ERROR: Syntax error [] []
[2026-03-21T05:07:27.581510+01:00] wc_store.WARNING: Could not retrieve ID for category: جاكيتات. Error: JSON ERROR: Syntax error [] []
[2026-03-21T05:07:27.760126+01:00] wc_store.ERROR: WooCommerce API Error (HTTP) fetching Featured Products: JSON ERROR: Syntax error [] []
[2026-03-21T05:09:06.228932+01:00] wc_store.WARNING: Could not retrieve ID for category: قمصان. Error: JSON ERROR: Syntax error [] []
[2026-03-21T05:09:06.461333+01:00] wc_store.WARNING: Could not retrieve ID for category: جاكيتات. Error: JSON ERROR: Syntax error [] []
[2026-03-21T05:09:06.772418+01:00] wc_store.ERROR: WooCommerce API Error (HTTP) fetching Featured Products: JSON ERROR: Syntax error [] []
[2026-03-21T05:09:12.296088+01:00] wc_store.WARNING: Could not retrieve ID for category: قمصان. Error: JSON ERROR: Syntax error [] []
[2026-03-21T05:09:12.586034+01:00] wc_store.WARNING: Could not retrieve ID for category: جاكيتات. Error: JSON ERROR: Syntax error [] []
[2026-03-21T05:09:12.860103+01:00] wc_store.ERROR: WooCommerce API Error (HTTP) fetching Featured Products: JSON ERROR: Syntax error [] []
[2026-03-21T05:09:13.369455+01:00] wc_store.WARNING: Could not retrieve ID for category: قمصان. Error: JSON ERROR: Syntax error [] []
[2026-03-21T05:09:13.626455+01:00] wc_store.WARNING: Could not retrieve ID for category: جاكيتات. Error: JSON ERROR: Syntax error [] []
[2026-03-21T05:09:13.863582+01:00] wc_store.ERROR: WooCommerce API Error (HTTP) fetching Featured Products: JSON ERROR: Syntax error [] []
[2026-03-21T05:14:12.812171+01:00] wc_store.WARNING: Could not retrieve ID for category: قمصان. Error: JSON ERROR: Syntax error [] []
[2026-03-21T05:14:13.078252+01:00] wc_store.WARNING: Could not retrieve ID for category: جاكيتات. Error: JSON ERROR: Syntax error [] []
[2026-03-21T05:14:13.326614+01:00] wc_store.ERROR: WooCommerce API Error (HTTP) fetching Featured Products: JSON ERROR: Syntax error [] []
[2026-03-21T05:14:19.540096+01:00] wc_store.WARNING: Could not retrieve ID for category: قمصان. Error: JSON ERROR: Syntax error [] []
[2026-03-21T05:14:19.784873+01:00] wc_store.WARNING: Could not retrieve ID for category: جاكيتات. Error: JSON ERROR: Syntax error [] []
[2026-03-21T05:14:20.080979+01:00] wc_store.ERROR: WooCommerce API Error (HTTP) fetching Featured Products: JSON ERROR: Syntax error [] []
[2026-03-21T05:14:22.405835+01:00] wc_store.WARNING: Could not retrieve ID for category: قمصان. Error: JSON ERROR: Syntax error [] []
[2026-03-21T05:14:22.628767+01:00] wc_store.WARNING: Could not retrieve ID for category: جاكيتات. Error: JSON ERROR: Syntax error [] []
[2026-03-21T05:14:22.874958+01:00] wc_store.ERROR: WooCommerce API Error (HTTP) fetching Featured Products: JSON ERROR: Syntax error [] []
[2026-03-21T05:17:09.606912+01:00] wc_store.WARNING: Could not retrieve ID for category: قمصان. Error: JSON ERROR: Syntax error [] []
[2026-03-21T05:17:09.847741+01:00] wc_store.WARNING: Could not retrieve ID for category: جاكيتات. Error: JSON ERROR: Syntax error [] []
[2026-03-21T05:17:10.175603+01:00] wc_store.ERROR: WooCommerce API Error (HTTP) fetching Featured Products: JSON ERROR: Syntax error [] []
[2026-03-21T05:17:18.893061+01:00] wc_store.WARNING: Could not retrieve ID for category: قمصان. Error: JSON ERROR: Syntax error [] []
[2026-03-21T05:17:19.086271+01:00] wc_store.WARNING: Could not retrieve ID for category: جاكيتات. Error: JSON ERROR: Syntax error [] []
[2026-03-21T05:17:19.293204+01:00] wc_store.ERROR: WooCommerce API Error (HTTP) fetching Featured Products: JSON ERROR: Syntax error [] []
[2026-03-21T05:17:38.099294+01:00] wc_store.WARNING: Could not retrieve ID for category: قمصان. Error: JSON ERROR: Syntax error [] []
[2026-03-21T05:17:38.303023+01:00] wc_store.WARNING: Could not retrieve ID for category: جاكيتات. Error: JSON ERROR: Syntax error [] []
[2026-03-21T05:17:38.474197+01:00] wc_store.ERROR: WooCommerce API Error (HTTP) fetching Featured Products: JSON ERROR: Syntax error [] []
[2026-03-21T05:17:45.068839+01:00] wc_store.WARNING: Could not retrieve ID for category: قمصان. Error: JSON ERROR: Syntax error [] []
[2026-03-21T05:17:45.229390+01:00] wc_store.WARNING: Could not retrieve ID for category: جاكيتات. Error: JSON ERROR: Syntax error [] []
[2026-03-21T05:17:45.404075+01:00] wc_store.ERROR: WooCommerce API Error (HTTP) fetching Featured Products: JSON ERROR: Syntax error [] []
[2026-03-21T05:18:06.244176+01:00] wc_store.WARNING: Could not retrieve ID for category: قمصان. Error: JSON ERROR: Syntax error [] []
[2026-03-21T05:18:06.838075+01:00] wc_store.WARNING: Could not retrieve ID for category: جاكيتات. Error: JSON ERROR: Syntax error [] []
[2026-03-21T05:18:07.710661+01:00] wc_store.ERROR: WooCommerce API Error (HTTP) fetching Featured Products: JSON ERROR: Syntax error [] []
[2026-03-21T05:18:14.472537+01:00] wc_store.WARNING: Could not retrieve ID for category: قمصان. Error: JSON ERROR: Syntax error [] []
[2026-03-21T05:18:15.718164+01:00] wc_store.WARNING: Could not retrieve ID for category: جاكيتات. Error: JSON ERROR: Syntax error [] []
[2026-03-21T05:18:17.094663+01:00] wc_store.ERROR: WooCommerce API Error (HTTP) fetching Featured Products: JSON ERROR: Syntax error [] []
[2026-03-21T05:18:22.048278+01:00] wc_store.WARNING: Could not retrieve ID for category: قمصان. Error: JSON ERROR: Syntax error [] []
[2026-03-21T05:18:24.536219+01:00] wc_store.WARNING: Could not retrieve ID for category: جاكيتات. Error: JSON ERROR: Syntax error [] []
[2026-03-21T05:18:25.760623+01:00] wc_store.ERROR: WooCommerce API Error (HTTP) fetching Featured Products: JSON ERROR: Syntax error [] []
[2026-03-21T05:19:22.848124+01:00] wc_store.WARNING: Could not retrieve ID for category: قمصان. Error: JSON ERROR: Syntax error [] []
[2026-03-21T05:19:23.418345+01:00] wc_store.WARNING: Could not retrieve ID for category: جاكيتات. Error: JSON ERROR: Syntax error [] []
[2026-03-21T05:19:23.982720+01:00] wc_store.ERROR: WooCommerce API Error (HTTP) fetching Featured Products: JSON ERROR: Syntax error [] []
[2026-03-21T05:21:08.852644+01:00] wc_store.WARNING: Could not retrieve ID for category: قمصان. Error: JSON ERROR: Syntax error [] []
[2026-03-21T05:21:09.313090+01:00] wc_store.WARNING: Could not retrieve ID for category: جاكيتات. Error: JSON ERROR: Syntax error [] []
[2026-03-21T05:21:09.608069+01:00] wc_store.ERROR: WooCommerce API Error (HTTP) fetching Featured Products: JSON ERROR: Syntax error [] []
[2026-03-21T05:21:15.151795+01:00] wc_store.WARNING: Could not retrieve ID for category: قمصان. Error: JSON ERROR: Syntax error [] []
[2026-03-21T05:21:15.384050+01:00] wc_store.WARNING: Could not retrieve ID for category: جاكيتات. Error: JSON ERROR: Syntax error [] []
[2026-03-21T05:21:15.615140+01:00] wc_store.ERROR: WooCommerce API Error (HTTP) fetching Featured Products: JSON ERROR: Syntax error [] []
[2026-03-21T05:21:31.399269+01:00] wc_store.WARNING: Could not retrieve ID for category: قمصان. Error: JSON ERROR: Syntax error [] []
[2026-03-21T05:21:31.627806+01:00] wc_store.WARNING: Could not retrieve ID for category: جاكيتات. Error: JSON ERROR: Syntax error [] []
[2026-03-21T05:21:31.828505+01:00] wc_store.ERROR: WooCommerce API Error (HTTP) fetching Featured Products: JSON ERROR: Syntax error [] []
[2026-03-21T05:27:56.922204+01:00] wc_store.WARNING: Could not retrieve ID for category: جاكيت. Error: JSON ERROR: Syntax error [] []
[2026-03-21T05:27:57.558739+01:00] wc_store.WARNING: Could not retrieve ID for category: جاكيتات. Error: JSON ERROR: Syntax error [] []
[2026-03-21T05:27:58.044013+01:00] wc_store.WARNING: Could not retrieve ID for category: ملابس صيفية. Error: JSON ERROR: Syntax error [] []
[2026-03-21T05:27:58.306153+01:00] wc_store.WARNING: Could not retrieve ID for category: قمصان. Error: JSON ERROR: Syntax error [] []
[2026-03-21T05:27:58.530890+01:00] wc_store.ERROR: WooCommerce API Error (HTTP) fetching Featured Products: JSON ERROR: Syntax error [] []
[2026-03-21T05:27:59.013452+01:00] wc_store.WARNING: Could not retrieve ID for category: جاكيت. Error: JSON ERROR: Syntax error [] []
[2026-03-21T05:27:59.292735+01:00] wc_store.WARNING: Could not retrieve ID for category: جاكيتات. Error: JSON ERROR: Syntax error [] []
[2026-03-21T05:27:59.572594+01:00] wc_store.WARNING: Could not retrieve ID for category: ملابس صيفية. Error: JSON ERROR: Syntax error [] []
[2026-03-21T05:27:59.813656+01:00] wc_store.WARNING: Could not retrieve ID for category: قمصان. Error: JSON ERROR: Syntax error [] []
[2026-03-21T05:28:00.020866+01:00] wc_store.ERROR: WooCommerce API Error (HTTP) fetching Featured Products: JSON ERROR: Syntax error [] []
[2026-03-21T05:28:04.955894+01:00] wc_store.WARNING: Could not retrieve ID for category: جاكيت. Error: JSON ERROR: Syntax error [] []
[2026-03-21T05:28:05.234268+01:00] wc_store.WARNING: Could not retrieve ID for category: جاكيتات. Error: JSON ERROR: Syntax error [] []
[2026-03-21T05:28:05.490708+01:00] wc_store.WARNING: Could not retrieve ID for category: ملابس صيفية. Error: JSON ERROR: Syntax error [] []
[2026-03-21T05:28:05.839240+01:00] wc_store.WARNING: Could not retrieve ID for category: قمصان. Error: JSON ERROR: Syntax error [] []
[2026-03-21T05:28:06.121525+01:00] wc_store.ERROR: WooCommerce API Error (HTTP) fetching Featured Products: JSON ERROR: Syntax error [] []
[2026-03-21T05:28:09.458522+01:00] wc_store.WARNING: Could not retrieve ID for category: جاكيت. Error: JSON ERROR: Syntax error [] []
[2026-03-21T05:28:09.650205+01:00] wc_store.WARNING: Could not retrieve ID for category: جاكيتات. Error: JSON ERROR: Syntax error [] []
[2026-03-21T05:28:10.053780+01:00] wc_store.WARNING: Could not retrieve ID for category: ملابس صيفية. Error: JSON ERROR: Syntax error [] []
[2026-03-21T05:28:10.324921+01:00] wc_store.WARNING: Could not retrieve ID for category: قمصان. Error: JSON ERROR: Syntax error [] []
[2026-03-21T05:28:10.579163+01:00] wc_store.ERROR: WooCommerce API Error (HTTP) fetching Featured Products: JSON ERROR: Syntax error [] []
[2026-03-21T05:28:14.972078+01:00] wc_store.WARNING: Could not retrieve ID for category: جاكيت. Error: JSON ERROR: Syntax error [] []
[2026-03-21T05:28:15.314175+01:00] wc_store.WARNING: Could not retrieve ID for category: جاكيتات. Error: JSON ERROR: Syntax error [] []
[2026-03-21T05:28:15.660354+01:00] wc_store.WARNING: Could not retrieve ID for category: ملابس صيفية. Error: JSON ERROR: Syntax error [] []
[2026-03-21T05:28:16.111837+01:00] wc_store.WARNING: Could not retrieve ID for category: قمصان. Error: JSON ERROR: Syntax error [] []
[2026-03-21T05:28:16.445377+01:00] wc_store.ERROR: WooCommerce API Error (HTTP) fetching Featured Products: JSON ERROR: Syntax error [] []
[2026-03-21T05:31:53.100913+01:00] wc_store.WARNING: Could not retrieve ID for category: جاكيت. Error: JSON ERROR: Syntax error [] []
[2026-03-21T05:31:53.334277+01:00] wc_store.WARNING: Could not retrieve ID for category: جاكيتات. Error: JSON ERROR: Syntax error [] []
[2026-03-21T05:31:53.581656+01:00] wc_store.WARNING: Could not retrieve ID for category: ملابس صيفية. Error: JSON ERROR: Syntax error [] []
[2026-03-21T05:31:53.813001+01:00] wc_store.WARNING: Could not retrieve ID for category: قمصان. Error: JSON ERROR: Syntax error [] []
[2026-03-21T05:31:54.184891+01:00] wc_store.ERROR: WooCommerce API Error (HTTP) fetching Featured Products: JSON ERROR: Syntax error [] []
[2026-03-21T05:31:59.095223+01:00] wc_store.WARNING: Could not retrieve ID for category: جاكيت. Error: JSON ERROR: Syntax error [] []
[2026-03-21T05:31:59.364025+01:00] wc_store.WARNING: Could not retrieve ID for category: جاكيتات. Error: JSON ERROR: Syntax error [] []
[2026-03-21T05:31:59.582729+01:00] wc_store.WARNING: Could not retrieve ID for category: ملابس صيفية. Error: JSON ERROR: Syntax error [] []
[2026-03-21T05:31:59.867089+01:00] wc_store.WARNING: Could not retrieve ID for category: قمصان. Error: JSON ERROR: Syntax error [] []
[2026-03-21T05:32:00.091274+01:00] wc_store.ERROR: WooCommerce API Error (HTTP) fetching Featured Products: JSON ERROR: Syntax error [] []
[2026-03-21T05:34:17.330976+01:00] wc_store.WARNING: Could not retrieve ID for category: جاكيت. Error: JSON ERROR: Syntax error [] []
[2026-03-21T05:34:17.761183+01:00] wc_store.WARNING: Could not retrieve ID for category: جاكيتات. Error: JSON ERROR: Syntax error [] []
[2026-03-21T05:34:18.299586+01:00] wc_store.WARNING: Could not retrieve ID for category: ملابس صيفية. Error: JSON ERROR: Syntax error [] []
[2026-03-21T05:34:18.689818+01:00] wc_store.WARNING: Could not retrieve ID for category: قمصان. Error: JSON ERROR: Syntax error [] []
[2026-03-21T05:34:19.202731+01:00] wc_store.ERROR: WooCommerce API Error (HTTP) fetching Featured Products: JSON ERROR: Syntax error [] []
[2026-03-21T05:34:25.302906+01:00] wc_store.WARNING: Could not retrieve ID for category: جاكيت. Error: JSON ERROR: Syntax error [] []
[2026-03-21T05:34:25.705579+01:00] wc_store.WARNING: Could not retrieve ID for category: جاكيتات. Error: JSON ERROR: Syntax error [] []
[2026-03-21T05:34:26.231843+01:00] wc_store.WARNING: Could not retrieve ID for category: ملابس صيفية. Error: JSON ERROR: Syntax error [] []
[2026-03-21T05:34:26.803229+01:00] wc_store.WARNING: Could not retrieve ID for category: قمصان. Error: JSON ERROR: Syntax error [] []
[2026-03-21T05:34:27.481374+01:00] wc_store.ERROR: WooCommerce API Error (HTTP) fetching Featured Products: JSON ERROR: Syntax error [] []
[2026-03-21T05:34:48.863312+01:00] wc_store.WARNING: Could not retrieve ID for category: جاكيت. Error: JSON ERROR: Syntax error [] []
[2026-03-21T05:34:49.427294+01:00] wc_store.WARNING: Could not retrieve ID for category: جاكيتات. Error: JSON ERROR: Syntax error [] []
[2026-03-21T05:34:49.969778+01:00] wc_store.WARNING: Could not retrieve ID for category: ملابس صيفية. Error: JSON ERROR: Syntax error [] []
[2026-03-21T05:34:50.659261+01:00] wc_store.WARNING: Could not retrieve ID for category: قمصان. Error: JSON ERROR: Syntax error [] []
[2026-03-21T05:34:51.115826+01:00] wc_store.ERROR: WooCommerce API Error (HTTP) fetching Featured Products: JSON ERROR: Syntax error [] []
[2026-03-21T05:34:56.718776+01:00] wc_store.WARNING: Could not retrieve ID for category: جاكيت. Error: JSON ERROR: Syntax error [] []
[2026-03-21T05:34:57.596459+01:00] wc_store.WARNING: Could not retrieve ID for category: جاكيتات. Error: JSON ERROR: Syntax error [] []
[2026-03-21T05:34:58.460919+01:00] wc_store.WARNING: Could not retrieve ID for category: ملابس صيفية. Error: JSON ERROR: Syntax error [] []
[2026-03-21T05:34:59.529854+01:00] wc_store.WARNING: Could not retrieve ID for category: قمصان. Error: JSON ERROR: Syntax error [] []
[2026-03-21T05:35:00.081317+01:00] wc_store.ERROR: WooCommerce API Error (HTTP) fetching Featured Products: JSON ERROR: Syntax error [] []
[2026-03-21T05:37:02.344178+01:00] wc_store.WARNING: Could not retrieve ID for category: جاكيت. Error: JSON ERROR: Syntax error [] []
[2026-03-21T05:37:03.529587+01:00] wc_store.WARNING: Could not retrieve ID for category: جاكيتات. Error: JSON ERROR: Syntax error [] []
[2026-03-21T05:37:04.472747+01:00] wc_store.WARNING: Could not retrieve ID for category: ملابس صيفية. Error: JSON ERROR: Syntax error [] []
[2026-03-21T05:37:05.571495+01:00] wc_store.WARNING: Could not retrieve ID for category: قمصان. Error: JSON ERROR: Syntax error [] []
[2026-03-21T05:37:05.960796+01:00] wc_store.ERROR: WooCommerce API Error (HTTP) fetching Featured Products: JSON ERROR: Syntax error [] []
[2026-03-21T05:37:11.606164+01:00] wc_store.WARNING: Could not retrieve ID for category: جاكيت. Error: JSON ERROR: Syntax error [] []
[2026-03-21T05:37:11.950020+01:00] wc_store.WARNING: Could not retrieve ID for category: جاكيتات. Error: JSON ERROR: Syntax error [] []
[2026-03-21T05:37:12.337541+01:00] wc_store.WARNING: Could not retrieve ID for category: ملابس صيفية. Error: JSON ERROR: Syntax error [] []
[2026-03-21T05:37:12.726848+01:00] wc_store.WARNING: Could not retrieve ID for category: قمصان. Error: JSON ERROR: Syntax error [] []
[2026-03-21T05:37:13.092612+01:00] wc_store.ERROR: WooCommerce API Error (HTTP) fetching Featured Products: JSON ERROR: Syntax error [] []
[2026-03-21T05:37:24.130865+01:00] wc_store.WARNING: Could not retrieve ID for category: جاكيت. Error: JSON ERROR: Syntax error [] []
[2026-03-21T05:37:24.360163+01:00] wc_store.WARNING: Could not retrieve ID for category: جاكيتات. Error: JSON ERROR: Syntax error [] []
[2026-03-21T05:37:24.613670+01:00] wc_store.WARNING: Could not retrieve ID for category: ملابس صيفية. Error: JSON ERROR: Syntax error [] []
[2026-03-21T05:37:24.868020+01:00] wc_store.WARNING: Could not retrieve ID for category: قمصان. Error: JSON ERROR: Syntax error [] []
[2026-03-21T05:37:25.086845+01:00] wc_store.ERROR: WooCommerce API Error (HTTP) fetching Featured Products: JSON ERROR: Syntax error [] []
[2026-03-21T05:37:30.247378+01:00] wc_store.WARNING: Could not retrieve ID for category: جاكيت. Error: JSON ERROR: Syntax error [] []
[2026-03-21T05:37:30.635448+01:00] wc_store.WARNING: Could not retrieve ID for category: جاكيتات. Error: JSON ERROR: Syntax error [] []
[2026-03-21T05:37:30.917504+01:00] wc_store.WARNING: Could not retrieve ID for category: ملابس صيفية. Error: JSON ERROR: Syntax error [] []
[2026-03-21T05:37:31.190272+01:00] wc_store.WARNING: Could not retrieve ID for category: قمصان. Error: JSON ERROR: Syntax error [] []
[2026-03-21T05:37:31.469223+01:00] wc_store.ERROR: WooCommerce API Error (HTTP) fetching Featured Products: JSON ERROR: Syntax error [] []
[2026-03-21T05:37:34.996547+01:00] wc_store.WARNING: Could not retrieve ID for category: جاكيت. Error: JSON ERROR: Syntax error [] []
[2026-03-21T05:37:35.263691+01:00] wc_store.WARNING: Could not retrieve ID for category: جاكيتات. Error: JSON ERROR: Syntax error [] []
[2026-03-21T05:37:35.497216+01:00] wc_store.WARNING: Could not retrieve ID for category: ملابس صيفية. Error: JSON ERROR: Syntax error [] []
[2026-03-21T05:37:35.813368+01:00] wc_store.WARNING: Could not retrieve ID for category: قمصان. Error: JSON ERROR: Syntax error [] []
[2026-03-21T05:37:36.062331+01:00] wc_store.ERROR: WooCommerce API Error (HTTP) fetching Featured Products: JSON ERROR: Syntax error [] []
[2026-03-21T05:37:40.516956+01:00] wc_store.WARNING: Could not retrieve ID for category: جاكيت. Error: JSON ERROR: Syntax error [] []
[2026-03-21T05:37:40.865850+01:00] wc_store.WARNING: Could not retrieve ID for category: جاكيتات. Error: JSON ERROR: Syntax error [] []
[2026-03-21T05:37:41.197131+01:00] wc_store.WARNING: Could not retrieve ID for category: ملابس صيفية. Error: JSON ERROR: Syntax error [] []
[2026-03-21T05:37:41.482564+01:00] wc_store.WARNING: Could not retrieve ID for category: قمصان. Error: JSON ERROR: Syntax error [] []
[2026-03-21T05:37:41.687056+01:00] wc_store.ERROR: WooCommerce API Error (HTTP) fetching Featured Products: JSON ERROR: Syntax error [] []
[2026-03-21T05:44:17.972207+01:00] wc_store.WARNING: Could not retrieve ID for category: جاكيت. Error: JSON ERROR: Syntax error [] []
[2026-03-21T05:44:18.312816+01:00] wc_store.WARNING: Could not retrieve ID for category: جاكيتات. Error: JSON ERROR: Syntax error [] []
[2026-03-21T05:44:18.535880+01:00] wc_store.WARNING: Could not retrieve ID for category: ملابس صيفية. Error: JSON ERROR: Syntax error [] []
[2026-03-21T05:44:18.768460+01:00] wc_store.WARNING: Could not retrieve ID for category: قمصان. Error: JSON ERROR: Syntax error [] []
[2026-03-21T05:44:18.958023+01:00] wc_store.ERROR: WooCommerce API Error (HTTP) fetching Featured Products: JSON ERROR: Syntax error [] []
[2026-03-21T05:44:28.422854+01:00] wc_store.WARNING: Could not retrieve ID for category: جاكيت. Error: JSON ERROR: Syntax error [] []
[2026-03-21T05:44:28.641733+01:00] wc_store.WARNING: Could not retrieve ID for category: جاكيتات. Error: JSON ERROR: Syntax error [] []
[2026-03-21T05:44:28.799021+01:00] wc_store.WARNING: Could not retrieve ID for category: ملابس صيفية. Error: JSON ERROR: Syntax error [] []
[2026-03-21T05:44:28.949837+01:00] wc_store.WARNING: Could not retrieve ID for category: قمصان. Error: JSON ERROR: Syntax error [] []
[2026-03-21T05:44:29.138716+01:00] wc_store.ERROR: WooCommerce API Error (HTTP) fetching Featured Products: JSON ERROR: Syntax error [] []
[2026-03-21T05:44:30.064737+01:00] wc_store.WARNING: Could not retrieve ID for category: جاكيت. Error: JSON ERROR: Syntax error [] []
[2026-03-21T05:44:30.285151+01:00] wc_store.WARNING: Could not retrieve ID for category: جاكيتات. Error: JSON ERROR: Syntax error [] []
[2026-03-21T05:44:30.508148+01:00] wc_store.WARNING: Could not retrieve ID for category: ملابس صيفية. Error: JSON ERROR: Syntax error [] []
[2026-03-21T05:44:30.740182+01:00] wc_store.WARNING: Could not retrieve ID for category: قمصان. Error: JSON ERROR: Syntax error [] []
[2026-03-21T05:44:30.958850+01:00] wc_store.ERROR: WooCommerce API Error (HTTP) fetching Featured Products: JSON ERROR: Syntax error [] []
[2026-03-21T09:46:33.528567+01:00] wc_store.WARNING: Could not retrieve ID for category: جاكيت. Error: JSON ERROR: Syntax error [] []
[2026-03-21T09:46:33.744265+01:00] wc_store.WARNING: Could not retrieve ID for category: جاكيتات. Error: JSON ERROR: Syntax error [] []
[2026-03-21T09:46:34.002255+01:00] wc_store.WARNING: Could not retrieve ID for category: ملابس صيفية. Error: JSON ERROR: Syntax error [] []
[2026-03-21T09:46:34.235244+01:00] wc_store.WARNING: Could not retrieve ID for category: قمصان. Error: JSON ERROR: Syntax error [] []
[2026-03-21T09:46:34.551543+01:00] wc_store.ERROR: WooCommerce API Error (HTTP) fetching Featured Products: JSON ERROR: Syntax error [] []
[2026-03-21T09:46:57.212776+01:00] wc_store.WARNING: Could not retrieve ID for category: جاكيت. Error: JSON ERROR: Syntax error [] []
[2026-03-21T09:46:57.449250+01:00] wc_store.WARNING: Could not retrieve ID for category: جاكيتات. Error: JSON ERROR: Syntax error [] []
[2026-03-21T09:46:57.621774+01:00] wc_store.WARNING: Could not retrieve ID for category: ملابس صيفية. Error: JSON ERROR: Syntax error [] []
[2026-03-21T09:46:57.866122+01:00] wc_store.WARNING: Could not retrieve ID for category: قمصان. Error: JSON ERROR: Syntax error [] []
[2026-03-21T09:46:58.242316+01:00] wc_store.ERROR: WooCommerce API Error (HTTP) fetching Featured Products: JSON ERROR: Syntax error [] []
[2026-03-21T10:05:05.791002+01:00] wc_store.WARNING: Could not retrieve ID for category: جاكيت. Error: JSON ERROR: Syntax error [] []
[2026-03-21T10:05:06.254955+01:00] wc_store.WARNING: Could not retrieve ID for category: جاكيتات. Error: JSON ERROR: Syntax error [] []
[2026-03-21T10:05:06.685696+01:00] wc_store.WARNING: Could not retrieve ID for category: ملابس صيفية. Error: JSON ERROR: Syntax error [] []
[2026-03-21T10:05:07.039814+01:00] wc_store.WARNING: Could not retrieve ID for category: قمصان. Error: JSON ERROR: Syntax error [] []
[2026-03-21T10:05:07.261087+01:00] wc_store.ERROR: WooCommerce API Error (HTTP) fetching Featured Products: JSON ERROR: Syntax error [] []
[2026-03-21T10:05:14.483242+01:00] wc_store.WARNING: Could not retrieve ID for category: جاكيت. Error: JSON ERROR: Syntax error [] []
[2026-03-21T10:05:14.772607+01:00] wc_store.WARNING: Could not retrieve ID for category: جاكيتات. Error: JSON ERROR: Syntax error [] []
[2026-03-21T10:05:14.998992+01:00] wc_store.WARNING: Could not retrieve ID for category: ملابس صيفية. Error: JSON ERROR: Syntax error [] []
[2026-03-21T10:05:15.228809+01:00] wc_store.WARNING: Could not retrieve ID for category: قمصان. Error: JSON ERROR: Syntax error [] []
[2026-03-21T10:05:15.470584+01:00] wc_store.ERROR: WooCommerce API Error (HTTP) fetching Featured Products: JSON ERROR: Syntax error [] []
[2026-03-21T10:05:16.593656+01:00] wc_store.WARNING: Could not retrieve ID for category: جاكيت. Error: JSON ERROR: Syntax error [] []
[2026-03-21T10:05:16.772074+01:00] wc_store.WARNING: Could not retrieve ID for category: جاكيتات. Error: JSON ERROR: Syntax error [] []
[2026-03-21T10:05:16.932185+01:00] wc_store.WARNING: Could not retrieve ID for category: ملابس صيفية. Error: JSON ERROR: Syntax error [] []
[2026-03-21T10:05:17.082667+01:00] wc_store.WARNING: Could not retrieve ID for category: قمصان. Error: JSON ERROR: Syntax error [] []
[2026-03-21T10:05:17.256175+01:00] wc_store.ERROR: WooCommerce API Error (HTTP) fetching Featured Products: JSON ERROR: Syntax error [] []
[2026-03-21T10:05:19.601654+01:00] wc_store.WARNING: Could not retrieve ID for category: جاكيت. Error: JSON ERROR: Syntax error [] []
[2026-03-21T10:05:19.785310+01:00] wc_store.WARNING: Could not retrieve ID for category: جاكيتات. Error: JSON ERROR: Syntax error [] []
[2026-03-21T10:05:19.956811+01:00] wc_store.WARNING: Could not retrieve ID for category: ملابس صيفية. Error: JSON ERROR: Syntax error [] []
[2026-03-21T10:05:20.165427+01:00] wc_store.WARNING: Could not retrieve ID for category: قمصان. Error: JSON ERROR: Syntax error [] []
[2026-03-21T10:05:20.368012+01:00] wc_store.ERROR: WooCommerce API Error (HTTP) fetching Featured Products: JSON ERROR: Syntax error [] []
[2026-03-21T10:05:26.863646+01:00] wc_store.WARNING: Could not retrieve ID for category: جاكيت. Error: JSON ERROR: Syntax error [] []
[2026-03-21T10:05:27.094089+01:00] wc_store.WARNING: Could not retrieve ID for category: جاكيتات. Error: JSON ERROR: Syntax error [] []
[2026-03-21T10:05:27.265331+01:00] wc_store.WARNING: Could not retrieve ID for category: ملابس صيفية. Error: JSON ERROR: Syntax error [] []
[2026-03-21T10:05:27.409003+01:00] wc_store.WARNING: Could not retrieve ID for category: قمصان. Error: JSON ERROR: Syntax error [] []
[2026-03-21T10:05:27.708173+01:00] wc_store.ERROR: WooCommerce API Error (HTTP) fetching Featured Products: JSON ERROR: Syntax error [] []
[2026-03-21T10:05:33.269026+01:00] wc_store.WARNING: Could not retrieve ID for category: جاكيت. Error: JSON ERROR: Syntax error [] []
[2026-03-21T10:05:33.468540+01:00] wc_store.WARNING: Could not retrieve ID for category: جاكيتات. Error: JSON ERROR: Syntax error [] []
[2026-03-21T10:05:33.719171+01:00] wc_store.WARNING: Could not retrieve ID for category: ملابس صيفية. Error: JSON ERROR: Syntax error [] []
[2026-03-21T10:05:34.060309+01:00] wc_store.WARNING: Could not retrieve ID for category: قمصان. Error: JSON ERROR: Syntax error [] []
[2026-03-21T10:05:34.327199+01:00] wc_store.ERROR: WooCommerce API Error (HTTP) fetching Featured Products: JSON ERROR: Syntax error [] []
[2026-03-21T10:05:36.562894+01:00] wc_store.WARNING: Could not retrieve ID for category: جاكيت. Error: JSON ERROR: Syntax error [] []
[2026-03-21T10:05:37.019500+01:00] wc_store.WARNING: Could not retrieve ID for category: جاكيتات. Error: JSON ERROR: Syntax error [] []
[2026-03-21T10:05:37.339386+01:00] wc_store.WARNING: Could not retrieve ID for category: ملابس صيفية. Error: JSON ERROR: Syntax error [] []
[2026-03-21T10:05:37.557255+01:00] wc_store.WARNING: Could not retrieve ID for category: قمصان. Error: JSON ERROR: Syntax error [] []
[2026-03-21T10:05:37.776316+01:00] wc_store.ERROR: WooCommerce API Error (HTTP) fetching Featured Products: JSON ERROR: Syntax error [] []
[2026-03-21T10:09:26.989327+01:00] wc_store.WARNING: Could not retrieve ID for category: جاكيت. Error: JSON ERROR: Syntax error [] []
[2026-03-21T10:09:27.143269+01:00] wc_store.WARNING: Could not retrieve ID for category: جاكيتات. Error: JSON ERROR: Syntax error [] []
[2026-03-21T10:09:27.327042+01:00] wc_store.WARNING: Could not retrieve ID for category: ملابس صيفية. Error: JSON ERROR: Syntax error [] []
[2026-03-21T10:09:27.490140+01:00] wc_store.WARNING: Could not retrieve ID for category: قمصان. Error: JSON ERROR: Syntax error [] []
[2026-03-21T10:09:27.631343+01:00] wc_store.ERROR: WooCommerce API Error (HTTP) fetching Featured Products: JSON ERROR: Syntax error [] []
[2026-03-21T10:09:32.281595+01:00] wc_store.WARNING: Could not retrieve ID for category: جاكيت. Error: JSON ERROR: Syntax error [] []
[2026-03-21T10:09:32.459480+01:00] wc_store.WARNING: Could not retrieve ID for category: جاكيتات. Error: JSON ERROR: Syntax error [] []
[2026-03-21T10:09:32.666717+01:00] wc_store.WARNING: Could not retrieve ID for category: ملابس صيفية. Error: JSON ERROR: Syntax error [] []
[2026-03-21T10:09:32.837082+01:00] wc_store.WARNING: Could not retrieve ID for category: قمصان. Error: JSON ERROR: Syntax error [] []
[2026-03-21T10:09:32.998292+01:00] wc_store.ERROR: WooCommerce API Error (HTTP) fetching Featured Products: JSON ERROR: Syntax error [] []
[2026-03-21T10:09:36.775236+01:00] wc_store.WARNING: Could not retrieve ID for category: جاكيت. Error: JSON ERROR: Syntax error [] []
[2026-03-21T10:09:36.964693+01:00] wc_store.WARNING: Could not retrieve ID for category: جاكيتات. Error: JSON ERROR: Syntax error [] []
[2026-03-21T10:09:37.117464+01:00] wc_store.WARNING: Could not retrieve ID for category: ملابس صيفية. Error: JSON ERROR: Syntax error [] []
[2026-03-21T10:09:37.259884+01:00] wc_store.WARNING: Could not retrieve ID for category: قمصان. Error: JSON ERROR: Syntax error [] []
[2026-03-21T10:09:37.408281+01:00] wc_store.ERROR: WooCommerce API Error (HTTP) fetching Featured Products: JSON ERROR: Syntax error [] []
[2026-03-21T10:09:40.819625+01:00] wc_store.WARNING: Could not retrieve ID for category: جاكيت. Error: JSON ERROR: Syntax error [] []
[2026-03-21T10:09:40.975036+01:00] wc_store.WARNING: Could not retrieve ID for category: جاكيتات. Error: JSON ERROR: Syntax error [] []
[2026-03-21T10:09:41.131725+01:00] wc_store.WARNING: Could not retrieve ID for category: ملابس صيفية. Error: JSON ERROR: Syntax error [] []
[2026-03-21T10:09:41.291066+01:00] wc_store.WARNING: Could not retrieve ID for category: قمصان. Error: JSON ERROR: Syntax error [] []
[2026-03-21T10:09:41.447476+01:00] wc_store.ERROR: WooCommerce API Error (HTTP) fetching Featured Products: JSON ERROR: Syntax error [] []
[2026-03-21T10:16:30.556650+01:00] wc_store.WARNING: Could not retrieve ID for category: جاكيت. Error: JSON ERROR: Syntax error [] []
[2026-03-21T10:16:30.765948+01:00] wc_store.WARNING: Could not retrieve ID for category: جاكيتات. Error: JSON ERROR: Syntax error [] []
[2026-03-21T10:16:31.003258+01:00] wc_store.WARNING: Could not retrieve ID for category: ملابس صيفية. Error: JSON ERROR: Syntax error [] []
[2026-03-21T10:16:31.246035+01:00] wc_store.WARNING: Could not retrieve ID for category: قمصان. Error: JSON ERROR: Syntax error [] []
[2026-03-21T10:16:31.473917+01:00] wc_store.ERROR: WooCommerce API Error (HTTP) fetching Featured Products: JSON ERROR: Syntax error [] []
[2026-03-21T10:16:36.736066+01:00] wc_store.WARNING: Could not retrieve ID for category: جاكيت. Error: JSON ERROR: Syntax error [] []
[2026-03-21T10:16:36.982340+01:00] wc_store.WARNING: Could not retrieve ID for category: جاكيتات. Error: JSON ERROR: Syntax error [] []
[2026-03-21T10:16:37.240687+01:00] wc_store.WARNING: Could not retrieve ID for category: ملابس صيفية. Error: JSON ERROR: Syntax error [] []
[2026-03-21T10:16:37.462143+01:00] wc_store.WARNING: Could not retrieve ID for category: قمصان. Error: JSON ERROR: Syntax error [] []
[2026-03-21T10:16:37.687108+01:00] wc_store.ERROR: WooCommerce API Error (HTTP) fetching Featured Products: JSON ERROR: Syntax error [] []
[2026-03-21T10:17:07.062430+01:00] wc_store.WARNING: Could not retrieve ID for category: جاكيت. Error: JSON ERROR: Syntax error [] []
[2026-03-21T10:17:07.214212+01:00] wc_store.WARNING: Could not retrieve ID for category: جاكيتات. Error: JSON ERROR: Syntax error [] []
[2026-03-21T10:17:07.380989+01:00] wc_store.WARNING: Could not retrieve ID for category: ملابس صيفية. Error: JSON ERROR: Syntax error [] []
[2026-03-21T10:17:07.615110+01:00] wc_store.WARNING: Could not retrieve ID for category: قمصان. Error: JSON ERROR: Syntax error [] []
[2026-03-21T10:17:07.816167+01:00] wc_store.ERROR: WooCommerce API Error (HTTP) fetching Featured Products: JSON ERROR: Syntax error [] []
[2026-03-21T10:20:26.779151+01:00] wc_store.WARNING: Could not retrieve ID for category: جاكيت. Error: JSON ERROR: Syntax error [] []
[2026-03-21T10:20:26.996896+01:00] wc_store.WARNING: Could not retrieve ID for category: جاكيتات. Error: JSON ERROR: Syntax error [] []
[2026-03-21T10:20:27.279111+01:00] wc_store.WARNING: Could not retrieve ID for category: ملابس صيفية. Error: JSON ERROR: Syntax error [] []
[2026-03-21T10:20:27.510594+01:00] wc_store.WARNING: Could not retrieve ID for category: قمصان. Error: JSON ERROR: Syntax error [] []
[2026-03-21T10:20:27.733858+01:00] wc_store.ERROR: WooCommerce API Error (HTTP) fetching Featured Products: JSON ERROR: Syntax error [] []
[2026-03-21T10:20:32.750302+01:00] wc_store.WARNING: Could not retrieve ID for category: جاكيت. Error: JSON ERROR: Syntax error [] []
[2026-03-21T10:20:33.050882+01:00] wc_store.WARNING: Could not retrieve ID for category: جاكيتات. Error: JSON ERROR: Syntax error [] []
[2026-03-21T10:20:33.333498+01:00] wc_store.WARNING: Could not retrieve ID for category: ملابس صيفية. Error: JSON ERROR: Syntax error [] []
[2026-03-21T10:20:33.694789+01:00] wc_store.WARNING: Could not retrieve ID for category: قمصان. Error: JSON ERROR: Syntax error [] []
[2026-03-21T10:20:33.901194+01:00] wc_store.ERROR: WooCommerce API Error (HTTP) fetching Featured Products: JSON ERROR: Syntax error [] []
[2026-03-21T10:21:09.879711+01:00] wc_store.WARNING: Could not retrieve ID for category: جاكيت. Error: JSON ERROR: Syntax error [] []
[2026-03-21T10:21:10.061795+01:00] wc_store.WARNING: Could not retrieve ID for category: جاكيتات. Error: JSON ERROR: Syntax error [] []
[2026-03-21T10:21:10.266933+01:00] wc_store.WARNING: Could not retrieve ID for category: ملابس صيفية. Error: JSON ERROR: Syntax error [] []
[2026-03-21T10:21:10.460143+01:00] wc_store.WARNING: Could not retrieve ID for category: قمصان. Error: JSON ERROR: Syntax error [] []
[2026-03-21T10:21:10.631056+01:00] wc_store.ERROR: WooCommerce API Error (HTTP) fetching Featured Products: JSON ERROR: Syntax error [] []
[2026-03-21T10:21:15.306893+01:00] wc_store.WARNING: Could not retrieve ID for category: جاكيت. Error: JSON ERROR: Syntax error [] []
[2026-03-21T10:21:15.555543+01:00] wc_store.WARNING: Could not retrieve ID for category: جاكيتات. Error: JSON ERROR: Syntax error [] []
[2026-03-21T10:21:15.791917+01:00] wc_store.WARNING: Could not retrieve ID for category: ملابس صيفية. Error: JSON ERROR: Syntax error [] []
[2026-03-21T10:21:16.002478+01:00] wc_store.WARNING: Could not retrieve ID for category: قمصان. Error: JSON ERROR: Syntax error [] []
[2026-03-21T10:21:16.256163+01:00] wc_store.ERROR: WooCommerce API Error (HTTP) fetching Featured Products: JSON ERROR: Syntax error [] []
[2026-03-21T10:21:39.572495+01:00] wc_store.WARNING: Could not retrieve ID for category: جاكيت. Error: JSON ERROR: Syntax error [] []
[2026-03-21T10:21:39.775560+01:00] wc_store.WARNING: Could not retrieve ID for category: جاكيتات. Error: JSON ERROR: Syntax error [] []
[2026-03-21T10:21:40.005627+01:00] wc_store.WARNING: Could not retrieve ID for category: ملابس صيفية. Error: JSON ERROR: Syntax error [] []
[2026-03-21T10:21:40.278411+01:00] wc_store.WARNING: Could not retrieve ID for category: قمصان. Error: JSON ERROR: Syntax error [] []
[2026-03-21T10:21:40.477148+01:00] wc_store.ERROR: WooCommerce API Error (HTTP) fetching Featured Products: JSON ERROR: Syntax error [] []
[2026-03-21T10:21:44.928136+01:00] wc_store.WARNING: Could not retrieve ID for category: جاكيت. Error: JSON ERROR: Syntax error [] []
[2026-03-21T10:21:45.316055+01:00] wc_store.WARNING: Could not retrieve ID for category: جاكيتات. Error: JSON ERROR: Syntax error [] []
[2026-03-21T10:21:45.544705+01:00] wc_store.WARNING: Could not retrieve ID for category: ملابس صيفية. Error: JSON ERROR: Syntax error [] []
[2026-03-21T10:21:45.760078+01:00] wc_store.WARNING: Could not retrieve ID for category: قمصان. Error: JSON ERROR: Syntax error [] []
[2026-03-21T10:21:45.973758+01:00] wc_store.ERROR: WooCommerce API Error (HTTP) fetching Featured Products: JSON ERROR: Syntax error [] []
[2026-03-21T10:21:50.526932+01:00] wc_store.WARNING: Could not retrieve ID for category: جاكيت. Error: JSON ERROR: Syntax error [] []
[2026-03-21T10:21:50.705480+01:00] wc_store.WARNING: Could not retrieve ID for category: جاكيتات. Error: JSON ERROR: Syntax error [] []
[2026-03-21T10:21:50.928005+01:00] wc_store.WARNING: Could not retrieve ID for category: ملابس صيفية. Error: JSON ERROR: Syntax error [] []
[2026-03-21T10:21:51.132929+01:00] wc_store.WARNING: Could not retrieve ID for category: قمصان. Error: JSON ERROR: Syntax error [] []
[2026-03-21T10:21:51.307186+01:00] wc_store.ERROR: WooCommerce API Error (HTTP) fetching Featured Products: JSON ERROR: Syntax error [] []
[2026-03-21T10:23:12.752313+01:00] wc_store.WARNING: Could not retrieve ID for category: جاكيت. Error: JSON ERROR: Syntax error [] []
[2026-03-21T10:23:12.950876+01:00] wc_store.WARNING: Could not retrieve ID for category: جاكيتات. Error: JSON ERROR: Syntax error [] []
[2026-03-21T10:23:13.102834+01:00] wc_store.WARNING: Could not retrieve ID for category: ملابس صيفية. Error: JSON ERROR: Syntax error [] []
[2026-03-21T10:23:13.299306+01:00] wc_store.WARNING: Could not retrieve ID for category: قمصان. Error: JSON ERROR: Syntax error [] []
[2026-03-21T10:23:13.504023+01:00] wc_store.ERROR: WooCommerce API Error (HTTP) fetching Featured Products: JSON ERROR: Syntax error [] []
[2026-03-21T11:25:35.255763+01:00] wc_store.WARNING: Could not retrieve ID for category: جاكيت. Error: JSON ERROR: Syntax error [] []
[2026-03-21T11:25:35.423730+01:00] wc_store.WARNING: Could not retrieve ID for category: جاكيتات. Error: JSON ERROR: Syntax error [] []
[2026-03-21T11:25:35.660858+01:00] wc_store.WARNING: Could not retrieve ID for category: ملابس صيفية. Error: JSON ERROR: Syntax error [] []
[2026-03-21T11:25:35.821822+01:00] wc_store.WARNING: Could not retrieve ID for category: قمصان. Error: JSON ERROR: Syntax error [] []
[2026-03-21T11:25:35.992275+01:00] wc_store.ERROR: WooCommerce API Error (HTTP) fetching Featured Products: JSON ERROR: Syntax error [] []
[2026-03-21T11:25:40.568494+01:00] wc_store.WARNING: Could not retrieve ID for category: جاكيت. Error: JSON ERROR: Syntax error [] []
[2026-03-21T11:25:40.810263+01:00] wc_store.WARNING: Could not retrieve ID for category: جاكيتات. Error: JSON ERROR: Syntax error [] []
[2026-03-21T11:25:41.049025+01:00] wc_store.WARNING: Could not retrieve ID for category: ملابس صيفية. Error: JSON ERROR: Syntax error [] []
[2026-03-21T11:25:41.232696+01:00] wc_store.WARNING: Could not retrieve ID for category: قمصان. Error: JSON ERROR: Syntax error [] []
[2026-03-21T11:25:41.439978+01:00] wc_store.ERROR: WooCommerce API Error (HTTP) fetching Featured Products: JSON ERROR: Syntax error [] []
[2026-03-21T11:25:56.596346+01:00] wc_store.WARNING: Could not retrieve ID for category: جاكيت. Error: JSON ERROR: Syntax error [] []
[2026-03-21T11:25:56.826197+01:00] wc_store.WARNING: Could not retrieve ID for category: جاكيتات. Error: JSON ERROR: Syntax error [] []
[2026-03-21T11:25:57.035138+01:00] wc_store.WARNING: Could not retrieve ID for category: ملابس صيفية. Error: JSON ERROR: Syntax error [] []
[2026-03-21T11:25:57.236318+01:00] wc_store.WARNING: Could not retrieve ID for category: قمصان. Error: JSON ERROR: Syntax error [] []
[2026-03-21T11:25:57.403691+01:00] wc_store.ERROR: WooCommerce API Error (HTTP) fetching Featured Products: JSON ERROR: Syntax error [] []
[2026-03-21T11:26:01.427620+01:00] wc_store.WARNING: Could not retrieve ID for category: جاكيت. Error: JSON ERROR: Syntax error [] []
[2026-03-21T11:26:01.582505+01:00] wc_store.WARNING: Could not retrieve ID for category: جاكيتات. Error: JSON ERROR: Syntax error [] []
[2026-03-21T11:26:01.829359+01:00] wc_store.WARNING: Could not retrieve ID for category: ملابس صيفية. Error: JSON ERROR: Syntax error [] []
[2026-03-21T11:26:02.083327+01:00] wc_store.WARNING: Could not retrieve ID for category: قمصان. Error: JSON ERROR: Syntax error [] []
[2026-03-21T11:26:02.273764+01:00] wc_store.ERROR: WooCommerce API Error (HTTP) fetching Featured Products: JSON ERROR: Syntax error [] []
[2026-03-21T11:26:05.583289+01:00] wc_store.WARNING: Could not retrieve ID for category: جاكيت. Error: JSON ERROR: Syntax error [] []
[2026-03-21T11:26:05.738140+01:00] wc_store.WARNING: Could not retrieve ID for category: جاكيتات. Error: JSON ERROR: Syntax error [] []
[2026-03-21T11:26:05.952351+01:00] wc_store.WARNING: Could not retrieve ID for category: ملابس صيفية. Error: JSON ERROR: Syntax error [] []
[2026-03-21T11:26:06.132231+01:00] wc_store.WARNING: Could not retrieve ID for category: قمصان. Error: JSON ERROR: Syntax error [] []
[2026-03-21T11:26:06.315287+01:00] wc_store.ERROR: WooCommerce API Error (HTTP) fetching Featured Products: JSON ERROR: Syntax error [] []
[2026-03-21T11:26:10.052234+01:00] wc_store.WARNING: Could not retrieve ID for category: جاكيت. Error: JSON ERROR: Syntax error [] []
[2026-03-21T11:26:10.211715+01:00] wc_store.WARNING: Could not retrieve ID for category: جاكيتات. Error: JSON ERROR: Syntax error [] []
[2026-03-21T11:26:10.372004+01:00] wc_store.WARNING: Could not retrieve ID for category: ملابس صيفية. Error: JSON ERROR: Syntax error [] []
[2026-03-21T11:26:10.526492+01:00] wc_store.WARNING: Could not retrieve ID for category: قمصان. Error: JSON ERROR: Syntax error [] []
[2026-03-21T11:26:10.693492+01:00] wc_store.ERROR: WooCommerce API Error (HTTP) fetching Featured Products: JSON ERROR: Syntax error [] []
[2026-03-21T11:32:44.003170+01:00] wc_store.WARNING: Could not retrieve ID for category: جاكيت. Error: JSON ERROR: Syntax error [] []
[2026-03-21T11:32:44.210527+01:00] wc_store.WARNING: Could not retrieve ID for category: جاكيتات. Error: JSON ERROR: Syntax error [] []
[2026-03-21T11:32:44.367019+01:00] wc_store.WARNING: Could not retrieve ID for category: ملابس صيفية. Error: JSON ERROR: Syntax error [] []
[2026-03-21T11:32:44.515346+01:00] wc_store.WARNING: Could not retrieve ID for category: قمصان. Error: JSON ERROR: Syntax error [] []
[2026-03-21T11:32:44.691475+01:00] wc_store.ERROR: WooCommerce API Error (HTTP) fetching Featured Products: JSON ERROR: Syntax error [] []
[2026-03-21T11:32:50.169740+01:00] wc_store.WARNING: Could not retrieve ID for category: جاكيت. Error: JSON ERROR: Syntax error [] []
[2026-03-21T11:32:50.421500+01:00] wc_store.WARNING: Could not retrieve ID for category: جاكيتات. Error: JSON ERROR: Syntax error [] []
[2026-03-21T11:32:50.652619+01:00] wc_store.WARNING: Could not retrieve ID for category: ملابس صيفية. Error: JSON ERROR: Syntax error [] []
[2026-03-21T11:32:50.925065+01:00] wc_store.WARNING: Could not retrieve ID for category: قمصان. Error: JSON ERROR: Syntax error [] []
[2026-03-21T11:32:51.259813+01:00] wc_store.ERROR: WooCommerce API Error (HTTP) fetching Featured Products: JSON ERROR: Syntax error [] []
[2026-03-21T11:32:51.734884+01:00] wc_store.WARNING: Could not retrieve ID for category: جاكيت. Error: JSON ERROR: Syntax error [] []
[2026-03-21T11:32:51.995897+01:00] wc_store.WARNING: Could not retrieve ID for category: جاكيتات. Error: JSON ERROR: Syntax error [] []
[2026-03-21T11:32:52.476622+01:00] wc_store.WARNING: Could not retrieve ID for category: ملابس صيفية. Error: JSON ERROR: Syntax error [] []
[2026-03-21T11:32:52.730720+01:00] wc_store.WARNING: Could not retrieve ID for category: قمصان. Error: JSON ERROR: Syntax error [] []
[2026-03-21T11:32:53.002705+01:00] wc_store.ERROR: WooCommerce API Error (HTTP) fetching Featured Products: JSON ERROR: Syntax error [] []
[2026-03-21T11:42:48.942413+01:00] wc_store.WARNING: Could not retrieve ID for category: جاكيت. Error: JSON ERROR: Syntax error [] []
[2026-03-21T11:42:49.274516+01:00] wc_store.WARNING: Could not retrieve ID for category: جاكيتات. Error: JSON ERROR: Syntax error [] []
[2026-03-21T11:42:49.541502+01:00] wc_store.WARNING: Could not retrieve ID for category: ملابس صيفية. Error: JSON ERROR: Syntax error [] []
[2026-03-21T11:42:49.742057+01:00] wc_store.WARNING: Could not retrieve ID for category: قمصان. Error: JSON ERROR: Syntax error [] []
[2026-03-21T11:42:49.989273+01:00] wc_store.ERROR: WooCommerce API Error (HTTP) fetching Featured Products: JSON ERROR: Syntax error [] []
[2026-03-21T11:42:54.928515+01:00] wc_store.WARNING: Could not retrieve ID for category: جاكيت. Error: JSON ERROR: Syntax error [] []
[2026-03-21T11:42:55.436614+01:00] wc_store.WARNING: Could not retrieve ID for category: جاكيتات. Error: JSON ERROR: Syntax error [] []
[2026-03-21T11:42:55.680865+01:00] wc_store.WARNING: Could not retrieve ID for category: ملابس صيفية. Error: JSON ERROR: Syntax error [] []
[2026-03-21T11:42:55.923506+01:00] wc_store.WARNING: Could not retrieve ID for category: قمصان. Error: JSON ERROR: Syntax error [] []
[2026-03-21T11:42:56.346114+01:00] wc_store.ERROR: WooCommerce API Error (HTTP) fetching Featured Products: JSON ERROR: Syntax error [] []
[2026-03-21T11:43:24.495344+01:00] wc_store.WARNING: Could not retrieve ID for category: جاكيت. Error: JSON ERROR: Syntax error [] []
[2026-03-21T11:43:24.638174+01:00] wc_store.WARNING: Could not retrieve ID for category: جاكيتات. Error: JSON ERROR: Syntax error [] []
[2026-03-21T11:43:24.826796+01:00] wc_store.WARNING: Could not retrieve ID for category: ملابس صيفية. Error: JSON ERROR: Syntax error [] []
[2026-03-21T11:43:25.047000+01:00] wc_store.WARNING: Could not retrieve ID for category: قمصان. Error: JSON ERROR: Syntax error [] []
[2026-03-21T11:43:25.217442+01:00] wc_store.ERROR: WooCommerce API Error (HTTP) fetching Featured Products: JSON ERROR: Syntax error [] []
[2026-03-21T11:43:25.726385+01:00] wc_store.WARNING: Could not retrieve ID for category: جاكيت. Error: JSON ERROR: Syntax error [] []
[2026-03-21T11:43:25.896968+01:00] wc_store.WARNING: Could not retrieve ID for category: جاكيتات. Error: JSON ERROR: Syntax error [] []
[2026-03-21T11:43:26.097570+01:00] wc_store.WARNING: Could not retrieve ID for category: ملابس صيفية. Error: JSON ERROR: Syntax error [] []
[2026-03-21T11:43:26.285114+01:00] wc_store.WARNING: Could not retrieve ID for category: قمصان. Error: JSON ERROR: Syntax error [] []
[2026-03-21T11:43:26.446296+01:00] wc_store.ERROR: WooCommerce API Error (HTTP) fetching Featured Products: JSON ERROR: Syntax error [] []
[2026-03-21T11:48:41.062127+01:00] wc_store.WARNING: Could not retrieve ID for category: جاكيت. Error: JSON ERROR: Syntax error [] []
[2026-03-21T11:48:41.337636+01:00] wc_store.WARNING: Could not retrieve ID for category: جاكيتات. Error: JSON ERROR: Syntax error [] []
[2026-03-21T11:48:41.523923+01:00] wc_store.WARNING: Could not retrieve ID for category: ملابس صيفية. Error: JSON ERROR: Syntax error [] []
[2026-03-21T11:48:41.767809+01:00] wc_store.WARNING: Could not retrieve ID for category: قمصان. Error: JSON ERROR: Syntax error [] []
[2026-03-21T11:48:42.014677+01:00] wc_store.ERROR: WooCommerce API Error (HTTP) fetching Featured Products: JSON ERROR: Syntax error [] []
[2026-03-21T11:48:48.800355+01:00] wc_store.WARNING: Could not retrieve ID for category: جاكيت. Error: JSON ERROR: Syntax error [] []
[2026-03-21T11:48:48.958215+01:00] wc_store.WARNING: Could not retrieve ID for category: جاكيتات. Error: JSON ERROR: Syntax error [] []
[2026-03-21T11:48:49.190734+01:00] wc_store.WARNING: Could not retrieve ID for category: ملابس صيفية. Error: JSON ERROR: Syntax error [] []
[2026-03-21T11:48:49.361190+01:00] wc_store.WARNING: Could not retrieve ID for category: قمصان. Error: JSON ERROR: Syntax error [] []
[2026-03-21T11:48:49.562414+01:00] wc_store.ERROR: WooCommerce API Error (HTTP) fetching Featured Products: JSON ERROR: Syntax error [] []
[2026-03-21T11:48:50.527332+01:00] wc_store.WARNING: Could not retrieve ID for category: جاكيت. Error: JSON ERROR: Syntax error [] []
[2026-03-21T11:48:50.743927+01:00] wc_store.WARNING: Could not retrieve ID for category: جاكيتات. Error: JSON ERROR: Syntax error [] []
[2026-03-21T11:48:50.926588+01:00] wc_store.WARNING: Could not retrieve ID for category: ملابس صيفية. Error: JSON ERROR: Syntax error [] []
[2026-03-21T11:48:51.137606+01:00] wc_store.WARNING: Could not retrieve ID for category: قمصان. Error: JSON ERROR: Syntax error [] []
[2026-03-21T11:48:51.325921+01:00] wc_store.ERROR: WooCommerce API Error (HTTP) fetching Featured Products: JSON ERROR: Syntax error [] []
[2026-03-21T11:58:30.808193+01:00] wc_store.WARNING: Could not retrieve ID for category: جاكيت. Error: JSON ERROR: Syntax error [] []
[2026-03-21T11:58:30.992855+01:00] wc_store.WARNING: Could not retrieve ID for category: جاكيتات. Error: JSON ERROR: Syntax error [] []
[2026-03-21T11:58:31.183314+01:00] wc_store.WARNING: Could not retrieve ID for category: ملابس صيفية. Error: JSON ERROR: Syntax error [] []
[2026-03-21T11:58:31.385037+01:00] wc_store.WARNING: Could not retrieve ID for category: قمصان. Error: JSON ERROR: Syntax error [] []
[2026-03-21T11:58:31.585325+01:00] wc_store.ERROR: WooCommerce API Error (HTTP) fetching Featured Products: JSON ERROR: Syntax error [] []
[2026-03-21T11:58:35.900543+01:00] wc_store.WARNING: Could not retrieve ID for category: جاكيت. Error: JSON ERROR: Syntax error [] []
[2026-03-21T11:58:36.225705+01:00] wc_store.WARNING: Could not retrieve ID for category: جاكيتات. Error: JSON ERROR: Syntax error [] []
[2026-03-21T11:58:36.499131+01:00] wc_store.WARNING: Could not retrieve ID for category: ملابس صيفية. Error: JSON ERROR: Syntax error [] []
[2026-03-21T11:58:36.774302+01:00] wc_store.WARNING: Could not retrieve ID for category: قمصان. Error: JSON ERROR: Syntax error [] []
[2026-03-21T11:58:37.055414+01:00] wc_store.ERROR: WooCommerce API Error (HTTP) fetching Featured Products: JSON ERROR: Syntax error [] []
[2026-03-21T12:07:40.158487+01:00] wc_store.WARNING: Could not retrieve ID for category: جاكيت. Error: JSON ERROR: Syntax error [] []
[2026-03-21T12:07:40.358279+01:00] wc_store.WARNING: Could not retrieve ID for category: جاكيتات. Error: JSON ERROR: Syntax error [] []
[2026-03-21T12:07:40.503862+01:00] wc_store.WARNING: Could not retrieve ID for category: ملابس صيفية. Error: JSON ERROR: Syntax error [] []
[2026-03-21T12:07:40.694576+01:00] wc_store.WARNING: Could not retrieve ID for category: قمصان. Error: JSON ERROR: Syntax error [] []
[2026-03-21T12:07:40.864791+01:00] wc_store.ERROR: WooCommerce API Error (HTTP) fetching Featured Products: JSON ERROR: Syntax error [] []
[2026-03-21T12:07:46.037452+01:00] wc_store.WARNING: Could not retrieve ID for category: جاكيت. Error: JSON ERROR: Syntax error [] []
[2026-03-21T12:07:46.202704+01:00] wc_store.WARNING: Could not retrieve ID for category: جاكيتات. Error: JSON ERROR: Syntax error [] []
[2026-03-21T12:07:46.395908+01:00] wc_store.WARNING: Could not retrieve ID for category: ملابس صيفية. Error: JSON ERROR: Syntax error [] []
[2026-03-21T12:07:46.636476+01:00] wc_store.WARNING: Could not retrieve ID for category: قمصان. Error: JSON ERROR: Syntax error [] []
[2026-03-21T12:07:46.880421+01:00] wc_store.ERROR: WooCommerce API Error (HTTP) fetching Featured Products: JSON ERROR: Syntax error [] []
[2026-03-21T12:08:02.760600+01:00] wc_store.WARNING: Could not retrieve ID for category: جاكيت. Error: JSON ERROR: Syntax error [] []
[2026-03-21T12:08:02.915600+01:00] wc_store.WARNING: Could not retrieve ID for category: جاكيتات. Error: JSON ERROR: Syntax error [] []
[2026-03-21T12:08:03.153717+01:00] wc_store.WARNING: Could not retrieve ID for category: ملابس صيفية. Error: JSON ERROR: Syntax error [] []
[2026-03-21T12:08:03.370584+01:00] wc_store.WARNING: Could not retrieve ID for category: قمصان. Error: JSON ERROR: Syntax error [] []
[2026-03-21T12:08:03.604263+01:00] wc_store.ERROR: WooCommerce API Error (HTTP) fetching Featured Products: JSON ERROR: Syntax error [] []
[2026-03-21T12:12:59.562405+01:00] wc_store.WARNING: Could not retrieve ID for category: جاكيت. Error: JSON ERROR: Syntax error [] []
[2026-03-21T12:12:59.930892+01:00] wc_store.WARNING: Could not retrieve ID for category: جاكيتات. Error: JSON ERROR: Syntax error [] []
[2026-03-21T12:13:00.122442+01:00] wc_store.WARNING: Could not retrieve ID for category: ملابس صيفية. Error: JSON ERROR: Syntax error [] []
[2026-03-21T12:13:00.286860+01:00] wc_store.WARNING: Could not retrieve ID for category: قمصان. Error: JSON ERROR: Syntax error [] []
[2026-03-21T12:13:00.440251+01:00] wc_store.ERROR: WooCommerce API Error (HTTP) fetching Featured Products: JSON ERROR: Syntax error [] []
[2026-03-21T12:13:06.529282+01:00] wc_store.WARNING: Could not retrieve ID for category: جاكيت. Error: JSON ERROR: Syntax error [] []
[2026-03-21T12:13:06.709212+01:00] wc_store.WARNING: Could not retrieve ID for category: جاكيتات. Error: JSON ERROR: Syntax error [] []
[2026-03-21T12:13:06.958393+01:00] wc_store.WARNING: Could not retrieve ID for category: ملابس صيفية. Error: JSON ERROR: Syntax error [] []
[2026-03-21T12:13:07.194749+01:00] wc_store.WARNING: Could not retrieve ID for category: قمصان. Error: JSON ERROR: Syntax error [] []
[2026-03-21T12:13:07.411876+01:00] wc_store.ERROR: WooCommerce API Error (HTTP) fetching Featured Products: JSON ERROR: Syntax error [] []
[2026-03-21T12:13:09.487229+01:00] wc_store.WARNING: Could not retrieve ID for category: جاكيت. Error: JSON ERROR: Syntax error [] []
[2026-03-21T12:13:09.719609+01:00] wc_store.WARNING: Could not retrieve ID for category: جاكيتات. Error: JSON ERROR: Syntax error [] []
[2026-03-21T12:13:09.892820+01:00] wc_store.WARNING: Could not retrieve ID for category: ملابس صيفية. Error: JSON ERROR: Syntax error [] []
[2026-03-21T12:13:10.047433+01:00] wc_store.WARNING: Could not retrieve ID for category: قمصان. Error: JSON ERROR: Syntax error [] []
[2026-03-21T12:13:10.191046+01:00] wc_store.ERROR: WooCommerce API Error (HTTP) fetching Featured Products: JSON ERROR: Syntax error [] []
[2026-03-21T12:13:17.092719+01:00] wc_store.WARNING: Could not retrieve ID for category: جاكيت. Error: JSON ERROR: Syntax error [] []
[2026-03-21T12:13:17.305483+01:00] wc_store.WARNING: Could not retrieve ID for category: جاكيتات. Error: JSON ERROR: Syntax error [] []
[2026-03-21T12:13:17.497062+01:00] wc_store.WARNING: Could not retrieve ID for category: ملابس صيفية. Error: JSON ERROR: Syntax error [] []
[2026-03-21T12:13:17.902478+01:00] wc_store.WARNING: Could not retrieve ID for category: قمصان. Error: JSON ERROR: Syntax error [] []
[2026-03-21T12:13:18.437224+01:00] wc_store.ERROR: WooCommerce API Error (HTTP) fetching Featured Products: JSON ERROR: Syntax error [] []
[2026-03-21T12:17:30.266066+01:00] wc_store.WARNING: Could not retrieve ID for category: جاكيت. Error: JSON ERROR: Syntax error [] []
[2026-03-21T12:17:30.522531+01:00] wc_store.WARNING: Could not retrieve ID for category: جاكيتات. Error: JSON ERROR: Syntax error [] []
[2026-03-21T12:17:30.773108+01:00] wc_store.WARNING: Could not retrieve ID for category: ملابس صيفية. Error: JSON ERROR: Syntax error [] []
[2026-03-21T12:17:31.181600+01:00] wc_store.WARNING: Could not retrieve ID for category: قمصان. Error: JSON ERROR: Syntax error [] []
[2026-03-21T12:17:31.554026+01:00] wc_store.ERROR: WooCommerce API Error (HTTP) fetching Featured Products: JSON ERROR: Syntax error [] []
[2026-03-21T12:17:37.253374+01:00] wc_store.WARNING: Could not retrieve ID for category: جاكيت. Error: JSON ERROR: Syntax error [] []
[2026-03-21T12:17:37.697711+01:00] wc_store.WARNING: Could not retrieve ID for category: جاكيتات. Error: JSON ERROR: Syntax error [] []
[2026-03-21T12:17:38.120252+01:00] wc_store.WARNING: Could not retrieve ID for category: ملابس صيفية. Error: JSON ERROR: Syntax error [] []
[2026-03-21T12:17:38.526520+01:00] wc_store.WARNING: Could not retrieve ID for category: قمصان. Error: JSON ERROR: Syntax error [] []
[2026-03-21T12:17:39.023059+01:00] wc_store.ERROR: WooCommerce API Error (HTTP) fetching Featured Products: JSON ERROR: Syntax error [] []
[2026-03-21T12:17:45.058114+01:00] wc_store.WARNING: Could not retrieve ID for category: جاكيت. Error: JSON ERROR: Syntax error [] []
[2026-03-21T12:17:45.458404+01:00] wc_store.WARNING: Could not retrieve ID for category: جاكيتات. Error: JSON ERROR: Syntax error [] []
[2026-03-21T12:17:45.789265+01:00] wc_store.WARNING: Could not retrieve ID for category: ملابس صيفية. Error: JSON ERROR: Syntax error [] []
[2026-03-21T12:17:46.149078+01:00] wc_store.WARNING: Could not retrieve ID for category: قمصان. Error: JSON ERROR: Syntax error [] []
[2026-03-21T12:17:46.447338+01:00] wc_store.ERROR: WooCommerce API Error (HTTP) fetching Featured Products: JSON ERROR: Syntax error [] []
[2026-03-21T12:22:18.794955+01:00] wc_store.WARNING: Could not retrieve ID for category: جاكيت. Error: JSON ERROR: Syntax error [] []
[2026-03-21T12:22:18.994561+01:00] wc_store.WARNING: Could not retrieve ID for category: جاكيتات. Error: JSON ERROR: Syntax error [] []
[2026-03-21T12:22:19.143395+01:00] wc_store.WARNING: Could not retrieve ID for category: ملابس صيفية. Error: JSON ERROR: Syntax error [] []
[2026-03-21T12:22:19.315485+01:00] wc_store.WARNING: Could not retrieve ID for category: قمصان. Error: JSON ERROR: Syntax error [] []
[2026-03-21T12:22:19.462765+01:00] wc_store.ERROR: WooCommerce API Error (HTTP) fetching Featured Products: JSON ERROR: Syntax error [] []
[2026-03-21T12:22:25.602410+01:00] wc_store.WARNING: Could not retrieve ID for category: جاكيت. Error: JSON ERROR: Syntax error [] []
[2026-03-21T12:22:25.784010+01:00] wc_store.WARNING: Could not retrieve ID for category: جاكيتات. Error: JSON ERROR: Syntax error [] []
[2026-03-21T12:22:25.969672+01:00] wc_store.WARNING: Could not retrieve ID for category: ملابس صيفية. Error: JSON ERROR: Syntax error [] []
[2026-03-21T12:22:26.143136+01:00] wc_store.WARNING: Could not retrieve ID for category: قمصان. Error: JSON ERROR: Syntax error [] []
[2026-03-21T12:22:26.314692+01:00] wc_store.ERROR: WooCommerce API Error (HTTP) fetching Featured Products: JSON ERROR: Syntax error [] []
[2026-03-21T12:22:28.503208+01:00] wc_store.WARNING: Could not retrieve ID for category: جاكيت. Error: JSON ERROR: Syntax error [] []
[2026-03-21T12:22:28.701356+01:00] wc_store.WARNING: Could not retrieve ID for category: جاكيتات. Error: JSON ERROR: Syntax error [] []
[2026-03-21T12:22:28.892314+01:00] wc_store.WARNING: Could not retrieve ID for category: ملابس صيفية. Error: JSON ERROR: Syntax error [] []
[2026-03-21T12:22:29.098667+01:00] wc_store.WARNING: Could not retrieve ID for category: قمصان. Error: JSON ERROR: Syntax error [] []
[2026-03-21T12:22:29.246960+01:00] wc_store.ERROR: WooCommerce API Error (HTTP) fetching Featured Products: JSON ERROR: Syntax error [] []
[2026-03-21T12:22:33.096525+01:00] wc_store.WARNING: Could not retrieve ID for category: جاكيت. Error: JSON ERROR: Syntax error [] []
[2026-03-21T12:22:33.299110+01:00] wc_store.WARNING: Could not retrieve ID for category: جاكيتات. Error: JSON ERROR: Syntax error [] []
[2026-03-21T12:22:33.572614+01:00] wc_store.WARNING: Could not retrieve ID for category: ملابس صيفية. Error: JSON ERROR: Syntax error [] []
[2026-03-21T12:22:33.766837+01:00] wc_store.WARNING: Could not retrieve ID for category: قمصان. Error: JSON ERROR: Syntax error [] []
[2026-03-21T12:22:33.937367+01:00] wc_store.ERROR: WooCommerce API Error (HTTP) fetching Featured Products: JSON ERROR: Syntax error [] []
[2026-03-21T12:22:52.017552+01:00] wc_store.WARNING: Could not retrieve ID for category: جاكيت. Error: JSON ERROR: Syntax error [] []
[2026-03-21T12:22:52.195259+01:00] wc_store.WARNING: Could not retrieve ID for category: جاكيتات. Error: JSON ERROR: Syntax error [] []
[2026-03-21T12:22:52.365969+01:00] wc_store.WARNING: Could not retrieve ID for category: ملابس صيفية. Error: JSON ERROR: Syntax error [] []
[2026-03-21T12:22:52.542646+01:00] wc_store.WARNING: Could not retrieve ID for category: قمصان. Error: JSON ERROR: Syntax error [] []
[2026-03-21T12:22:52.706007+01:00] wc_store.ERROR: WooCommerce API Error (HTTP) fetching Featured Products: JSON ERROR: Syntax error [] []
[2026-03-21T12:23:02.477970+01:00] wc_store.WARNING: Could not retrieve ID for category: جاكيت. Error: JSON ERROR: Syntax error [] []
[2026-03-21T12:23:02.644495+01:00] wc_store.WARNING: Could not retrieve ID for category: جاكيتات. Error: JSON ERROR: Syntax error [] []
[2026-03-21T12:23:02.834128+01:00] wc_store.WARNING: Could not retrieve ID for category: ملابس صيفية. Error: JSON ERROR: Syntax error [] []
[2026-03-21T12:23:02.991488+01:00] wc_store.WARNING: Could not retrieve ID for category: قمصان. Error: JSON ERROR: Syntax error [] []
[2026-03-21T12:23:03.185932+01:00] wc_store.ERROR: WooCommerce API Error (HTTP) fetching Featured Products: JSON ERROR: Syntax error [] []
[2026-03-21T12:25:11.564943+01:00] wc_store.WARNING: Could not retrieve ID for category: جاكيت. Error: JSON ERROR: Syntax error [] []
[2026-03-21T12:25:11.797287+01:00] wc_store.WARNING: Could not retrieve ID for category: جاكيتات. Error: JSON ERROR: Syntax error [] []
[2026-03-21T12:25:12.007504+01:00] wc_store.WARNING: Could not retrieve ID for category: ملابس صيفية. Error: JSON ERROR: Syntax error [] []
[2026-03-21T12:25:12.221822+01:00] wc_store.WARNING: Could not retrieve ID for category: قمصان. Error: JSON ERROR: Syntax error [] []
[2026-03-21T12:25:12.423076+01:00] wc_store.ERROR: WooCommerce API Error (HTTP) fetching Featured Products: JSON ERROR: Syntax error [] []
[2026-03-21T12:27:49.220396+01:00] wc_store.WARNING: Could not retrieve ID for category: جاكيت. Error: JSON ERROR: Syntax error [] []
[2026-03-21T12:27:49.570384+01:00] wc_store.WARNING: Could not retrieve ID for category: جاكيتات. Error: JSON ERROR: Syntax error [] []
[2026-03-21T12:27:49.854997+01:00] wc_store.WARNING: Could not retrieve ID for category: ملابس صيفية. Error: JSON ERROR: Syntax error [] []
[2026-03-21T12:27:50.223171+01:00] wc_store.WARNING: Could not retrieve ID for category: قمصان. Error: JSON ERROR: Syntax error [] []
[2026-03-21T12:27:50.521978+01:00] wc_store.ERROR: WooCommerce API Error (HTTP) fetching Featured Products: JSON ERROR: Syntax error [] []
[2026-03-21T12:29:48.314984+01:00] wc_store.WARNING: Could not retrieve ID for category: جاكيت. Error: JSON ERROR: Syntax error [] []
[2026-03-21T12:29:48.485850+01:00] wc_store.WARNING: Could not retrieve ID for category: جاكيتات. Error: JSON ERROR: Syntax error [] []
[2026-03-21T12:29:48.697971+01:00] wc_store.WARNING: Could not retrieve ID for category: ملابس صيفية. Error: JSON ERROR: Syntax error [] []
[2026-03-21T12:29:48.921732+01:00] wc_store.WARNING: Could not retrieve ID for category: قمصان. Error: JSON ERROR: Syntax error [] []
[2026-03-21T12:29:49.501506+01:00] wc_store.ERROR: WooCommerce API Error (HTTP) fetching Featured Products: JSON ERROR: Syntax error [] []
[2026-03-21T12:29:55.495093+01:00] wc_store.WARNING: Could not retrieve ID for category: جاكيت. Error: JSON ERROR: Syntax error [] []
[2026-03-21T12:29:55.677912+01:00] wc_store.WARNING: Could not retrieve ID for category: جاكيتات. Error: JSON ERROR: Syntax error [] []
[2026-03-21T12:29:55.973342+01:00] wc_store.WARNING: Could not retrieve ID for category: ملابس صيفية. Error: JSON ERROR: Syntax error [] []
[2026-03-21T12:29:56.227448+01:00] wc_store.WARNING: Could not retrieve ID for category: قمصان. Error: JSON ERROR: Syntax error [] []
[2026-03-21T12:29:56.417143+01:00] wc_store.ERROR: WooCommerce API Error (HTTP) fetching Featured Products: JSON ERROR: Syntax error [] []
[2026-03-21T12:29:57.492954+01:00] wc_store.WARNING: Could not retrieve ID for category: جاكيت. Error: JSON ERROR: Syntax error [] []
[2026-03-21T12:29:57.633255+01:00] wc_store.WARNING: Could not retrieve ID for category: جاكيتات. Error: JSON ERROR: Syntax error [] []
[2026-03-21T12:29:57.788490+01:00] wc_store.WARNING: Could not retrieve ID for category: ملابس صيفية. Error: JSON ERROR: Syntax error [] []
[2026-03-21T12:29:57.967715+01:00] wc_store.WARNING: Could not retrieve ID for category: قمصان. Error: JSON ERROR: Syntax error [] []
[2026-03-21T12:29:58.152547+01:00] wc_store.ERROR: WooCommerce API Error (HTTP) fetching Featured Products: JSON ERROR: Syntax error [] []
[2026-03-21T12:30:02.405358+01:00] wc_store.WARNING: Could not retrieve ID for category: جاكيت. Error: JSON ERROR: Syntax error [] []
[2026-03-21T12:30:02.562642+01:00] wc_store.WARNING: Could not retrieve ID for category: جاكيتات. Error: JSON ERROR: Syntax error [] []
[2026-03-21T12:30:02.724802+01:00] wc_store.WARNING: Could not retrieve ID for category: ملابس صيفية. Error: JSON ERROR: Syntax error [] []
[2026-03-21T12:30:02.868053+01:00] wc_store.WARNING: Could not retrieve ID for category: قمصان. Error: JSON ERROR: Syntax error [] []
[2026-03-21T12:30:03.047427+01:00] wc_store.ERROR: WooCommerce API Error (HTTP) fetching Featured Products: JSON ERROR: Syntax error [] []
[2026-03-21T12:31:24.038558+01:00] wc_store.WARNING: Could not retrieve ID for category: جاكيت. Error: JSON ERROR: Syntax error [] []
[2026-03-21T12:31:24.196276+01:00] wc_store.WARNING: Could not retrieve ID for category: جاكيتات. Error: JSON ERROR: Syntax error [] []
[2026-03-21T12:31:24.341629+01:00] wc_store.WARNING: Could not retrieve ID for category: ملابس صيفية. Error: JSON ERROR: Syntax error [] []
[2026-03-21T12:31:24.525558+01:00] wc_store.WARNING: Could not retrieve ID for category: قمصان. Error: JSON ERROR: Syntax error [] []
[2026-03-21T12:31:24.684235+01:00] wc_store.ERROR: WooCommerce API Error (HTTP) fetching Featured Products: JSON ERROR: Syntax error [] []
[2026-03-21T12:52:21.465378+01:00] wc_store.WARNING: Could not retrieve ID for category: جاكيت. Error: JSON ERROR: Syntax error [] []
[2026-03-21T12:52:21.610688+01:00] wc_store.WARNING: Could not retrieve ID for category: جاكيتات. Error: JSON ERROR: Syntax error [] []
[2026-03-21T12:52:21.752771+01:00] wc_store.WARNING: Could not retrieve ID for category: ملابس صيفية. Error: JSON ERROR: Syntax error [] []
[2026-03-21T12:52:21.894187+01:00] wc_store.WARNING: Could not retrieve ID for category: قمصان. Error: JSON ERROR: Syntax error [] []
[2026-03-21T12:52:22.048286+01:00] wc_store.ERROR: WooCommerce API Error (HTTP) fetching Featured Products: JSON ERROR: Syntax error [] []
[2026-03-21T12:52:29.273650+01:00] wc_store.WARNING: Could not retrieve ID for category: جاكيت. Error: JSON ERROR: Syntax error [] []
[2026-03-21T12:52:29.434255+01:00] wc_store.WARNING: Could not retrieve ID for category: جاكيتات. Error: JSON ERROR: Syntax error [] []
[2026-03-21T12:52:29.566514+01:00] wc_store.WARNING: Could not retrieve ID for category: ملابس صيفية. Error: JSON ERROR: Syntax error [] []
[2026-03-21T12:52:29.725803+01:00] wc_store.WARNING: Could not retrieve ID for category: قمصان. Error: JSON ERROR: Syntax error [] []
[2026-03-21T12:52:29.870015+01:00] wc_store.ERROR: WooCommerce API Error (HTTP) fetching Featured Products: JSON ERROR: Syntax error [] []
[2026-03-21T12:52:33.073067+01:00] wc_store.WARNING: Could not retrieve ID for category: جاكيت. Error: JSON ERROR: Syntax error [] []
[2026-03-21T12:52:33.227587+01:00] wc_store.WARNING: Could not retrieve ID for category: جاكيتات. Error: JSON ERROR: Syntax error [] []
[2026-03-21T12:52:33.393794+01:00] wc_store.WARNING: Could not retrieve ID for category: ملابس صيفية. Error: JSON ERROR: Syntax error [] []
[2026-03-21T12:52:33.572575+01:00] wc_store.WARNING: Could not retrieve ID for category: قمصان. Error: JSON ERROR: Syntax error [] []
[2026-03-21T12:52:33.711935+01:00] wc_store.ERROR: WooCommerce API Error (HTTP) fetching Featured Products: JSON ERROR: Syntax error [] []
[2026-03-21T12:52:39.297511+01:00] wc_store.WARNING: Could not retrieve ID for category: جاكيت. Error: JSON ERROR: Syntax error [] []
[2026-03-21T12:52:39.443686+01:00] wc_store.WARNING: Could not retrieve ID for category: جاكيتات. Error: JSON ERROR: Syntax error [] []
[2026-03-21T12:52:39.593039+01:00] wc_store.WARNING: Could not retrieve ID for category: ملابس صيفية. Error: JSON ERROR: Syntax error [] []
[2026-03-21T12:52:39.762186+01:00] wc_store.WARNING: Could not retrieve ID for category: قمصان. Error: JSON ERROR: Syntax error [] []
[2026-03-21T12:52:39.943402+01:00] wc_store.ERROR: WooCommerce API Error (HTTP) fetching Featured Products: JSON ERROR: Syntax error [] []
[2026-03-21T12:58:26.783540+01:00] wc_store.WARNING: Could not retrieve ID for category: جاكيت. Error: JSON ERROR: Syntax error [] []
[2026-03-21T12:58:26.964375+01:00] wc_store.WARNING: Could not retrieve ID for category: جاكيتات. Error: JSON ERROR: Syntax error [] []
[2026-03-21T12:58:27.148016+01:00] wc_store.WARNING: Could not retrieve ID for category: ملابس صيفية. Error: JSON ERROR: Syntax error [] []
[2026-03-21T12:58:27.354700+01:00] wc_store.WARNING: Could not retrieve ID for category: قمصان. Error: JSON ERROR: Syntax error [] []
[2026-03-21T12:58:27.512801+01:00] wc_store.ERROR: WooCommerce API Error (HTTP) fetching Featured Products: JSON ERROR: Syntax error [] []
[2026-03-21T12:58:33.399111+01:00] wc_store.WARNING: Could not retrieve ID for category: جاكيت. Error: JSON ERROR: Syntax error [] []
[2026-03-21T12:58:33.852123+01:00] wc_store.WARNING: Could not retrieve ID for category: جاكيتات. Error: JSON ERROR: Syntax error [] []
[2026-03-21T12:58:34.371412+01:00] wc_store.WARNING: Could not retrieve ID for category: ملابس صيفية. Error: JSON ERROR: Syntax error [] []
[2026-03-21T12:58:34.605787+01:00] wc_store.WARNING: Could not retrieve ID for category: قمصان. Error: JSON ERROR: Syntax error [] []
[2026-03-21T12:58:34.990410+01:00] wc_store.ERROR: WooCommerce API Error (HTTP) fetching Featured Products: JSON ERROR: Syntax error [] []
[2026-03-21T13:00:22.982428+01:00] wc_store.WARNING: Could not retrieve ID for category: جاكيت. Error: JSON ERROR: Syntax error [] []
[2026-03-21T13:00:23.163834+01:00] wc_store.WARNING: Could not retrieve ID for category: جاكيتات. Error: JSON ERROR: Syntax error [] []
[2026-03-21T13:00:23.297288+01:00] wc_store.WARNING: Could not retrieve ID for category: ملابس صيفية. Error: JSON ERROR: Syntax error [] []
[2026-03-21T13:00:23.674351+01:00] wc_store.WARNING: Could not retrieve ID for category: قمصان. Error: JSON ERROR: Syntax error [] []
[2026-03-21T13:00:23.888657+01:00] wc_store.ERROR: WooCommerce API Error (HTTP) fetching Featured Products: JSON ERROR: Syntax error [] []
[2026-03-21T13:00:28.378130+01:00] wc_store.WARNING: Could not retrieve ID for category: جاكيت. Error: JSON ERROR: Syntax error [] []
[2026-03-21T13:00:28.623336+01:00] wc_store.WARNING: Could not retrieve ID for category: جاكيتات. Error: JSON ERROR: Syntax error [] []
[2026-03-21T13:00:28.844042+01:00] wc_store.WARNING: Could not retrieve ID for category: ملابس صيفية. Error: JSON ERROR: Syntax error [] []
[2026-03-21T13:00:29.058352+01:00] wc_store.WARNING: Could not retrieve ID for category: قمصان. Error: JSON ERROR: Syntax error [] []
[2026-03-21T13:00:29.263769+01:00] wc_store.ERROR: WooCommerce API Error (HTTP) fetching Featured Products: JSON ERROR: Syntax error [] []
[2026-03-21T13:00:30.633980+01:00] wc_store.WARNING: Could not retrieve ID for category: جاكيت. Error: JSON ERROR: Syntax error [] []
[2026-03-21T13:00:30.823498+01:00] wc_store.WARNING: Could not retrieve ID for category: جاكيتات. Error: JSON ERROR: Syntax error [] []
[2026-03-21T13:00:31.054794+01:00] wc_store.WARNING: Could not retrieve ID for category: ملابس صيفية. Error: JSON ERROR: Syntax error [] []
[2026-03-21T13:00:31.291818+01:00] wc_store.WARNING: Could not retrieve ID for category: قمصان. Error: JSON ERROR: Syntax error [] []
[2026-03-21T13:00:31.577979+01:00] wc_store.ERROR: WooCommerce API Error (HTTP) fetching Featured Products: JSON ERROR: Syntax error [] []
[2026-03-21T13:15:15.788791+01:00] wc_store.WARNING: Could not retrieve ID for category: جاكيت. Error: JSON ERROR: Syntax error [] []
[2026-03-21T13:15:16.108468+01:00] wc_store.WARNING: Could not retrieve ID for category: جاكيتات. Error: JSON ERROR: Syntax error [] []
[2026-03-21T13:15:16.356588+01:00] wc_store.WARNING: Could not retrieve ID for category: ملابس صيفية. Error: JSON ERROR: Syntax error [] []
[2026-03-21T13:15:16.823179+01:00] wc_store.WARNING: Could not retrieve ID for category: قمصان. Error: JSON ERROR: Syntax error [] []
[2026-03-21T13:15:17.044873+01:00] wc_store.ERROR: WooCommerce API Error (HTTP) fetching Featured Products: JSON ERROR: Syntax error [] []
[2026-03-21T13:15:24.478006+01:00] wc_store.WARNING: Could not retrieve ID for category: جاكيت. Error: JSON ERROR: Syntax error [] []
[2026-03-21T13:15:24.940117+01:00] wc_store.WARNING: Could not retrieve ID for category: جاكيتات. Error: JSON ERROR: Syntax error [] []
[2026-03-21T13:15:25.249970+01:00] wc_store.WARNING: Could not retrieve ID for category: ملابس صيفية. Error: JSON ERROR: Syntax error [] []
[2026-03-21T13:15:25.600702+01:00] wc_store.WARNING: Could not retrieve ID for category: قمصان. Error: JSON ERROR: Syntax error [] []
[2026-03-21T13:15:25.823940+01:00] wc_store.ERROR: WooCommerce API Error (HTTP) fetching Featured Products: JSON ERROR: Syntax error [] []
[2026-03-21T13:16:14.051097+01:00] wc_store.WARNING: Could not retrieve ID for category: جاكيت. Error: JSON ERROR: Syntax error [] []
[2026-03-21T13:16:14.365393+01:00] wc_store.WARNING: Could not retrieve ID for category: جاكيتات. Error: JSON ERROR: Syntax error [] []
[2026-03-21T13:16:14.721221+01:00] wc_store.WARNING: Could not retrieve ID for category: ملابس صيفية. Error: JSON ERROR: Syntax error [] []
[2026-03-21T13:16:14.983406+01:00] wc_store.WARNING: Could not retrieve ID for category: قمصان. Error: JSON ERROR: Syntax error [] []
[2026-03-21T13:16:15.225138+01:00] wc_store.ERROR: WooCommerce API Error (HTTP) fetching Featured Products: JSON ERROR: Syntax error [] []
[2026-03-21T13:16:22.217954+01:00] wc_store.WARNING: Could not retrieve ID for category: جاكيت. Error: JSON ERROR: Syntax error [] []
[2026-03-21T13:16:22.519960+01:00] wc_store.WARNING: Could not retrieve ID for category: جاكيتات. Error: JSON ERROR: Syntax error [] []
[2026-03-21T13:16:22.780264+01:00] wc_store.WARNING: Could not retrieve ID for category: ملابس صيفية. Error: JSON ERROR: Syntax error [] []
[2026-03-21T13:16:23.016556+01:00] wc_store.WARNING: Could not retrieve ID for category: قمصان. Error: JSON ERROR: Syntax error [] []
[2026-03-21T13:16:23.528989+01:00] wc_store.ERROR: WooCommerce API Error (HTTP) fetching Featured Products: JSON ERROR: Syntax error [] []
[2026-03-21T13:19:55.935496+01:00] wc_store.WARNING: Could not retrieve ID for category: جاكيت. Error: JSON ERROR: Syntax error [] []
[2026-03-21T13:19:56.229333+01:00] wc_store.WARNING: Could not retrieve ID for category: جاكيتات. Error: JSON ERROR: Syntax error [] []
[2026-03-21T13:19:56.518337+01:00] wc_store.WARNING: Could not retrieve ID for category: ملابس صيفية. Error: JSON ERROR: Syntax error [] []
[2026-03-21T13:19:56.777625+01:00] wc_store.WARNING: Could not retrieve ID for category: قمصان. Error: JSON ERROR: Syntax error [] []
[2026-03-21T13:19:57.006003+01:00] wc_store.ERROR: WooCommerce API Error (HTTP) fetching Featured Products: JSON ERROR: Syntax error [] []
[2026-03-21T13:26:04.170002+01:00] wc_store.WARNING: Could not retrieve ID for category: جاكيت. Error: JSON ERROR: Syntax error [] []
[2026-03-21T13:26:04.495308+01:00] wc_store.WARNING: Could not retrieve ID for category: جاكيتات. Error: JSON ERROR: Syntax error [] []
[2026-03-21T13:26:04.779064+01:00] wc_store.WARNING: Could not retrieve ID for category: ملابس صيفية. Error: JSON ERROR: Syntax error [] []
[2026-03-21T13:26:05.159516+01:00] wc_store.WARNING: Could not retrieve ID for category: قمصان. Error: JSON ERROR: Syntax error [] []
[2026-03-21T13:26:05.468226+01:00] wc_store.ERROR: WooCommerce API Error (HTTP) fetching Featured Products: JSON ERROR: Syntax error [] []
[2026-03-21T13:26:20.136777+01:00] wc_store.WARNING: Could not retrieve ID for category: جاكيت. Error: JSON ERROR: Syntax error [] []
[2026-03-21T13:26:20.330411+01:00] wc_store.WARNING: Could not retrieve ID for category: جاكيتات. Error: JSON ERROR: Syntax error [] []
[2026-03-21T13:26:20.533790+01:00] wc_store.WARNING: Could not retrieve ID for category: ملابس صيفية. Error: JSON ERROR: Syntax error [] []
[2026-03-21T13:26:20.830027+01:00] wc_store.WARNING: Could not retrieve ID for category: قمصان. Error: JSON ERROR: Syntax error [] []
[2026-03-21T13:26:21.085849+01:00] wc_store.ERROR: WooCommerce API Error (HTTP) fetching Featured Products: JSON ERROR: Syntax error [] []
[2026-03-21T13:26:28.634129+01:00] wc_store.WARNING: Could not retrieve ID for category: جاكيت. Error: JSON ERROR: Syntax error [] []
[2026-03-21T13:26:28.900384+01:00] wc_store.WARNING: Could not retrieve ID for category: جاكيتات. Error: JSON ERROR: Syntax error [] []
[2026-03-21T13:26:29.187302+01:00] wc_store.WARNING: Could not retrieve ID for category: ملابس صيفية. Error: JSON ERROR: Syntax error [] []
[2026-03-21T13:26:29.541559+01:00] wc_store.WARNING: Could not retrieve ID for category: قمصان. Error: JSON ERROR: Syntax error [] []
[2026-03-21T13:26:29.806367+01:00] wc_store.ERROR: WooCommerce API Error (HTTP) fetching Featured Products: JSON ERROR: Syntax error [] []
[2026-03-21T13:27:10.793504+01:00] wc_store.WARNING: Could not retrieve ID for category: جاكيت. Error: JSON ERROR: Syntax error [] []
[2026-03-21T13:27:11.095815+01:00] wc_store.WARNING: Could not retrieve ID for category: جاكيتات. Error: JSON ERROR: Syntax error [] []
[2026-03-21T13:27:11.311667+01:00] wc_store.WARNING: Could not retrieve ID for category: ملابس صيفية. Error: JSON ERROR: Syntax error [] []
[2026-03-21T13:27:11.547984+01:00] wc_store.WARNING: Could not retrieve ID for category: قمصان. Error: JSON ERROR: Syntax error [] []
[2026-03-21T13:27:11.787172+01:00] wc_store.ERROR: WooCommerce API Error (HTTP) fetching Featured Products: JSON ERROR: Syntax error [] []
[2026-03-21T13:40:27.480414+01:00] wc_store.WARNING: Could not retrieve ID for category: جاكيت. Error: JSON ERROR: Syntax error [] []
[2026-03-21T13:40:27.745997+01:00] wc_store.WARNING: Could not retrieve ID for category: جاكيتات. Error: JSON ERROR: Syntax error [] []
[2026-03-21T13:40:28.060547+01:00] wc_store.WARNING: Could not retrieve ID for category: ملابس صيفية. Error: JSON ERROR: Syntax error [] []
[2026-03-21T13:40:28.317716+01:00] wc_store.WARNING: Could not retrieve ID for category: قمصان. Error: JSON ERROR: Syntax error [] []
[2026-03-21T13:40:28.478100+01:00] wc_store.ERROR: WooCommerce API Error (HTTP) fetching Featured Products: JSON ERROR: Syntax error [] []
[2026-03-21T13:40:48.422219+01:00] wc_store.WARNING: Could not retrieve ID for category: جاكيت. Error: JSON ERROR: Syntax error [] []
[2026-03-21T13:40:48.705424+01:00] wc_store.WARNING: Could not retrieve ID for category: جاكيتات. Error: JSON ERROR: Syntax error [] []
[2026-03-21T13:40:48.933137+01:00] wc_store.WARNING: Could not retrieve ID for category: ملابس صيفية. Error: JSON ERROR: Syntax error [] []
[2026-03-21T13:40:49.473386+01:00] wc_store.WARNING: Could not retrieve ID for category: قمصان. Error: JSON ERROR: Syntax error [] []
[2026-03-21T13:40:50.139839+01:00] wc_store.ERROR: WooCommerce API Error (HTTP) fetching Featured Products: JSON ERROR: Syntax error [] []
[2026-03-21T13:45:52.057355+01:00] wc_store.WARNING: Could not retrieve ID for category: جاكيت. Error: JSON ERROR: Syntax error [] []
[2026-03-21T13:45:52.347691+01:00] wc_store.WARNING: Could not retrieve ID for category: جاكيتات. Error: JSON ERROR: Syntax error [] []
[2026-03-21T13:45:52.613142+01:00] wc_store.WARNING: Could not retrieve ID for category: ملابس صيفية. Error: JSON ERROR: Syntax error [] []
[2026-03-21T13:45:52.916011+01:00] wc_store.WARNING: Could not retrieve ID for category: قمصان. Error: JSON ERROR: Syntax error [] []
[2026-03-21T13:45:53.202137+01:00] wc_store.ERROR: WooCommerce API Error (HTTP) fetching Featured Products: JSON ERROR: Syntax error [] []
[2026-03-21T13:59:07.715668+01:00] wc_store.WARNING: Could not retrieve ID for category: جاكيت. Error: JSON ERROR: Syntax error [] []
[2026-03-21T13:59:07.879208+01:00] wc_store.WARNING: Could not retrieve ID for category: جاكيتات. Error: JSON ERROR: Syntax error [] []
[2026-03-21T13:59:08.055025+01:00] wc_store.WARNING: Could not retrieve ID for category: ملابس صيفية. Error: JSON ERROR: Syntax error [] []
[2026-03-21T13:59:08.247644+01:00] wc_store.WARNING: Could not retrieve ID for category: قمصان. Error: JSON ERROR: Syntax error [] []
[2026-03-21T13:59:08.443281+01:00] wc_store.ERROR: WooCommerce API Error (HTTP) fetching Featured Products: JSON ERROR: Syntax error [] []
[2026-03-21T13:59:13.579149+01:00] wc_store.WARNING: Could not retrieve ID for category: جاكيت. Error: JSON ERROR: Syntax error [] []
[2026-03-21T13:59:13.805379+01:00] wc_store.WARNING: Could not retrieve ID for category: جاكيتات. Error: JSON ERROR: Syntax error [] []
[2026-03-21T13:59:14.202216+01:00] wc_store.WARNING: Could not retrieve ID for category: ملابس صيفية. Error: JSON ERROR: Syntax error [] []
[2026-03-21T13:59:14.428600+01:00] wc_store.WARNING: Could not retrieve ID for category: قمصان. Error: JSON ERROR: Syntax error [] []
[2026-03-21T13:59:14.691312+01:00] wc_store.ERROR: WooCommerce API Error (HTTP) fetching Featured Products: JSON ERROR: Syntax error [] []
[2026-03-21T13:59:15.646101+01:00] wc_store.WARNING: Could not retrieve ID for category: جاكيت. Error: JSON ERROR: Syntax error [] []
[2026-03-21T13:59:15.933518+01:00] wc_store.WARNING: Could not retrieve ID for category: جاكيتات. Error: JSON ERROR: Syntax error [] []
[2026-03-21T13:59:16.146619+01:00] wc_store.WARNING: Could not retrieve ID for category: ملابس صيفية. Error: JSON ERROR: Syntax error [] []
[2026-03-21T13:59:16.495556+01:00] wc_store.WARNING: Could not retrieve ID for category: قمصان. Error: JSON ERROR: Syntax error [] []
[2026-03-21T13:59:16.797004+01:00] wc_store.ERROR: WooCommerce API Error (HTTP) fetching Featured Products: JSON ERROR: Syntax error [] []
[2026-03-21T14:00:19.502123+01:00] wc_store.WARNING: Could not retrieve ID for category: جاكيت. Error: JSON ERROR: Syntax error [] []
[2026-03-21T14:00:19.749982+01:00] wc_store.WARNING: Could not retrieve ID for category: جاكيتات. Error: JSON ERROR: Syntax error [] []
[2026-03-21T14:00:20.003650+01:00] wc_store.WARNING: Could not retrieve ID for category: ملابس صيفية. Error: JSON ERROR: Syntax error [] []
[2026-03-21T14:00:20.360818+01:00] wc_store.WARNING: Could not retrieve ID for category: قمصان. Error: JSON ERROR: Syntax error [] []
[2026-03-21T14:00:20.765586+01:00] wc_store.ERROR: WooCommerce API Error (HTTP) fetching Featured Products: JSON ERROR: Syntax error [] []
[2026-03-21T14:00:40.573643+01:00] wc_store.WARNING: Could not retrieve ID for category: جاكيت. Error: JSON ERROR: Syntax error [] []
[2026-03-21T14:00:40.783961+01:00] wc_store.WARNING: Could not retrieve ID for category: جاكيتات. Error: JSON ERROR: Syntax error [] []
[2026-03-21T14:00:40.971145+01:00] wc_store.WARNING: Could not retrieve ID for category: ملابس صيفية. Error: JSON ERROR: Syntax error [] []
[2026-03-21T14:00:41.182825+01:00] wc_store.WARNING: Could not retrieve ID for category: قمصان. Error: JSON ERROR: Syntax error [] []
[2026-03-21T14:00:41.326893+01:00] wc_store.ERROR: WooCommerce API Error (HTTP) fetching Featured Products: JSON ERROR: Syntax error [] []
[2026-03-21T14:00:51.391332+01:00] wc_store.WARNING: Could not retrieve ID for category: جاكيت. Error: JSON ERROR: Syntax error [] []
[2026-03-21T14:00:52.119389+01:00] wc_store.WARNING: Could not retrieve ID for category: جاكيتات. Error: JSON ERROR: Syntax error [] []
[2026-03-21T14:00:52.678244+01:00] wc_store.WARNING: Could not retrieve ID for category: ملابس صيفية. Error: JSON ERROR: Syntax error [] []
[2026-03-21T14:00:53.161064+01:00] wc_store.WARNING: Could not retrieve ID for category: قمصان. Error: JSON ERROR: Syntax error [] []
[2026-03-21T14:00:53.612780+01:00] wc_store.ERROR: WooCommerce API Error (HTTP) fetching Featured Products: JSON ERROR: Syntax error [] []
[2026-03-21T14:16:06.668322+01:00] wc_store.WARNING: Could not retrieve ID for category: جاكيت. Error: JSON ERROR: Syntax error [] []
[2026-03-21T14:16:06.980812+01:00] wc_store.WARNING: Could not retrieve ID for category: جاكيتات. Error: JSON ERROR: Syntax error [] []
[2026-03-21T14:16:07.259588+01:00] wc_store.WARNING: Could not retrieve ID for category: ملابس صيفية. Error: JSON ERROR: Syntax error [] []
[2026-03-21T14:16:07.536550+01:00] wc_store.WARNING: Could not retrieve ID for category: قمصان. Error: JSON ERROR: Syntax error [] []
[2026-03-21T14:16:07.846176+01:00] wc_store.ERROR: WooCommerce API Error (HTTP) fetching Featured Products: JSON ERROR: Syntax error [] []
[2026-03-21T14:16:22.891345+01:00] wc_store.WARNING: Could not retrieve ID for category: جاكيت. Error: JSON ERROR: Syntax error [] []
[2026-03-21T14:16:23.211005+01:00] wc_store.WARNING: Could not retrieve ID for category: جاكيتات. Error: JSON ERROR: Syntax error [] []
[2026-03-21T14:16:23.568048+01:00] wc_store.WARNING: Could not retrieve ID for category: ملابس صيفية. Error: JSON ERROR: Syntax error [] []
[2026-03-21T14:16:24.039333+01:00] wc_store.WARNING: Could not retrieve ID for category: قمصان. Error: JSON ERROR: Syntax error [] []
[2026-03-21T14:16:24.440149+01:00] wc_store.ERROR: WooCommerce API Error (HTTP) fetching Featured Products: JSON ERROR: Syntax error [] []
[2026-03-21T14:28:51.808422+01:00] wc_store.WARNING: Could not retrieve ID for category: جاكيت. Error: JSON ERROR: Syntax error [] []
[2026-03-21T14:28:51.948429+01:00] wc_store.WARNING: Could not retrieve ID for category: جاكيتات. Error: JSON ERROR: Syntax error [] []
[2026-03-21T14:28:52.168607+01:00] wc_store.WARNING: Could not retrieve ID for category: ملابس صيفية. Error: JSON ERROR: Syntax error [] []
[2026-03-21T14:28:52.313711+01:00] wc_store.WARNING: Could not retrieve ID for category: قمصان. Error: JSON ERROR: Syntax error [] []
[2026-03-21T14:28:52.475875+01:00] wc_store.ERROR: WooCommerce API Error (HTTP) fetching Featured Products: JSON ERROR: Syntax error [] []
[2026-03-21T14:28:58.750740+01:00] wc_store.WARNING: Could not retrieve ID for category: جاكيت. Error: JSON ERROR: Syntax error [] []
[2026-03-21T14:28:59.103370+01:00] wc_store.WARNING: Could not retrieve ID for category: جاكيتات. Error: JSON ERROR: Syntax error [] []
[2026-03-21T14:28:59.364893+01:00] wc_store.WARNING: Could not retrieve ID for category: ملابس صيفية. Error: JSON ERROR: Syntax error [] []
[2026-03-21T14:28:59.575923+01:00] wc_store.WARNING: Could not retrieve ID for category: قمصان. Error: JSON ERROR: Syntax error [] []
[2026-03-21T14:28:59.855550+01:00] wc_store.ERROR: WooCommerce API Error (HTTP) fetching Featured Products: JSON ERROR: Syntax error [] []
[2026-03-21T14:39:58.713511+01:00] wc_store.WARNING: Could not retrieve ID for category: جاكيت. Error: JSON ERROR: Syntax error [] []
[2026-03-21T14:39:58.890436+01:00] wc_store.WARNING: Could not retrieve ID for category: جاكيتات. Error: JSON ERROR: Syntax error [] []
[2026-03-21T14:39:59.069436+01:00] wc_store.WARNING: Could not retrieve ID for category: ملابس صيفية. Error: JSON ERROR: Syntax error [] []
[2026-03-21T14:39:59.212108+01:00] wc_store.WARNING: Could not retrieve ID for category: قمصان. Error: JSON ERROR: Syntax error [] []
[2026-03-21T14:39:59.369651+01:00] wc_store.ERROR: WooCommerce API Error (HTTP) fetching Featured Products: JSON ERROR: Syntax error [] []
[2026-03-21T14:40:22.186934+01:00] wc_store.WARNING: Could not retrieve ID for category: جاكيت. Error: JSON ERROR: Syntax error [] []
[2026-03-21T14:40:22.327271+01:00] wc_store.WARNING: Could not retrieve ID for category: جاكيتات. Error: JSON ERROR: Syntax error [] []
[2026-03-21T14:40:22.471613+01:00] wc_store.WARNING: Could not retrieve ID for category: ملابس صيفية. Error: JSON ERROR: Syntax error [] []
[2026-03-21T14:40:22.668049+01:00] wc_store.WARNING: Could not retrieve ID for category: قمصان. Error: JSON ERROR: Syntax error [] []
[2026-03-21T14:40:22.865212+01:00] wc_store.ERROR: WooCommerce API Error (HTTP) fetching Featured Products: JSON ERROR: Syntax error [] []
[2026-03-21T14:42:24.536144+01:00] wc_store.WARNING: Could not retrieve ID for category: جاكيت. Error: JSON ERROR: Syntax error [] []
[2026-03-21T14:42:24.700002+01:00] wc_store.WARNING: Could not retrieve ID for category: جاكيتات. Error: JSON ERROR: Syntax error [] []
[2026-03-21T14:42:24.865344+01:00] wc_store.WARNING: Could not retrieve ID for category: ملابس صيفية. Error: JSON ERROR: Syntax error [] []
[2026-03-21T14:42:25.082054+01:00] wc_store.WARNING: Could not retrieve ID for category: قمصان. Error: JSON ERROR: Syntax error [] []
[2026-03-21T14:42:25.238906+01:00] wc_store.ERROR: WooCommerce API Error (HTTP) fetching Featured Products: JSON ERROR: Syntax error [] []
[2026-03-21T14:51:45.807641+01:00] wc_store.WARNING: Could not retrieve ID for category: جاكيت. Error: JSON ERROR: Syntax error [] []
[2026-03-21T14:51:45.996457+01:00] wc_store.WARNING: Could not retrieve ID for category: جاكيتات. Error: JSON ERROR: Syntax error [] []
[2026-03-21T14:51:46.168814+01:00] wc_store.WARNING: Could not retrieve ID for category: ملابس صيفية. Error: JSON ERROR: Syntax error [] []
[2026-03-21T14:51:46.311324+01:00] wc_store.WARNING: Could not retrieve ID for category: قمصان. Error: JSON ERROR: Syntax error [] []
[2026-03-21T14:51:46.478742+01:00] wc_store.ERROR: WooCommerce API Error (HTTP) fetching Featured Products: JSON ERROR: Syntax error [] []
[2026-03-21T14:51:51.872560+01:00] wc_store.WARNING: Could not retrieve ID for category: جاكيت. Error: JSON ERROR: Syntax error [] []
[2026-03-21T14:51:52.157207+01:00] wc_store.WARNING: Could not retrieve ID for category: جاكيتات. Error: JSON ERROR: Syntax error [] []
[2026-03-21T14:51:52.506761+01:00] wc_store.WARNING: Could not retrieve ID for category: ملابس صيفية. Error: JSON ERROR: Syntax error [] []
[2026-03-21T14:51:52.798180+01:00] wc_store.WARNING: Could not retrieve ID for category: قمصان. Error: JSON ERROR: Syntax error [] []
[2026-03-21T14:51:53.197055+01:00] wc_store.ERROR: WooCommerce API Error (HTTP) fetching Featured Products: JSON ERROR: Syntax error [] []
[2026-03-21T14:53:34.585261+01:00] wc_store.WARNING: Could not retrieve ID for category: جاكيت. Error: JSON ERROR: Syntax error [] []
[2026-03-21T14:53:35.127207+01:00] wc_store.WARNING: Could not retrieve ID for category: جاكيتات. Error: JSON ERROR: Syntax error [] []
[2026-03-21T14:53:35.414843+01:00] wc_store.WARNING: Could not retrieve ID for category: ملابس صيفية. Error: JSON ERROR: Syntax error [] []
[2026-03-21T14:53:35.687069+01:00] wc_store.WARNING: Could not retrieve ID for category: قمصان. Error: JSON ERROR: Syntax error [] []
[2026-03-21T14:53:35.906633+01:00] wc_store.ERROR: WooCommerce API Error (HTTP) fetching Featured Products: JSON ERROR: Syntax error [] []
[2026-03-21T14:54:04.181091+01:00] wc_store.WARNING: Could not retrieve ID for category: جاكيت. Error: JSON ERROR: Syntax error [] []
[2026-03-21T14:54:04.369199+01:00] wc_store.WARNING: Could not retrieve ID for category: جاكيتات. Error: JSON ERROR: Syntax error [] []
[2026-03-21T14:54:04.619734+01:00] wc_store.WARNING: Could not retrieve ID for category: ملابس صيفية. Error: JSON ERROR: Syntax error [] []
[2026-03-21T14:54:04.831357+01:00] wc_store.WARNING: Could not retrieve ID for category: قمصان. Error: JSON ERROR: Syntax error [] []
[2026-03-21T14:54:05.076405+01:00] wc_store.ERROR: WooCommerce API Error (HTTP) fetching Featured Products: JSON ERROR: Syntax error [] []
[2026-03-21T14:55:49.303265+01:00] wc_store.WARNING: Could not retrieve ID for category: جاكيت. Error: JSON ERROR: Syntax error [] []
[2026-03-21T14:55:49.481217+01:00] wc_store.WARNING: Could not retrieve ID for category: جاكيتات. Error: JSON ERROR: Syntax error [] []
[2026-03-21T14:55:49.617756+01:00] wc_store.WARNING: Could not retrieve ID for category: ملابس صيفية. Error: JSON ERROR: Syntax error [] []
[2026-03-21T14:55:49.778252+01:00] wc_store.WARNING: Could not retrieve ID for category: قمصان. Error: JSON ERROR: Syntax error [] []
[2026-03-21T14:55:49.960725+01:00] wc_store.ERROR: WooCommerce API Error (HTTP) fetching Featured Products: JSON ERROR: Syntax error [] []
[2026-03-21T15:02:51.584630+01:00] wc_store.WARNING: Could not retrieve ID for category: جاكيت. Error: JSON ERROR: Syntax error [] []
[2026-03-21T15:02:51.790277+01:00] wc_store.WARNING: Could not retrieve ID for category: جاكيتات. Error: JSON ERROR: Syntax error [] []
[2026-03-21T15:02:51.975526+01:00] wc_store.WARNING: Could not retrieve ID for category: ملابس صيفية. Error: JSON ERROR: Syntax error [] []
[2026-03-21T15:02:52.169613+01:00] wc_store.WARNING: Could not retrieve ID for category: قمصان. Error: JSON ERROR: Syntax error [] []
[2026-03-21T15:02:52.395165+01:00] wc_store.ERROR: WooCommerce API Error (HTTP) fetching Featured Products: JSON ERROR: Syntax error [] []
[2026-03-21T15:02:58.623848+01:00] wc_store.WARNING: Could not retrieve ID for category: جاكيت. Error: JSON ERROR: Syntax error [] []
[2026-03-21T15:02:58.971633+01:00] wc_store.WARNING: Could not retrieve ID for category: جاكيتات. Error: JSON ERROR: Syntax error [] []
[2026-03-21T15:02:59.244183+01:00] wc_store.WARNING: Could not retrieve ID for category: ملابس صيفية. Error: JSON ERROR: Syntax error [] []
[2026-03-21T15:02:59.466262+01:00] wc_store.WARNING: Could not retrieve ID for category: قمصان. Error: JSON ERROR: Syntax error [] []
[2026-03-21T15:02:59.658322+01:00] wc_store.ERROR: WooCommerce API Error (HTTP) fetching Featured Products: JSON ERROR: Syntax error [] []
[2026-03-21T15:03:04.587969+01:00] wc_store.WARNING: Could not retrieve ID for category: جاكيت. Error: JSON ERROR: Syntax error [] []
[2026-03-21T15:03:04.773407+01:00] wc_store.WARNING: Could not retrieve ID for category: جاكيتات. Error: JSON ERROR: Syntax error [] []
[2026-03-21T15:03:04.914322+01:00] wc_store.WARNING: Could not retrieve ID for category: ملابس صيفية. Error: JSON ERROR: Syntax error [] []
[2026-03-21T15:03:05.107227+01:00] wc_store.WARNING: Could not retrieve ID for category: قمصان. Error: JSON ERROR: Syntax error [] []
[2026-03-21T15:03:05.277470+01:00] wc_store.ERROR: WooCommerce API Error (HTTP) fetching Featured Products: JSON ERROR: Syntax error [] []
[2026-03-21T15:03:26.699648+01:00] wc_store.WARNING: Could not retrieve ID for category: جاكيت. Error: JSON ERROR: Syntax error [] []
[2026-03-21T15:03:27.018438+01:00] wc_store.WARNING: Could not retrieve ID for category: جاكيتات. Error: JSON ERROR: Syntax error [] []
[2026-03-21T15:03:27.306936+01:00] wc_store.WARNING: Could not retrieve ID for category: ملابس صيفية. Error: JSON ERROR: Syntax error [] []
[2026-03-21T15:03:27.565666+01:00] wc_store.WARNING: Could not retrieve ID for category: قمصان. Error: JSON ERROR: Syntax error [] []
[2026-03-21T15:03:27.769453+01:00] wc_store.ERROR: WooCommerce API Error (HTTP) fetching Featured Products: JSON ERROR: Syntax error [] []
[2026-03-21T15:14:18.693616+01:00] wc_store.WARNING: Could not retrieve ID for category: جاكيت. Error: JSON ERROR: Syntax error [] []
[2026-03-21T15:14:18.886896+01:00] wc_store.WARNING: Could not retrieve ID for category: جاكيتات. Error: JSON ERROR: Syntax error [] []
[2026-03-21T15:14:19.058671+01:00] wc_store.WARNING: Could not retrieve ID for category: ملابس صيفية. Error: JSON ERROR: Syntax error [] []
[2026-03-21T15:14:19.238525+01:00] wc_store.WARNING: Could not retrieve ID for category: قمصان. Error: JSON ERROR: Syntax error [] []
[2026-03-21T15:14:19.433410+01:00] wc_store.ERROR: WooCommerce API Error (HTTP) fetching Featured Products: JSON ERROR: Syntax error [] []
[2026-03-21T15:14:51.204750+01:00] wc_store.WARNING: Could not retrieve ID for category: جاكيت. Error: JSON ERROR: Syntax error [] []
[2026-03-21T15:14:51.639935+01:00] wc_store.WARNING: Could not retrieve ID for category: جاكيتات. Error: JSON ERROR: Syntax error [] []
[2026-03-21T15:14:51.836894+01:00] wc_store.WARNING: Could not retrieve ID for category: ملابس صيفية. Error: JSON ERROR: Syntax error [] []
[2026-03-21T15:14:52.049431+01:00] wc_store.WARNING: Could not retrieve ID for category: قمصان. Error: JSON ERROR: Syntax error [] []
[2026-03-21T15:14:52.275316+01:00] wc_store.ERROR: WooCommerce API Error (HTTP) fetching Featured Products: JSON ERROR: Syntax error [] []
[2026-03-21T15:14:56.666438+01:00] wc_store.WARNING: Could not retrieve ID for category: جاكيت. Error: JSON ERROR: Syntax error [] []
[2026-03-21T15:14:56.836327+01:00] wc_store.WARNING: Could not retrieve ID for category: جاكيتات. Error: JSON ERROR: Syntax error [] []
[2026-03-21T15:14:57.064111+01:00] wc_store.WARNING: Could not retrieve ID for category: ملابس صيفية. Error: JSON ERROR: Syntax error [] []
[2026-03-21T15:14:57.255320+01:00] wc_store.WARNING: Could not retrieve ID for category: قمصان. Error: JSON ERROR: Syntax error [] []
[2026-03-21T15:14:57.431461+01:00] wc_store.ERROR: WooCommerce API Error (HTTP) fetching Featured Products: JSON ERROR: Syntax error [] []
[2026-03-21T15:14:58.799441+01:00] wc_store.WARNING: Could not retrieve ID for category: جاكيت. Error: JSON ERROR: Syntax error [] []
[2026-03-21T15:14:59.052076+01:00] wc_store.WARNING: Could not retrieve ID for category: جاكيتات. Error: JSON ERROR: Syntax error [] []
[2026-03-21T15:14:59.258614+01:00] wc_store.WARNING: Could not retrieve ID for category: ملابس صيفية. Error: JSON ERROR: Syntax error [] []
[2026-03-21T15:14:59.480650+01:00] wc_store.WARNING: Could not retrieve ID for category: قمصان. Error: JSON ERROR: Syntax error [] []
[2026-03-21T15:14:59.695253+01:00] wc_store.ERROR: WooCommerce API Error (HTTP) fetching Featured Products: JSON ERROR: Syntax error [] []
[2026-03-21T15:27:24.424463+01:00] wc_store.WARNING: Could not retrieve ID for category: جاكيت. Error: JSON ERROR: Syntax error [] []
[2026-03-21T15:27:24.789381+01:00] wc_store.WARNING: Could not retrieve ID for category: جاكيتات. Error: JSON ERROR: Syntax error [] []
[2026-03-21T15:27:25.059182+01:00] wc_store.WARNING: Could not retrieve ID for category: ملابس صيفية. Error: JSON ERROR: Syntax error [] []
[2026-03-21T15:27:25.285163+01:00] wc_store.WARNING: Could not retrieve ID for category: قمصان. Error: JSON ERROR: Syntax error [] []
[2026-03-21T15:27:25.447568+01:00] wc_store.ERROR: WooCommerce API Error (HTTP) fetching Featured Products: JSON ERROR: Syntax error [] []
[2026-03-21T15:27:30.081741+01:00] wc_store.WARNING: Could not retrieve ID for category: جاكيت. Error: JSON ERROR: Syntax error [] []
[2026-03-21T15:27:30.238546+01:00] wc_store.WARNING: Could not retrieve ID for category: جاكيتات. Error: JSON ERROR: Syntax error [] []
[2026-03-21T15:27:30.375975+01:00] wc_store.WARNING: Could not retrieve ID for category: ملابس صيفية. Error: JSON ERROR: Syntax error [] []
[2026-03-21T15:27:30.536836+01:00] wc_store.WARNING: Could not retrieve ID for category: قمصان. Error: JSON ERROR: Syntax error [] []
[2026-03-21T15:27:30.691400+01:00] wc_store.ERROR: WooCommerce API Error (HTTP) fetching Featured Products: JSON ERROR: Syntax error [] []
[2026-03-21T15:27:31.975051+01:00] wc_store.WARNING: Could not retrieve ID for category: جاكيت. Error: JSON ERROR: Syntax error [] []
[2026-03-21T15:27:32.202779+01:00] wc_store.WARNING: Could not retrieve ID for category: جاكيتات. Error: JSON ERROR: Syntax error [] []
[2026-03-21T15:27:32.375526+01:00] wc_store.WARNING: Could not retrieve ID for category: ملابس صيفية. Error: JSON ERROR: Syntax error [] []
[2026-03-21T15:27:32.531509+01:00] wc_store.WARNING: Could not retrieve ID for category: قمصان. Error: JSON ERROR: Syntax error [] []
[2026-03-21T15:27:32.679231+01:00] wc_store.ERROR: WooCommerce API Error (HTTP) fetching Featured Products: JSON ERROR: Syntax error [] []
[2026-03-21T15:28:02.158426+01:00] wc_store.WARNING: Could not retrieve ID for category: جاكيت. Error: JSON ERROR: Syntax error [] []
[2026-03-21T15:28:02.364999+01:00] wc_store.WARNING: Could not retrieve ID for category: جاكيتات. Error: JSON ERROR: Syntax error [] []
[2026-03-21T15:28:02.559344+01:00] wc_store.WARNING: Could not retrieve ID for category: ملابس صيفية. Error: JSON ERROR: Syntax error [] []
[2026-03-21T15:28:02.755484+01:00] wc_store.WARNING: Could not retrieve ID for category: قمصان. Error: JSON ERROR: Syntax error [] []
[2026-03-21T15:28:02.917932+01:00] wc_store.ERROR: WooCommerce API Error (HTTP) fetching Featured Products: JSON ERROR: Syntax error [] []
[2026-03-21T15:28:09.962141+01:00] wc_store.WARNING: Could not retrieve ID for category: جاكيت. Error: JSON ERROR: Syntax error [] []
[2026-03-21T15:28:10.136004+01:00] wc_store.WARNING: Could not retrieve ID for category: جاكيتات. Error: JSON ERROR: Syntax error [] []
[2026-03-21T15:28:10.297930+01:00] wc_store.WARNING: Could not retrieve ID for category: ملابس صيفية. Error: JSON ERROR: Syntax error [] []
[2026-03-21T15:28:10.485013+01:00] wc_store.WARNING: Could not retrieve ID for category: قمصان. Error: JSON ERROR: Syntax error [] []
[2026-03-21T15:28:10.649656+01:00] wc_store.ERROR: WooCommerce API Error (HTTP) fetching Featured Products: JSON ERROR: Syntax error [] []
[2026-03-21T15:39:57.396697+01:00] wc_store.WARNING: Could not retrieve ID for category: جاكيت. Error: JSON ERROR: Syntax error [] []
[2026-03-21T15:39:57.596413+01:00] wc_store.WARNING: Could not retrieve ID for category: جاكيتات. Error: JSON ERROR: Syntax error [] []
[2026-03-21T15:39:57.738670+01:00] wc_store.WARNING: Could not retrieve ID for category: ملابس صيفية. Error: JSON ERROR: Syntax error [] []
[2026-03-21T15:39:57.874724+01:00] wc_store.WARNING: Could not retrieve ID for category: قمصان. Error: JSON ERROR: Syntax error [] []
[2026-03-21T15:39:58.038180+01:00] wc_store.ERROR: WooCommerce API Error (HTTP) fetching Featured Products: JSON ERROR: Syntax error [] []
[2026-03-21T15:40:03.426308+01:00] wc_store.WARNING: Could not retrieve ID for category: جاكيت. Error: JSON ERROR: Syntax error [] []
[2026-03-21T15:40:03.557741+01:00] wc_store.WARNING: Could not retrieve ID for category: جاكيتات. Error: JSON ERROR: Syntax error [] []
[2026-03-21T15:40:03.699004+01:00] wc_store.WARNING: Could not retrieve ID for category: ملابس صيفية. Error: JSON ERROR: Syntax error [] []
[2026-03-21T15:40:03.853530+01:00] wc_store.WARNING: Could not retrieve ID for category: قمصان. Error: JSON ERROR: Syntax error [] []
[2026-03-21T15:40:04.026641+01:00] wc_store.ERROR: WooCommerce API Error (HTTP) fetching Featured Products: JSON ERROR: Syntax error [] []
[2026-03-21T15:40:24.622337+01:00] wc_store.WARNING: Could not retrieve ID for category: جاكيت. Error: JSON ERROR: Syntax error [] []
[2026-03-21T15:40:24.914714+01:00] wc_store.WARNING: Could not retrieve ID for category: جاكيتات. Error: JSON ERROR: Syntax error [] []
[2026-03-21T15:40:25.110200+01:00] wc_store.WARNING: Could not retrieve ID for category: ملابس صيفية. Error: JSON ERROR: Syntax error [] []
[2026-03-21T15:40:25.283887+01:00] wc_store.WARNING: Could not retrieve ID for category: قمصان. Error: JSON ERROR: Syntax error [] []
[2026-03-21T15:40:25.554902+01:00] wc_store.ERROR: WooCommerce API Error (HTTP) fetching Featured Products: JSON ERROR: Syntax error [] []
[2026-03-21T15:47:43.254286+01:00] wc_store.WARNING: Could not retrieve ID for category: جاكيت. Error: JSON ERROR: Syntax error [] []
[2026-03-21T15:47:43.429817+01:00] wc_store.WARNING: Could not retrieve ID for category: جاكيتات. Error: JSON ERROR: Syntax error [] []
[2026-03-21T15:47:43.742839+01:00] wc_store.WARNING: Could not retrieve ID for category: ملابس صيفية. Error: JSON ERROR: Syntax error [] []
[2026-03-21T15:47:43.942264+01:00] wc_store.WARNING: Could not retrieve ID for category: قمصان. Error: JSON ERROR: Syntax error [] []
[2026-03-21T15:47:44.159223+01:00] wc_store.ERROR: WooCommerce API Error (HTTP) fetching Featured Products: JSON ERROR: Syntax error [] []
[2026-03-21T15:47:50.328498+01:00] wc_store.WARNING: Could not retrieve ID for category: جاكيت. Error: JSON ERROR: Syntax error [] []
[2026-03-21T15:47:50.701017+01:00] wc_store.WARNING: Could not retrieve ID for category: جاكيتات. Error: JSON ERROR: Syntax error [] []
[2026-03-21T15:47:50.885280+01:00] wc_store.WARNING: Could not retrieve ID for category: ملابس صيفية. Error: JSON ERROR: Syntax error [] []
[2026-03-21T15:47:51.106892+01:00] wc_store.WARNING: Could not retrieve ID for category: قمصان. Error: JSON ERROR: Syntax error [] []
[2026-03-21T15:47:51.280145+01:00] wc_store.ERROR: WooCommerce API Error (HTTP) fetching Featured Products: JSON ERROR: Syntax error [] []
[2026-03-21T15:47:54.250896+01:00] wc_store.WARNING: Could not retrieve ID for category: جاكيت. Error: JSON ERROR: Syntax error [] []
[2026-03-21T15:47:54.442569+01:00] wc_store.WARNING: Could not retrieve ID for category: جاكيتات. Error: JSON ERROR: Syntax error [] []
[2026-03-21T15:47:54.624305+01:00] wc_store.WARNING: Could not retrieve ID for category: ملابس صيفية. Error: JSON ERROR: Syntax error [] []
[2026-03-21T15:47:54.920165+01:00] wc_store.WARNING: Could not retrieve ID for category: قمصان. Error: JSON ERROR: Syntax error [] []
[2026-03-21T15:47:55.109330+01:00] wc_store.ERROR: WooCommerce API Error (HTTP) fetching Featured Products: JSON ERROR: Syntax error [] []
[2026-03-21T15:48:32.806264+01:00] wc_store.WARNING: Could not retrieve ID for category: جاكيت. Error: JSON ERROR: Syntax error [] []
[2026-03-21T15:48:32.970775+01:00] wc_store.WARNING: Could not retrieve ID for category: جاكيتات. Error: JSON ERROR: Syntax error [] []
[2026-03-21T15:48:33.139682+01:00] wc_store.WARNING: Could not retrieve ID for category: ملابس صيفية. Error: JSON ERROR: Syntax error [] []
[2026-03-21T15:48:33.298388+01:00] wc_store.WARNING: Could not retrieve ID for category: قمصان. Error: JSON ERROR: Syntax error [] []
[2026-03-21T15:48:33.482615+01:00] wc_store.ERROR: WooCommerce API Error (HTTP) fetching Featured Products: JSON ERROR: Syntax error [] []
[2026-03-21T15:48:38.654979+01:00] wc_store.WARNING: Could not retrieve ID for category: جاكيت. Error: JSON ERROR: Syntax error [] []
[2026-03-21T15:48:38.830170+01:00] wc_store.WARNING: Could not retrieve ID for category: جاكيتات. Error: JSON ERROR: Syntax error [] []
[2026-03-21T15:48:39.268384+01:00] wc_store.WARNING: Could not retrieve ID for category: ملابس صيفية. Error: JSON ERROR: Syntax error [] []
[2026-03-21T15:48:39.493230+01:00] wc_store.WARNING: Could not retrieve ID for category: قمصان. Error: JSON ERROR: Syntax error [] []
[2026-03-21T15:48:39.783071+01:00] wc_store.ERROR: WooCommerce API Error (HTTP) fetching Featured Products: JSON ERROR: Syntax error [] []
[2026-03-21T15:48:43.274669+01:00] wc_store.WARNING: Could not retrieve ID for category: جاكيت. Error: JSON ERROR: Syntax error [] []
[2026-03-21T15:48:43.521997+01:00] wc_store.WARNING: Could not retrieve ID for category: جاكيتات. Error: JSON ERROR: Syntax error [] []
[2026-03-21T15:48:43.776958+01:00] wc_store.WARNING: Could not retrieve ID for category: ملابس صيفية. Error: JSON ERROR: Syntax error [] []
[2026-03-21T15:48:43.994023+01:00] wc_store.WARNING: Could not retrieve ID for category: قمصان. Error: JSON ERROR: Syntax error [] []
[2026-03-21T15:48:44.175829+01:00] wc_store.ERROR: WooCommerce API Error (HTTP) fetching Featured Products: JSON ERROR: Syntax error [] []
[2026-03-21T15:49:14.810198+01:00] wc_store.WARNING: Could not retrieve ID for category: جاكيت. Error: JSON ERROR: Syntax error [] []
[2026-03-21T15:49:14.963576+01:00] wc_store.WARNING: Could not retrieve ID for category: جاكيتات. Error: JSON ERROR: Syntax error [] []
[2026-03-21T15:49:15.349843+01:00] wc_store.WARNING: Could not retrieve ID for category: ملابس صيفية. Error: JSON ERROR: Syntax error [] []
[2026-03-21T15:49:15.539397+01:00] wc_store.WARNING: Could not retrieve ID for category: قمصان. Error: JSON ERROR: Syntax error [] []
[2026-03-21T15:49:15.695553+01:00] wc_store.ERROR: WooCommerce API Error (HTTP) fetching Featured Products: JSON ERROR: Syntax error [] []
[2026-03-21T15:49:23.225939+01:00] wc_store.WARNING: Could not retrieve ID for category: جاكيت. Error: JSON ERROR: Syntax error [] []
[2026-03-21T15:49:23.387308+01:00] wc_store.WARNING: Could not retrieve ID for category: جاكيتات. Error: JSON ERROR: Syntax error [] []
[2026-03-21T15:49:23.541560+01:00] wc_store.WARNING: Could not retrieve ID for category: ملابس صيفية. Error: JSON ERROR: Syntax error [] []
[2026-03-21T15:49:23.700979+01:00] wc_store.WARNING: Could not retrieve ID for category: قمصان. Error: JSON ERROR: Syntax error [] []
[2026-03-21T15:49:23.867180+01:00] wc_store.ERROR: WooCommerce API Error (HTTP) fetching Featured Products: JSON ERROR: Syntax error [] []
[2026-03-21T16:03:54.714919+01:00] wc_store.WARNING: Could not retrieve ID for category: جاكيت. Error: JSON ERROR: Syntax error [] []
[2026-03-21T16:03:54.895779+01:00] wc_store.WARNING: Could not retrieve ID for category: جاكيتات. Error: JSON ERROR: Syntax error [] []
[2026-03-21T16:03:55.060142+01:00] wc_store.WARNING: Could not retrieve ID for category: ملابس صيفية. Error: JSON ERROR: Syntax error [] []
[2026-03-21T16:03:55.263301+01:00] wc_store.WARNING: Could not retrieve ID for category: قمصان. Error: JSON ERROR: Syntax error [] []
[2026-03-21T16:03:55.420308+01:00] wc_store.ERROR: WooCommerce API Error (HTTP) fetching Featured Products: JSON ERROR: Syntax error [] []
[2026-03-21T16:03:59.878395+01:00] wc_store.WARNING: Could not retrieve ID for category: جاكيت. Error: JSON ERROR: Syntax error [] []
[2026-03-21T16:04:00.093022+01:00] wc_store.WARNING: Could not retrieve ID for category: جاكيتات. Error: JSON ERROR: Syntax error [] []
[2026-03-21T16:04:00.351553+01:00] wc_store.WARNING: Could not retrieve ID for category: ملابس صيفية. Error: JSON ERROR: Syntax error [] []
[2026-03-21T16:04:00.590115+01:00] wc_store.WARNING: Could not retrieve ID for category: قمصان. Error: JSON ERROR: Syntax error [] []
[2026-03-21T16:04:00.819239+01:00] wc_store.ERROR: WooCommerce API Error (HTTP) fetching Featured Products: JSON ERROR: Syntax error [] []
[2026-03-21T16:20:44.656968+01:00] wc_store.WARNING: Could not retrieve ID for category: جاكيت. Error: JSON ERROR: Syntax error [] []
[2026-03-21T16:20:44.894396+01:00] wc_store.WARNING: Could not retrieve ID for category: جاكيتات. Error: JSON ERROR: Syntax error [] []
[2026-03-21T16:20:45.065923+01:00] wc_store.WARNING: Could not retrieve ID for category: ملابس صيفية. Error: JSON ERROR: Syntax error [] []
[2026-03-21T16:20:45.245190+01:00] wc_store.WARNING: Could not retrieve ID for category: قمصان. Error: JSON ERROR: Syntax error [] []
[2026-03-21T16:20:45.470181+01:00] wc_store.ERROR: WooCommerce API Error (HTTP) fetching Featured Products: JSON ERROR: Syntax error [] []
[2026-03-21T16:20:50.806634+01:00] wc_store.WARNING: Could not retrieve ID for category: جاكيت. Error: JSON ERROR: Syntax error [] []
[2026-03-21T16:20:51.463341+01:00] wc_store.WARNING: Could not retrieve ID for category: جاكيتات. Error: JSON ERROR: Syntax error [] []
[2026-03-21T16:20:51.807948+01:00] wc_store.WARNING: Could not retrieve ID for category: ملابس صيفية. Error: JSON ERROR: Syntax error [] []
[2026-03-21T16:20:52.147005+01:00] wc_store.WARNING: Could not retrieve ID for category: قمصان. Error: JSON ERROR: Syntax error [] []
[2026-03-21T16:20:52.626573+01:00] wc_store.ERROR: WooCommerce API Error (HTTP) fetching Featured Products: JSON ERROR: Syntax error [] []
[2026-03-21T16:23:52.706649+01:00] wc_store.WARNING: Could not retrieve ID for category: جاكيت. Error: JSON ERROR: Syntax error [] []
[2026-03-21T16:23:54.542940+01:00] wc_store.WARNING: Could not retrieve ID for category: جاكيتات. Error: JSON ERROR: Syntax error [] []
[2026-03-21T16:23:56.268584+01:00] wc_store.WARNING: Could not retrieve ID for category: ملابس صيفية. Error: JSON ERROR: Syntax error [] []
[2026-03-21T16:23:57.734342+01:00] wc_store.WARNING: Could not retrieve ID for category: قمصان. Error: JSON ERROR: Syntax error [] []
[2026-03-21T16:23:58.915054+01:00] wc_store.ERROR: WooCommerce API Error (HTTP) fetching Featured Products: JSON ERROR: Syntax error [] []
[2026-03-21T16:24:09.744065+01:00] wc_store.WARNING: Could not retrieve ID for category: جاكيت. Error: JSON ERROR: Syntax error [] []
[2026-03-21T16:24:12.477573+01:00] wc_store.WARNING: Could not retrieve ID for category: جاكيتات. Error: JSON ERROR: Syntax error [] []
[2026-03-21T16:24:15.414771+01:00] wc_store.WARNING: Could not retrieve ID for category: ملابس صيفية. Error: JSON ERROR: Syntax error [] []
[2026-03-21T16:24:16.663971+01:00] wc_store.WARNING: Could not retrieve ID for category: قمصان. Error: JSON ERROR: Syntax error [] []
[2026-03-21T16:24:17.338517+01:00] wc_store.ERROR: WooCommerce API Error (HTTP) fetching Featured Products: JSON ERROR: Syntax error [] []
[2026-03-21T16:27:33.196484+01:00] wc_store.WARNING: Could not retrieve ID for category: جاكيت. Error: JSON ERROR: Syntax error [] []
[2026-03-21T16:27:33.469757+01:00] wc_store.WARNING: Could not retrieve ID for category: جاكيتات. Error: JSON ERROR: Syntax error [] []
[2026-03-21T16:27:33.754403+01:00] wc_store.WARNING: Could not retrieve ID for category: ملابس صيفية. Error: JSON ERROR: Syntax error [] []
[2026-03-21T16:27:33.981196+01:00] wc_store.WARNING: Could not retrieve ID for category: قمصان. Error: JSON ERROR: Syntax error [] []
[2026-03-21T16:27:34.402294+01:00] wc_store.ERROR: WooCommerce API Error (HTTP) fetching Featured Products: JSON ERROR: Syntax error [] []
[2026-03-21T16:37:11.164659+01:00] wc_store.WARNING: Could not retrieve ID for category: جاكيت. Error: JSON ERROR: Syntax error [] []
[2026-03-21T16:37:11.370415+01:00] wc_store.WARNING: Could not retrieve ID for category: جاكيتات. Error: JSON ERROR: Syntax error [] []
[2026-03-21T16:37:11.590521+01:00] wc_store.WARNING: Could not retrieve ID for category: ملابس صيفية. Error: JSON ERROR: Syntax error [] []
[2026-03-21T16:37:11.834076+01:00] wc_store.WARNING: Could not retrieve ID for category: قمصان. Error: JSON ERROR: Syntax error [] []
[2026-03-21T16:37:12.085622+01:00] wc_store.ERROR: WooCommerce API Error (HTTP) fetching Featured Products: JSON ERROR: Syntax error [] []
[2026-03-21T16:37:17.074860+01:00] wc_store.WARNING: Could not retrieve ID for category: جاكيت. Error: JSON ERROR: Syntax error [] []
[2026-03-21T16:37:17.403030+01:00] wc_store.WARNING: Could not retrieve ID for category: جاكيتات. Error: JSON ERROR: Syntax error [] []
[2026-03-21T16:37:17.665705+01:00] wc_store.WARNING: Could not retrieve ID for category: ملابس صيفية. Error: JSON ERROR: Syntax error [] []
[2026-03-21T16:37:17.904474+01:00] wc_store.WARNING: Could not retrieve ID for category: قمصان. Error: JSON ERROR: Syntax error [] []
[2026-03-21T16:37:18.110155+01:00] wc_store.ERROR: WooCommerce API Error (HTTP) fetching Featured Products: JSON ERROR: Syntax error [] []
[2026-03-21T16:49:04.501088+01:00] wc_store.WARNING: Could not retrieve ID for category: جاكيت. Error: JSON ERROR: Syntax error [] []
[2026-03-21T16:49:04.815739+01:00] wc_store.WARNING: Could not retrieve ID for category: جاكيتات. Error: JSON ERROR: Syntax error [] []
[2026-03-21T16:49:05.084362+01:00] wc_store.WARNING: Could not retrieve ID for category: ملابس صيفية. Error: JSON ERROR: Syntax error [] []
[2026-03-21T16:49:05.334852+01:00] wc_store.WARNING: Could not retrieve ID for category: قمصان. Error: JSON ERROR: Syntax error [] []
[2026-03-21T16:49:05.526756+01:00] wc_store.ERROR: WooCommerce API Error (HTTP) fetching Featured Products: JSON ERROR: Syntax error [] []
[2026-03-21T16:49:15.195429+01:00] wc_store.WARNING: Could not retrieve ID for category: جاكيت. Error: JSON ERROR: Syntax error [] []
[2026-03-21T16:49:15.661723+01:00] wc_store.WARNING: Could not retrieve ID for category: جاكيتات. Error: JSON ERROR: Syntax error [] []
[2026-03-21T16:49:15.887667+01:00] wc_store.WARNING: Could not retrieve ID for category: ملابس صيفية. Error: JSON ERROR: Syntax error [] []
[2026-03-21T16:49:16.139190+01:00] wc_store.WARNING: Could not retrieve ID for category: قمصان. Error: JSON ERROR: Syntax error [] []
[2026-03-21T16:49:16.350881+01:00] wc_store.ERROR: WooCommerce API Error (HTTP) fetching Featured Products: JSON ERROR: Syntax error [] []
[2026-03-21T16:49:21.322588+01:00] wc_store.WARNING: Could not retrieve ID for category: جاكيت. Error: JSON ERROR: Syntax error [] []
[2026-03-21T16:49:21.586890+01:00] wc_store.WARNING: Could not retrieve ID for category: جاكيتات. Error: JSON ERROR: Syntax error [] []
[2026-03-21T16:49:21.768306+01:00] wc_store.WARNING: Could not retrieve ID for category: ملابس صيفية. Error: JSON ERROR: Syntax error [] []
[2026-03-21T16:49:21.937323+01:00] wc_store.WARNING: Could not retrieve ID for category: قمصان. Error: JSON ERROR: Syntax error [] []
[2026-03-21T16:49:22.165885+01:00] wc_store.ERROR: WooCommerce API Error (HTTP) fetching Featured Products: JSON ERROR: Syntax error [] []
